zone,model,day_cet,hours,gross_margin_eur,degradation_eur,net_margin_eur,oracle_gap_eur,mae_eur_mwh
DE-LU,latest_same_hour,2024-01-09,24,60.854379398117544,18.486832980505135,42.3675464176124,22.032490207102,23.067916666666672
DE-LU,seven_day_same_hour,2024-01-09,24,69.88265061112831,18.973665961010276,50.90898465011803,13.491051974596374,42.78005952380952
DE-LU,perfect_foresight,2024-01-09,24,101.37370258572469,36.973665961010276,64.4000366247144,0.0,0.0
DE-LU,latest_same_hour,2024-01-10,24,114.16538402840342,36.973665961010276,77.19171806739314,0.5876211645653484,9.609583333333335
DE-LU,seven_day_same_hour,2024-01-10,24,76.5920245921917,18.973665961010276,57.61835863118142,20.160980600777066,32.93208333333333
DE-LU,perfect_foresight,2024-01-10,24,114.75300519296877,36.973665961010276,77.77933923195849,0.0,0.0
DE-LU,latest_same_hour,2024-01-11,24,119.13020939887315,36.973665961010276,82.15654343786287,11.262438663401838,3.7800000000000016
DE-LU,seven_day_same_hour,2024-01-11,24,81.93361231959103,18.973665961010276,62.95994635858075,30.45903574268395,22.69494047619047
DE-LU,perfect_foresight,2024-01-11,24,131.3663140232852,37.94733192202055,93.4189821012647,0.0,0.0
DE-LU,latest_same_hour,2024-01-12,24,99.59340344588855,36.973665961010276,62.61973748487827,3.7111623050267326,7.5945833333333335
DE-LU,seven_day_same_hour,2024-01-12,24,60.79145334004011,18.973665961010276,41.81778737902985,24.513112410875152,10.303750000000003
DE-LU,perfect_foresight,2024-01-12,24,95.30456575091529,28.973665961010276,66.330899789905,0.0,0.0
DE-LU,latest_same_hour,2024-01-13,24,3.1471682564093157,37.94733192202055,-34.80016366561122,44.090754635345405,35.080000000000005
DE-LU,seven_day_same_hour,2024-01-13,24,-3.6334321969942778,18.973665961010276,-22.607098158004547,31.89768912773873,25.751428571428573
DE-LU,perfect_foresight,2024-01-13,24,18.777423950239324,9.486832980505138,9.290590969734183,0.0,0.0
DE-LU,latest_same_hour,2024-01-14,24,16.17737922070222,28.973665961010276,-12.796286740308062,36.535457133924396,29.890416666666667
DE-LU,seven_day_same_hour,2024-01-14,24,30.244914659203687,28.973665961010276,1.2712486981934035,22.46792169542293,25.875416666666666
DE-LU,perfect_foresight,2024-01-14,24,42.226003374121476,18.486832980505135,23.739170393616334,0.0,0.0
DE-LU,latest_same_hour,2024-01-15,24,-26.458107323314238,9.486832980505138,-35.94494030381938,72.15595460533567,19.86375
DE-LU,seven_day_same_hour,2024-01-15,24,58.848529647313256,28.973665961010276,29.874863686302973,6.336150615213313,13.510535714285716
DE-LU,perfect_foresight,2024-01-15,24,55.18468026252657,18.973665961010276,36.211014301516286,0.0,0.0
DE-LU,latest_same_hour,2024-01-16,24,72.98568777828771,18.486832980505135,54.49885479778257,52.93572942568434,24.983750000000004
DE-LU,seven_day_same_hour,2024-01-16,24,116.70426929780643,28.973665961010276,87.73060333679615,19.703980886670763,7.321190476190478
DE-LU,perfect_foresight,2024-01-16,24,145.38191614548748,37.94733192202055,107.43458422346691,0.0,0.0
DE-LU,latest_same_hour,2024-01-17,24,63.628793995486205,18.973665961010276,44.65512803447595,29.74439499232267,13.936666666666667
DE-LU,seven_day_same_hour,2024-01-17,24,50.634388116297885,28.973665961010276,21.660722155287658,52.73880087151096,12.72107142857143
DE-LU,perfect_foresight,2024-01-17,24,93.3731889878089,18.973665961010276,74.39952302679862,0.0,0.0
DE-LU,latest_same_hour,2024-01-18,24,89.08285149967327,37.94733192202055,51.13551957765276,8.44175281649808,8.451666666666666
DE-LU,seven_day_same_hour,2024-01-18,24,80.18829119317866,36.973665961010276,43.21462523216837,16.362647161982466,6.631726190476191
DE-LU,perfect_foresight,2024-01-18,24,78.55093835516112,18.973665961010276,59.57727239415084,0.0,0.0
DE-LU,latest_same_hour,2024-01-19,24,34.420215508420995,18.973665961010276,15.446549547410712,29.5776658738111,22.21375
DE-LU,seven_day_same_hour,2024-01-19,24,61.20375534708921,27.973665961010276,33.23008938607893,11.794126035142881,14.869821428571427
DE-LU,perfect_foresight,2024-01-19,24,73.9978813822321,28.973665961010276,45.02421542122181,0.0,0.0
DE-LU,latest_same_hour,2024-01-20,24,6.2981851067789165,18.973665961010276,-12.675480854231367,40.49519232343037,19.074166666666667
DE-LU,seven_day_same_hour,2024-01-20,24,23.707335182617612,18.973665961010276,4.733669221607357,23.08604224759165,17.30136904761905
DE-LU,perfect_foresight,2024-01-20,24,46.79337743020929,18.973665961010276,27.819711469199007,0.0,0.0
DE-LU,latest_same_hour,2024-01-21,24,18.478872411612045,28.973665961010276,-10.494793549398224,36.772509760431916,28.250833333333333
DE-LU,seven_day_same_hour,2024-01-21,24,9.290254568464292,18.973665961010276,-9.683411392545992,35.96112760357968,36.77113095238095
DE-LU,perfect_foresight,2024-01-21,24,53.27771621103369,26.999999999999996,26.27771621103369,0.0,0.0
DE-LU,latest_same_hour,2024-01-22,24,67.8333270493871,18.973665961010276,48.859661088376825,34.39770659557773,23.825
DE-LU,seven_day_same_hour,2024-01-22,24,82.13436507932688,18.973665961010276,63.160699118316614,20.09666856563794,37.06339285714285
DE-LU,perfect_foresight,2024-01-22,24,111.23103364496481,27.973665961010273,83.25736768395456,0.0,0.0
DE-LU,latest_same_hour,2024-01-23,24,4.087790057694036,26.999999999999996,-22.912209942305964,121.95086577684008,22.71666666666667
DE-LU,seven_day_same_hour,2024-01-23,24,114.77424686711788,27.973665961010276,86.80058090610763,12.238074928426485,30.916547619047616
DE-LU,perfect_foresight,2024-01-23,24,128.01232179554438,28.973665961010276,99.03865583453411,0.0,0.0
DE-LU,latest_same_hour,2024-01-24,24,69.5132689267428,27.973665961010273,41.539602965732556,6.965905666263225,16.714166666666667
DE-LU,seven_day_same_hour,2024-01-24,24,66.3337068966631,18.973665961010276,47.36004093565282,1.145467696342962,44.84113095238095
DE-LU,perfect_foresight,2024-01-24,24,75.99234161250092,27.486832980505135,48.50550863199578,0.0,0.0
DE-LU,latest_same_hour,2024-01-25,24,93.5309441828202,28.973665961010276,64.55727822180992,18.281664444289618,25.731666666666666
DE-LU,seven_day_same_hour,2024-01-25,24,100.13091462673765,18.973665961010276,81.15724866572737,1.6816940003721754,10.078988095238094
DE-LU,perfect_foresight,2024-01-25,24,101.81260862710982,18.973665961010276,82.83894266609954,0.0,0.0
DE-LU,latest_same_hour,2024-01-26,24,15.748380653294163,27.486832980505135,-11.738452327210979,29.078341443202135,26.102500000000003
DE-LU,seven_day_same_hour,2024-01-26,24,14.561256030451887,27.973665961010276,-13.412409930558397,30.752299046549552,11.277023809523811
DE-LU,perfect_foresight,2024-01-26,24,44.339889115991156,26.999999999999996,17.339889115991156,0.0,0.0
DE-LU,latest_same_hour,2024-01-27,24,43.450776901781296,18.973665961010276,24.477110940771013,7.13782055361051,14.509166666666664
DE-LU,seven_day_same_hour,2024-01-27,24,44.8625888710272,18.973665961010276,25.888922910016916,5.726008584364607,11.238452380952381
DE-LU,perfect_foresight,2024-01-27,24,68.10176447488666,36.486832980505135,31.614931494381523,0.0,0.0
DE-LU,latest_same_hour,2024-01-28,24,14.88548302796272,26.999999999999996,-12.11451697203728,43.99875993481689,7.72125
DE-LU,seven_day_same_hour,2024-01-28,24,19.30501261445557,18.973665961010276,0.33134665344529424,31.552896309334315,11.91958333333333
DE-LU,perfect_foresight,2024-01-28,24,51.371075943284765,19.486832980505138,31.88424296277961,0.0,0.0
DE-LU,latest_same_hour,2024-01-29,24,119.94640605150408,36.486832980505135,83.45957307099894,10.130767379611825,15.403333333333334
DE-LU,seven_day_same_hour,2024-01-29,24,110.34295696761583,27.973665961010276,82.36929100660555,11.221049444005217,25.162380952380953
DE-LU,perfect_foresight,2024-01-29,24,131.53767237263133,37.94733192202055,93.59034045061077,0.0,0.0
DE-LU,latest_same_hour,2024-01-30,24,8.427103413876438,19.486832980505138,-11.059729566628704,41.81134836990168,18.688750000000002
DE-LU,seven_day_same_hour,2024-01-30,24,48.68126716465767,27.973665961010276,20.707601203647386,10.04401759962559,20.80803571428572
DE-LU,perfect_foresight,2024-01-30,24,68.2121177447884,37.46049894151541,30.751618803272976,0.0,0.0
DE-LU,latest_same_hour,2024-01-31,24,106.83974622027955,37.94733192202055,68.89241429825901,18.543997076024766,20.080833333333334
DE-LU,seven_day_same_hour,2024-01-31,24,93.42019347923306,28.973665961010276,64.44652751822278,22.989883856061,18.535416666666666
DE-LU,perfect_foresight,2024-01-31,24,124.41007733529406,36.973665961010276,87.43641137428378,0.0,0.0
DE-LU,latest_same_hour,2024-02-01,24,91.69608093350092,37.46049894151541,54.23558199198547,7.403890803051922,9.462916666666667
DE-LU,seven_day_same_hour,2024-02-01,24,80.89600459074464,28.973665961010276,51.922338629734355,9.717134165303037,8.641309523809523
DE-LU,perfect_foresight,2024-02-01,24,98.12630577554253,36.486832980505135,61.63947279503739,0.0,0.0
DE-LU,latest_same_hour,2024-02-02,24,66.0060522564317,36.973665961010276,29.032386295421418,24.012536371260154,14.343333333333334
DE-LU,seven_day_same_hour,2024-02-02,24,53.61612580398234,36.973665961010276,16.642459842972073,36.4024628237095,12.664583333333331
DE-LU,perfect_foresight,2024-02-02,24,81.01858862769186,27.973665961010276,53.04492266668157,0.0,0.0
DE-LU,latest_same_hour,2024-02-03,24,93.81617086301267,36.486832980505135,57.32933788250753,11.767164508153769,36.065416666666664
DE-LU,seven_day_same_hour,2024-02-03,24,78.07549731121685,37.94733192202055,40.1281653891963,28.968337001465002,34.58571428571429
DE-LU,perfect_foresight,2024-02-03,24,116.04383431268184,46.94733192202055,69.0965023906613,0.0,0.0
DE-LU,latest_same_hour,2024-02-04,24,38.74130869852986,27.973665961010276,10.767642737519584,73.29489099160072,46.88375
DE-LU,seven_day_same_hour,2024-02-04,24,68.13209870143737,37.94733192202055,30.184766779416826,53.87776694970348,56.12660714285713
DE-LU,perfect_foresight,2024-02-04,24,112.5230326706357,28.460498941515414,84.0625337291203,0.0,0.0
DE-LU,latest_same_hour,2024-02-05,24,139.95348029451202,46.94733192202055,93.00614837249148,57.46764575576921,13.616249999999999
DE-LU,seven_day_same_hour,2024-02-05,24,181.20906655794803,36.973665961010276,144.23540059693775,6.2383935313229415,30.43779761904762
DE-LU,perfect_foresight,2024-02-05,24,187.93429306977612,37.46049894151541,150.4737941282607,0.0,0.0
DE-LU,latest_same_hour,2024-02-06,24,26.701847095448343,28.460498941515414,-1.7586518460670817,87.4597417765667,30.53708333333334
DE-LU,seven_day_same_hour,2024-02-06,24,74.50492388533388,28.973665961010276,45.531257924323626,40.169832006175994,14.941309523809528
DE-LU,perfect_foresight,2024-02-06,24,123.64842185252019,37.94733192202055,85.70108993049962,0.0,0.0
DE-LU,latest_same_hour,2024-02-07,24,109.78202770372786,37.46049894151541,72.32152876221247,32.84853740235148,43.31875
DE-LU,seven_day_same_hour,2024-02-07,24,100.2061184200079,37.46049894151541,62.74561947849247,42.42444668607148,26.31767857142857
DE-LU,perfect_foresight,2024-02-07,24,124.14373212557423,18.973665961010276,105.17006616456395,0.0,0.0
DE-LU,latest_same_hour,2024-02-08,24,47.1715607383787,37.94733192202055,9.224228816358135,60.6831743294329,43.40291666666667
DE-LU,seven_day_same_hour,2024-02-08,24,71.75281277625186,45.97366596101027,25.779146815241575,44.12825633054946,39.89821428571428
DE-LU,perfect_foresight,2024-02-08,24,88.88106910680132,18.973665961010276,69.90740314579104,0.0,0.0
DE-LU,latest_same_hour,2024-02-09,24,47.20120386928241,18.973665961010276,28.227537908272154,6.15864787372621,14.388333333333335
DE-LU,seven_day_same_hour,2024-02-09,24,32.79448377820651,45.97366596101027,-13.179182182803771,47.565367964802135,21.26958333333333
DE-LU,perfect_foresight,2024-02-09,24,53.35985174300865,18.973665961010276,34.386185781998364,0.0,0.0
DE-LU,latest_same_hour,2024-02-10,24,14.924771915623452,18.973665961010276,-4.048894045386831,19.06370284732219,16.568333333333335
DE-LU,seven_day_same_hour,2024-02-10,24,38.72648784580963,37.94733192202055,0.7791559237890624,14.235652878146297,20.499166666666667
DE-LU,perfect_foresight,2024-02-10,24,33.98847476294564,18.973665961010276,15.01480880193536,0.0,0.0
DE-LU,latest_same_hour,2024-02-11,24,37.070834967663416,18.973665961010276,18.097169006653132,2.8709069031776835,8.55625
DE-LU,seven_day_same_hour,2024-02-11,24,3.056733792397125,36.973665961010276,-33.91693216861316,54.885008078443974,11.208809523809526
DE-LU,perfect_foresight,2024-02-11,24,30.454908890335957,9.486832980505138,20.968075909830816,0.0,0.0
DE-LU,latest_same_hour,2024-02-12,24,46.90255637067811,18.973665961010276,27.928890409667844,42.21325323826326,6.522499999999998
DE-LU,seven_day_same_hour,2024-02-12,24,83.7015345807672,28.973665961010276,54.72786861975692,15.414275028174188,16.69279761904762
DE-LU,perfect_foresight,2024-02-12,24,108.08947556995167,37.94733192202055,70.1421436479311,0.0,0.0
DE-LU,latest_same_hour,2024-02-13,24,31.254742339249553,9.486832980505138,21.76790935874441,28.881217363792707,10.97375
DE-LU,seven_day_same_hour,2024-02-13,24,74.89384620327226,28.973665961010276,45.92018024226198,4.728946480275141,8.059166666666668
DE-LU,perfect_foresight,2024-02-13,24,88.59645864455769,37.94733192202055,50.64912672253712,0.0,0.0
DE-LU,latest_same_hour,2024-02-14,24,38.08903649292779,37.94733192202055,0.14170457090722266,19.19840464529085,7.864999999999999
DE-LU,seven_day_same_hour,2024-02-14,24,36.739193560344816,18.973665961010276,17.765527599334533,1.57458161686354,4.7577976190476186
DE-LU,perfect_foresight,2024-02-14,24,46.826942196703214,27.486832980505135,19.340109216198073,0.0,0.0
DE-LU,latest_same_hour,2024-02-15,24,52.97113703147474,37.94733192202055,15.023805109454173,5.664670740357124,5.430833333333332
DE-LU,seven_day_same_hour,2024-02-15,24,47.859413698063946,27.973665961010276,19.885747737053663,0.8027281127576344,5.440238095238095
DE-LU,perfect_foresight,2024-02-15,24,39.66214181082158,18.973665961010276,20.688475849811297,0.0,0.0
DE-LU,latest_same_hour,2024-02-16,24,42.09262823116799,27.486832980505135,14.605795250662851,1.3797666111059073,7.103750000000001
DE-LU,seven_day_same_hour,2024-02-16,24,37.20516731147583,28.973665961010276,8.231501350465578,7.75406051130318,11.57482142857143
DE-LU,perfect_foresight,2024-02-16,24,53.44606080328417,37.46049894151541,15.985561861768758,0.0,0.0
DE-LU,latest_same_hour,2024-02-17,24,55.86779397722407,18.973665961010276,36.89412801621381,4.611468183013557,10.544166666666667
DE-LU,seven_day_same_hour,2024-02-17,24,58.360281259363035,18.973665961010276,39.38661529835275,2.118980900874618,7.092738095238097
DE-LU,perfect_foresight,2024-02-17,24,59.99242917973251,18.486832980505135,41.50559619922737,0.0,0.0
DE-LU,latest_same_hour,2024-02-18,24,33.33448589616356,37.46049894151541,-4.126013045351854,31.800321107162304,9.324166666666668
DE-LU,seven_day_same_hour,2024-02-18,24,30.86636357883927,27.973665961010276,2.8926976178289863,24.781610443981464,15.631785714285714
DE-LU,perfect_foresight,2024-02-18,24,55.647974022820705,27.973665961010276,27.67430806181045,0.0,0.0
DE-LU,latest_same_hour,2024-02-19,24,59.16248615874889,18.486832980505135,40.67565317824378,7.788888888888891,9.7675
DE-LU,seven_day_same_hour,2024-02-19,24,71.54565194132931,27.973665961010276,43.57198598031903,4.8925560868136415,5.896011904761903
DE-LU,perfect_foresight,2024-02-19,24,76.95137504763778,28.486832980505135,48.46454206713267,0.0,0.0
DE-LU,latest_same_hour,2024-02-20,24,20.93102427185633,27.973665961010276,-7.042641689153953,56.085098158992366,10.89875
DE-LU,seven_day_same_hour,2024-02-20,24,55.881506032467655,28.973665961010276,26.9078400714574,22.134616398381013,7.817678571428573
DE-LU,perfect_foresight,2024-02-20,24,86.50295541135381,37.46049894151541,49.04245646983841,0.0,0.0
DE-LU,latest_same_hour,2024-02-21,24,62.5689440520749,28.486832980505135,34.08211107156977,23.738560494055562,9.353333333333333
DE-LU,seven_day_same_hour,2024-02-21,24,73.22855704490968,28.486832980505135,44.741724064404536,13.078947501220796,10.368273809523808
DE-LU,perfect_foresight,2024-02-21,24,94.7943375266356,36.973665961010276,57.82067156562533,0.0,0.0
DE-LU,latest_same_hour,2024-02-22,24,72.3583053253962,37.46049894151541,34.89780638388078,65.67735164059101,17.65416666666667
DE-LU,seven_day_same_hour,2024-02-22,24,77.82544289728679,28.486832980505135,49.33860991678165,51.23654810769014,19.209821428571427
DE-LU,perfect_foresight,2024-02-22,24,119.54882398548207,18.973665961010276,100.57515802447179,0.0,0.0
DE-LU,latest_same_hour,2024-02-23,24,93.10544434304137,36.973665961010276,56.13177838203109,34.64660221647655,25.906666666666666
DE-LU,seven_day_same_hour,2024-02-23,24,118.17974554506011,36.486832980505135,81.692912564555,9.085468033952637,21.965892857142858
DE-LU,perfect_foresight,2024-02-23,24,128.23887954002305,37.46049894151541,90.77838059850764,0.0,0.0
DE-LU,latest_same_hour,2024-02-24,24,1.3653153900106414,18.973665961010276,-17.608350570999633,69.30550936298955,24.0825
DE-LU,seven_day_same_hour,2024-02-24,24,58.35467366433234,28.973665961010276,29.38100770332207,22.31615108866785,9.029583333333333
DE-LU,perfect_foresight,2024-02-24,24,80.15765773350532,28.460498941515414,51.69715879198992,0.0,0.0
DE-LU,latest_same_hour,2024-02-25,24,58.26812734099434,37.46049894151541,20.807628399478915,17.04284602585699,19.075
DE-LU,seven_day_same_hour,2024-02-25,24,58.43538421497661,36.973665961010276,21.461718253966353,16.38875617136955,8.377142857142857
DE-LU,perfect_foresight,2024-02-25,24,56.33730740584102,18.486832980505135,37.850474425335904,0.0,0.0
DE-LU,latest_same_hour,2024-02-26,24,22.79047373185429,28.460498941515414,-5.670025209661134,36.89715298155174,11.154166666666663
DE-LU,seven_day_same_hour,2024-02-26,24,68.97426315381678,37.94733192202055,31.026931231796212,0.20019654009439591,10.394642857142857
DE-LU,perfect_foresight,2024-02-26,24,68.687626713406,37.46049894151541,31.227127771890608,0.0,0.0
DE-LU,latest_same_hour,2024-02-27,24,67.26760774507939,18.486832980505135,48.78077476457425,46.78915588726481,12.742499999999998
DE-LU,seven_day_same_hour,2024-02-27,24,122.24070024368235,37.94733192202055,84.2933683216618,11.276562330177256,16.83267857142857
DE-LU,perfect_foresight,2024-02-27,24,133.51726257385957,37.94733192202055,95.56993065183906,0.0,0.0
DE-LU,latest_same_hour,2024-02-28,24,99.58167282178981,37.46049894151541,62.121173880274384,19.57611167176485,7.17125
DE-LU,seven_day_same_hour,2024-02-28,24,115.32443229225649,37.94733192202055,77.37710037023595,4.320185181803282,14.677738095238093
DE-LU,perfect_foresight,2024-02-28,24,119.6446174740598,37.94733192202055,81.69728555203923,0.0,0.0
DE-LU,latest_same_hour,2024-02-29,24,69.05070897710792,37.94733192202055,31.10337705508735,1.3106975428046326,10.632499999999999
DE-LU,seven_day_same_hour,2024-02-29,24,68.89329964674458,37.94733192202055,30.945967724724014,1.4681068731679687,4.886130952380953
DE-LU,perfect_foresight,2024-02-29,24,69.87457353940741,37.46049894151541,32.41407459789198,0.0,0.0
DE-LU,latest_same_hour,2024-03-01,24,55.355259536359995,37.94733192202055,17.407927614339428,9.947203660442312,6.400416666666666
DE-LU,seven_day_same_hour,2024-03-01,24,62.83461889754739,37.94733192202055,24.887286975526848,2.4678442992548923,10.317142857142857
DE-LU,perfect_foresight,2024-03-01,24,56.328797235791995,28.973665961010276,27.35513127478174,0.0,0.0
DE-LU,latest_same_hour,2024-03-02,24,45.30800588546256,37.46049894151541,7.847506943947167,31.316002699889907,4.761666666666668
DE-LU,seven_day_same_hour,2024-03-02,24,58.53552834957836,37.94733192202055,20.58819642755779,18.575313216279284,5.787500000000001
DE-LU,perfect_foresight,2024-03-02,24,58.13717560484736,18.973665961010276,39.163509643837074,0.0,0.0
DE-LU,latest_same_hour,2024-03-03,24,19.895054123978184,28.973665961010276,-9.0786118370321,37.045583254237336,11.861249999999998
DE-LU,seven_day_same_hour,2024-03-03,24,28.001529286395296,37.94733192202055,-9.94580263562527,37.91277405283051,9.294464285714284
DE-LU,perfect_foresight,2024-03-03,24,37.45380439771038,9.486832980505138,27.966971417205237,0.0,0.0
DE-LU,latest_same_hour,2024-03-04,24,57.660189231144216,18.973665961010276,38.68652327013393,39.951535134345676,11.669166666666667
DE-LU,seven_day_same_hour,2024-03-04,24,114.71417333782941,37.94733192202055,76.76684141580886,1.8712169886707528,8.53714285714286
DE-LU,perfect_foresight,2024-03-04,24,116.58539032650017,37.94733192202055,78.63805840447961,0.0,0.0
DE-LU,latest_same_hour,2024-03-05,24,37.596343205287255,9.486832980505138,28.109510224782113,20.492742620097076,14.178333333333333
DE-LU,seven_day_same_hour,2024-03-05,24,81.48470365432817,37.94733192202055,43.537371732307605,5.064881112571584,7.582857142857144
DE-LU,perfect_foresight,2024-03-05,24,67.57591880588944,18.973665961010276,48.60225284487919,0.0,0.0
DE-LU,latest_same_hour,2024-03-06,24,130.76295125145202,37.94733192202055,92.81561932943146,1.8314945738147799,6.947083333333334
DE-LU,seven_day_same_hour,2024-03-06,24,131.91339246370717,37.94733192202055,93.9660605416866,0.6810533615596341,14.198809523809524
DE-LU,perfect_foresight,2024-03-06,24,132.5944458252668,37.94733192202055,94.64711390324624,0.0,0.0
DE-LU,latest_same_hour,2024-03-07,24,40.98402830293509,18.973665961010276,22.010362341924804,43.838699004792204,8.420416666666666
DE-LU,seven_day_same_hour,2024-03-07,24,103.07247896233531,37.94733192202055,65.12514704031474,0.7239143064022642,7.94440476190476
DE-LU,perfect_foresight,2024-03-07,24,103.30956028823243,37.46049894151541,65.84906134671701,0.0,0.0
DE-LU,latest_same_hour,2024-03-08,24,168.05458864792973,37.94733192202055,130.10725672590917,0.7824353643048312,20.50583333333333
DE-LU,seven_day_same_hour,2024-03-08,24,168.09299436083626,37.94733192202055,130.14566243881572,0.7440296513982787,14.482559523809522
DE-LU,perfect_foresight,2024-03-08,24,168.3501910317294,37.46049894151541,130.889692090214,0.0,0.0
DE-LU,latest_same_hour,2024-03-09,24,136.03246141947196,37.46049894151541,98.57196247795653,17.658986823849446,30.713333333333335
DE-LU,seven_day_same_hour,2024-03-09,24,136.40899968361597,37.94733192202055,98.46166776159541,17.76928154021057,26.58238095238096
DE-LU,perfect_foresight,2024-03-09,24,144.20461526281622,27.973665961010273,116.23094930180598,0.0,0.0
DE-LU,latest_same_hour,2024-03-10,24,118.89936461091845,37.46049894151541,81.43886566940303,26.96122204985302,28.3325
DE-LU,seven_day_same_hour,2024-03-10,24,118.58277701530574,37.94733192202055,80.63544509328518,27.764642625970865,36.955952380952375
DE-LU,perfect_foresight,2024-03-10,24,127.37375368026632,18.973665961010276,108.40008771925605,0.0,0.0
DE-LU,latest_same_hour,2024-03-11,24,37.41695464186003,27.973665961010273,9.443288680849747,55.073075348135816,27.729583333333334
DE-LU,seven_day_same_hour,2024-03-11,24,98.94698461359368,37.94733192202055,60.99965269157312,3.5167113374124455,10.010833333333332
DE-LU,perfect_foresight,2024-03-11,24,101.49002998999582,36.973665961010276,64.51636402898556,0.0,0.0
DE-LU,latest_same_hour,2024-03-12,24,28.386960827420125,18.973665961010276,9.413294866409842,78.77660745408622,52.47416666666667
DE-LU,seven_day_same_hour,2024-03-12,24,123.73641557367353,37.94733192202055,85.78908365165296,2.400818668843101,21.95869047619048
DE-LU,perfect_foresight,2024-03-12,24,117.16356828150634,28.973665961010276,88.18990232049606,0.0,0.0
DE-LU,latest_same_hour,2024-03-13,24,78.37454928581322,36.973665961010276,41.40088332480296,4.457362435211323,6.770833333333333
DE-LU,seven_day_same_hour,2024-03-13,24,80.18431942108936,37.94733192202055,42.236987499068846,3.6212582609454387,9.090416666666663
DE-LU,perfect_foresight,2024-03-13,24,83.80557768203487,37.94733192202055,45.858245760014285,0.0,0.0
DE-LU,latest_same_hour,2024-03-14,24,108.4633905880977,28.973665961010276,79.48972462708741,18.550592806843696,19.409166666666668
DE-LU,seven_day_same_hour,2024-03-14,24,131.0265675048839,37.94733192202055,93.07923558286333,4.9610818510677746,5.811726190476189
DE-LU,perfect_foresight,2024-03-14,24,135.98764935595167,37.94733192202055,98.04031743393111,0.0,0.0
DE-LU,latest_same_hour,2024-03-15,24,106.13483991729692,37.94733192202055,68.18750799527635,12.880227540943693,16.556249999999995
DE-LU,seven_day_same_hour,2024-03-15,24,110.42700032033537,37.94733192202055,72.4796683983148,8.588067137905242,8.758690476190475
DE-LU,perfect_foresight,2024-03-15,24,119.01506745824061,37.94733192202055,81.06773553622004,0.0,0.0
DE-LU,latest_same_hour,2024-03-16,24,62.82567079711938,37.94733192202055,24.878338875098812,53.3132782502178,20.355416666666667
DE-LU,seven_day_same_hour,2024-03-16,24,87.33536258723582,37.94733192202055,49.388030665215254,28.803586460101357,14.333869047619046
DE-LU,perfect_foresight,2024-03-16,24,97.67845010582172,19.486832980505138,78.19161712531661,0.0,0.0
DE-LU,latest_same_hour,2024-03-17,24,48.42295154957387,37.94733192202055,10.475619627553328,39.66428648885619,9.280416666666667
DE-LU,seven_day_same_hour,2024-03-17,24,56.7705529965566,37.94733192202055,18.823221074536065,31.316685041873455,5.936011904761902
DE-LU,perfect_foresight,2024-03-17,24,78.1135720774198,27.973665961010273,50.13990611640952,0.0,0.0
DE-LU,latest_same_hour,2024-03-18,24,66.70731904092139,19.486832980505138,47.22048606041625,75.99929850816281,30.88916666666667
DE-LU,seven_day_same_hour,2024-03-18,24,155.76368575559295,37.94733192202055,117.81635383357244,5.403430735006623,18.690357142857142
DE-LU,perfect_foresight,2024-03-18,24,161.1671164905996,37.94733192202055,123.21978456857906,0.0,0.0
DE-LU,latest_same_hour,2024-03-19,24,114.81041699716101,27.973665961010273,86.83675103615073,46.2334038960349,19.753333333333334
DE-LU,seven_day_same_hour,2024-03-19,24,164.91591412180483,37.94733192202055,126.96858219978427,6.101572732401365,15.033869047619044
DE-LU,perfect_foresight,2024-03-19,24,171.0174868542062,37.94733192202055,133.07015493218563,0.0,0.0
DE-LU,latest_same_hour,2024-03-20,24,219.3775730729746,37.94733192202055,181.43024115095406,17.25319371039359,13.266666666666666
DE-LU,seven_day_same_hour,2024-03-20,24,215.8701995420575,37.94733192202055,177.92286762003693,20.760567241310724,23.440773809523808
DE-LU,perfect_foresight,2024-03-20,24,236.63076678336822,37.94733192202055,198.68343486134765,0.0,0.0
DE-LU,latest_same_hour,2024-03-21,24,142.51342095321536,37.94733192202055,104.56608903119479,3.2289579592194,5.24625
DE-LU,seven_day_same_hour,2024-03-21,24,142.9586169123648,37.94733192202055,105.01128499034424,2.783762000069956,14.188273809523809
DE-LU,perfect_foresight,2024-03-21,24,145.74237891243476,37.94733192202055,107.79504699041419,0.0,0.0
DE-LU,latest_same_hour,2024-03-22,24,118.35005851800403,37.94733192202055,80.40272659598347,5.488435289280432,22.802083333333332
DE-LU,seven_day_same_hour,2024-03-22,24,113.04565404201199,37.94733192202055,75.09832211999142,10.792839765272475,5.776964285714286
DE-LU,perfect_foresight,2024-03-22,24,123.83849380728444,37.94733192202055,85.8911618852639,0.0,0.0
DE-LU,latest_same_hour,2024-03-23,24,132.60006436595447,37.94733192202055,94.65273244393391,66.60979988094884,43.944583333333334
DE-LU,seven_day_same_hour,2024-03-23,24,134.4880708506243,37.94733192202055,96.54073892860372,64.72179339627904,37.37797619047619
DE-LU,perfect_foresight,2024-03-23,24,189.72303126639818,28.460498941515414,161.26253232488276,0.0,0.0
DE-LU,latest_same_hour,2024-03-24,24,79.58665623400559,37.94733192202055,41.63932431198503,46.20543539265916,42.666666666666664
DE-LU,seven_day_same_hour,2024-03-24,24,80.02049751802787,37.94733192202055,42.0731655960073,45.77159410863689,47.87839285714285
DE-LU,perfect_foresight,2024-03-24,24,116.81842566565447,28.973665961010276,87.84475970464419,0.0,0.0
DE-LU,latest_same_hour,2024-03-25,24,154.9079883253249,28.460498941515414,126.44748938380948,71.33495857866438,49.38583333333333
DE-LU,seven_day_same_hour,2024-03-25,24,225.24155860314738,37.94733192202055,187.29422668112687,10.488221281346995,13.651309523809525
DE-LU,perfect_foresight,2024-03-25,24,235.72977988449443,37.94733192202055,197.78244796247387,0.0,0.0
DE-LU,latest_same_hour,2024-03-26,24,74.61633067797743,28.973665961010276,45.64266471696715,79.20275518590691,40.27041666666667
DE-LU,seven_day_same_hour,2024-03-26,24,155.7862976047998,37.94733192202055,117.83896568277923,7.006454220094824,9.051011904761905
DE-LU,perfect_foresight,2024-03-26,24,153.30591884438948,28.460498941515414,124.84541990287406,0.0,0.0
DE-LU,latest_same_hour,2024-03-27,24,124.25128390347857,37.94733192202055,86.303951981458,3.6004539950216667,9.647916666666665
DE-LU,seven_day_same_hour,2024-03-27,24,123.0946922210127,37.46049894151541,85.6341932794973,4.2702126969823695,9.982738095238096
DE-LU,perfect_foresight,2024-03-27,24,127.85173789850023,37.94733192202055,89.90440597647967,0.0,0.0
DE-LU,latest_same_hour,2024-03-28,24,177.35962313444927,28.460498941515414,148.89912419293384,11.546681331130088,16.107083333333335
DE-LU,seven_day_same_hour,2024-03-28,24,191.10114468099812,37.46049894151541,153.6406457394827,6.805159784581235,21.649999999999995
DE-LU,perfect_foresight,2024-03-28,24,197.90630446557935,37.46049894151541,160.44580552406393,0.0,0.0
DE-LU,latest_same_hour,2024-03-29,24,112.24316053680076,37.94733192202055,74.2958286147802,20.027707289059336,38.53416666666667
DE-LU,seven_day_same_hour,2024-03-29,24,118.8361171648312,28.460498941515414,90.37561822331577,3.947917680523773,26.715654761904762
DE-LU,perfect_foresight,2024-03-29,24,121.81036888434468,27.486832980505135,94.32353590383954,0.0,0.0
DE-LU,latest_same_hour,2024-03-30,24,107.72622480650513,37.46049894151541,70.2657258649897,37.43797897047857,17.80666666666667
DE-LU,seven_day_same_hour,2024-03-30,24,115.50633338499601,28.460498941515414,87.04583444348057,20.6578703919877,8.310416666666667
DE-LU,perfect_foresight,2024-03-30,24,135.67737079647856,27.973665961010273,107.70370483546827,0.0,0.0
DE-LU,latest_same_hour,2024-03-31,23,131.89093110099748,27.486832980505135,104.40409812049234,72.26201576449176,25.26652173913044
DE-LU,seven_day_same_hour,2024-03-31,23,181.0015294211454,28.460498941515414,152.54103047963002,24.125083405354076,9.338509316770184
DE-LU,perfect_foresight,2024-03-31,23,205.12661282649955,28.460498941515414,176.6661138849841,0.0,0.0
DE-LU,latest_same_hour,2024-04-01,24,110.00441304308238,27.973665961010273,82.03074708207211,37.67057914303463,24.02208333333333
DE-LU,seven_day_same_hour,2024-04-01,24,124.75608503960402,28.460498941515414,96.29558609808859,23.40574012701815,23.502202380952383
DE-LU,perfect_foresight,2024-04-01,24,157.16182516662218,37.46049894151541,119.70132622510674,0.0,0.0
DE-LU,latest_same_hour,2024-04-02,24,94.30018887527235,28.460498941515414,65.83968993375693,139.4417441408226,26.597916666666666
DE-LU,seven_day_same_hour,2024-04-02,24,159.76322269260638,28.973665961010276,130.7895567315961,74.49187734298343,30.376150793650794
DE-LU,perfect_foresight,2024-04-02,24,243.22876599660006,37.94733192202055,205.28143407457952,0.0,0.0
DE-LU,latest_same_hour,2024-04-03,24,117.69897183082716,37.46049894151541,80.23847288931174,29.598394467152048,51.48916666666667
DE-LU,seven_day_same_hour,2024-04-03,24,105.45049202594932,28.460498941515414,76.98999308443392,32.846874272029865,33.66359126984127
DE-LU,perfect_foresight,2024-04-03,24,147.78419927848435,37.94733192202055,109.83686735646378,0.0,0.0
DE-LU,latest_same_hour,2024-04-04,24,72.72981485669672,37.94733192202055,34.78248293467616,2.9909524863908032,34.2225
DE-LU,seven_day_same_hour,2024-04-04,24,61.686800480156016,37.94733192202055,23.739468558135457,14.033966862931507,16.41765873015873
DE-LU,perfect_foresight,2024-04-04,24,75.23393436258239,37.46049894151541,37.773435421066964,0.0,0.0
DE-LU,latest_same_hour,2024-04-05,24,139.00119296212543,37.94733192202055,101.05386104010488,23.82949927912516,40.78375
DE-LU,seven_day_same_hour,2024-04-05,24,139.40265758444443,37.94733192202055,101.45532566242387,23.42803465680616,15.251180555555555
DE-LU,perfect_foresight,2024-04-05,24,153.34385926074546,28.460498941515414,124.88336031923004,0.0,0.0
DE-LU,latest_same_hour,2024-04-06,24,268.62191532318275,37.46049894151541,231.16141638166738,26.974635240020632,34.78541666666666
DE-LU,seven_day_same_hour,2024-04-06,24,288.2986346812892,37.46049894151541,250.83813573977372,7.297915881914292,24.819404761904764
DE-LU,perfect_foresight,2024-04-06,24,295.59655056320344,37.46049894151541,258.136051621688,0.0,0.0
DE-LU,latest_same_hour,2024-04-07,24,120.88026120515855,28.460498941515414,92.41976226364312,65.07195117543986,44.04208333333333
DE-LU,seven_day_same_hour,2024-04-07,24,174.02515585074042,37.46049894151541,136.56465690922502,20.927056529857964,43.04205357142857
DE-LU,perfect_foresight,2024-04-07,24,185.95221238059838,28.460498941515414,157.491713439083,0.0,0.0
DE-LU,latest_same_hour,2024-04-08,24,238.2700662780884,37.46049894151541,200.80956733657297,4.595060034778442,55.13375
DE-LU,seven_day_same_hour,2024-04-08,24,243.3519592933717,37.94733192202055,205.40462737135113,2.8421709430404007e-13,34.5209126984127
DE-LU,perfect_foresight,2024-04-08,24,243.35195929337198,37.94733192202055,205.4046273713514,0.0,0.0
DE-LU,latest_same_hour,2024-04-09,24,166.0440528008524,28.460498941515414,137.58355385933697,22.438031357709065,49.92625
DE-LU,seven_day_same_hour,2024-04-09,24,187.1249681200838,37.94733192202055,149.17763619806323,10.843949018982812,14.68279761904762
DE-LU,perfect_foresight,2024-04-09,24,197.9689171390666,37.94733192202055,160.02158521704604,0.0,0.0
DE-LU,latest_same_hour,2024-04-10,24,402.4546194651695,37.94733192202055,364.50728754314895,6.452168443970265,28.8225
DE-LU,seven_day_same_hour,2024-04-10,24,402.45461946516946,37.94733192202055,364.5072875431489,6.452168443970322,29.662261904761905
DE-LU,perfect_foresight,2024-04-10,24,418.3936208896449,47.434164902525694,370.9594559871192,0.0,0.0
DE-LU,latest_same_hour,2024-04-11,24,245.9624034296021,37.94733192202055,208.0150715075815,11.07528247801531,23.00208333333333
DE-LU,seven_day_same_hour,2024-04-11,24,222.41907566847118,37.94733192202055,184.4717437464506,34.61861023914619,21.453869047619047
DE-LU,perfect_foresight,2024-04-11,24,256.55085292711226,37.46049894151541,219.0903539855968,0.0,0.0
DE-LU,latest_same_hour,2024-04-12,24,262.4516430425563,47.434164902525694,215.01747814003062,18.355849736600362,36.26125
DE-LU,seven_day_same_hour,2024-04-12,24,267.34385530765456,37.94733192202055,229.39652338563405,3.9768044909969262,18.31642857142857
DE-LU,perfect_foresight,2024-04-12,24,271.32065979865155,37.94733192202055,233.37332787663098,0.0,0.0
DE-LU,latest_same_hour,2024-04-13,24,247.24690259619064,37.46049894151541,209.78640365467524,57.20253851455456,44.98916666666667
DE-LU,seven_day_same_hour,2024-04-13,24,269.4964854124565,37.94733192202055,231.5491534904359,35.43978867879389,39.87517857142857
DE-LU,perfect_foresight,2024-04-13,24,305.4494411107452,38.46049894151541,266.9889421692298,0.0,0.0
DE-LU,latest_same_hour,2024-04-14,24,234.9079968183787,37.94733192202055,196.96066489635814,42.57728442568569,50.12833333333333
DE-LU,seven_day_same_hour,2024-04-14,24,245.70247247964122,37.94733192202055,207.75514055762068,31.78280876442315,45.235238095238095
DE-LU,perfect_foresight,2024-04-14,24,276.9984482635592,37.46049894151541,239.53794932204383,0.0,0.0
DE-LU,latest_same_hour,2024-04-15,24,225.77796902240556,38.46049894151541,187.31747008089013,95.73785824588714,56.372916666666676
DE-LU,seven_day_same_hour,2024-04-15,24,285.76836676836336,37.94733192202055,247.82103484634277,35.2342934804345,33.537797619047616
DE-LU,perfect_foresight,2024-04-15,24,321.00266024879784,37.94733192202055,283.05532832677727,0.0,0.0
DE-LU,latest_same_hour,2024-04-16,24,171.3436162188832,37.46049894151541,133.88311727736777,22.085071205508342,41.76958333333334
DE-LU,seven_day_same_hour,2024-04-16,24,190.4477264661726,37.94733192202055,152.50039454415207,3.467793938724043,24.321369047619047
DE-LU,perfect_foresight,2024-04-16,24,193.91552040489665,37.94733192202055,155.96818848287612,0.0,0.0
DE-LU,latest_same_hour,2024-04-17,24,275.6321390408465,37.94733192202055,237.68480711882594,4.630558806006974,32.595416666666665
DE-LU,seven_day_same_hour,2024-04-17,24,275.78998628436796,37.94733192202055,237.84265436234736,4.472711562485557,52.23404761904762
DE-LU,perfect_foresight,2024-04-17,24,280.2626978468535,37.94733192202055,242.31536592483292,0.0,0.0
DE-LU,latest_same_hour,2024-04-18,24,170.03612014655647,37.94733192202055,132.0887882245359,18.827459336063555,39.975833333333334
DE-LU,seven_day_same_hour,2024-04-18,24,180.10183581316946,37.94733192202055,142.15450389114886,8.761743669450595,46.29517857142857
DE-LU,perfect_foresight,2024-04-18,24,188.86357948262003,37.94733192202055,150.91624756059946,0.0,0.0
DE-LU,latest_same_hour,2024-04-19,24,46.68224699692878,37.94733192202055,8.734915074908237,30.411891984191975,43.19083333333333
DE-LU,seven_day_same_hour,2024-04-19,24,46.491201320429106,37.94733192202055,8.54386939840856,30.60293766069165,20.319583333333334
DE-LU,perfect_foresight,2024-04-19,24,77.09413898112078,37.94733192202055,39.14680705910021,0.0,0.0
DE-LU,latest_same_hour,2024-04-20,24,98.26680018203422,37.94733192202055,60.319468260013664,52.39555061601425,37.877500000000005
DE-LU,seven_day_same_hour,2024-04-20,24,125.17694956439131,37.94733192202055,87.22961764237075,25.485401233657157,9.240892857142859
DE-LU,perfect_foresight,2024-04-20,24,131.68868483703818,18.973665961010276,112.71501887602791,0.0,0.0
DE-LU,latest_same_hour,2024-04-21,24,148.87148627326118,37.94733192202055,110.92415435124063,38.6623397753914,22.12875
DE-LU,seven_day_same_hour,2024-04-21,24,129.27259513259955,37.94733192202055,91.32526321057898,58.26123091605305,17.308154761904763
DE-LU,perfect_foresight,2024-04-21,24,168.56016008764232,18.973665961010276,149.58649412663203,0.0,0.0
DE-LU,latest_same_hour,2024-04-22,24,129.93481800673294,18.973665961010276,110.96115204572264,64.27913476346892,40.29125
DE-LU,seven_day_same_hour,2024-04-22,24,206.00810173992483,37.46049894151541,168.54760279840937,6.692684010782187,33.08910714285714
DE-LU,perfect_foresight,2024-04-22,24,213.18761873121213,37.94733192202055,175.24028680919156,0.0,0.0
DE-LU,latest_same_hour,2024-04-23,24,35.78255672654997,18.973665961010276,16.808890765539687,144.39119148088787,43.18333333333333
DE-LU,seven_day_same_hour,2024-04-23,24,195.1451934872961,37.94733192202055,157.19786156527556,4.002220681151982,26.83136904761905
DE-LU,perfect_foresight,2024-04-23,24,199.1474141684481,37.94733192202055,161.20008224642754,0.0,0.0
DE-LU,latest_same_hour,2024-04-24,24,145.40864720048245,37.94733192202055,107.4613152784619,3.3144698518121345,7.174166666666668
DE-LU,seven_day_same_hour,2024-04-24,24,148.72311705229458,37.94733192202055,110.77578513027403,0.0,19.328988095238092
DE-LU,perfect_foresight,2024-04-24,24,148.72311705229458,37.94733192202055,110.77578513027403,0.0,0.0
DE-LU,latest_same_hour,2024-04-25,24,184.87057354138307,37.94733192202055,146.9232416193625,17.606583509747452,11.702083333333334
DE-LU,seven_day_same_hour,2024-04-25,24,201.13129233878226,37.94733192202055,163.1839604167617,1.3458647123482592,9.985773809523808
DE-LU,perfect_foresight,2024-04-25,24,202.47715705113052,37.94733192202055,164.52982512910995,0.0,0.0
DE-LU,latest_same_hour,2024-04-26,24,137.14375221827873,37.94733192202055,99.19642029625817,0.10407830863535139,8.014999999999997
DE-LU,seven_day_same_hour,2024-04-26,24,137.01393009014402,37.94733192202055,99.06659816812346,0.23390043677005679,7.756250000000001
DE-LU,perfect_foresight,2024-04-26,24,137.24783052691407,37.94733192202055,99.30049860489352,0.0,0.0
DE-LU,latest_same_hour,2024-04-27,24,198.72698686432514,37.94733192202055,160.77965494230457,47.78818403916327,32.791666666666664
DE-LU,seven_day_same_hour,2024-04-27,24,197.459470885867,37.94733192202055,159.51213896384647,49.055700017621376,24.779642857142857
DE-LU,perfect_foresight,2024-04-27,24,237.02833792298327,28.460498941515414,208.56783898146784,0.0,0.0
DE-LU,latest_same_hour,2024-04-28,24,151.85803325256865,37.94733192202055,113.91070133054806,126.7869594424326,73.45625
DE-LU,seven_day_same_hour,2024-04-28,24,166.0125881977835,37.94733192202055,128.06525627576292,112.63240449721775,70.01970238095238
DE-LU,perfect_foresight,2024-04-28,24,259.671326733991,18.973665961010276,240.69766077298067,0.0,0.0
DE-LU,latest_same_hour,2024-04-29,24,262.8536307099361,28.460498941515414,234.39313176842072,82.5135056137461,28.762916666666666
DE-LU,seven_day_same_hour,2024-04-29,24,348.882451338571,37.94733192202055,310.93511941655044,5.9715179656163855,15.019761904761902
DE-LU,perfect_foresight,2024-04-29,24,354.8539693041874,37.94733192202055,316.9066373821668,0.0,0.0
DE-LU,latest_same_hour,2024-04-30,24,129.4754308677811,18.973665961010276,110.50176490677083,106.76882179250069,56.393750000000004
DE-LU,seven_day_same_hour,2024-04-30,24,245.2000801111962,37.94733192202055,207.25274818917563,10.017838510095885,9.054107142857143
DE-LU,perfect_foresight,2024-04-30,24,255.21791862129203,37.94733192202055,217.27058669927152,0.0,0.0
DE-LU,latest_same_hour,2024-05-01,24,297.5512142956958,37.94733192202055,259.6038823736752,96.97924174818564,76.71875
DE-LU,seven_day_same_hour,2024-05-01,24,312.8824124275887,37.46049894151541,275.4219134860733,81.16121063578754,70.62738095238096
DE-LU,perfect_foresight,2024-05-01,24,385.0436230633763,28.460498941515414,356.58312412186086,0.0,0.0
DE-LU,latest_same_hour,2024-05-02,24,225.2336595168162,37.94733192202055,187.28632759479564,8.965306993206923,32.9825
DE-LU,seven_day_same_hour,2024-05-02,24,171.04741974065053,28.973665961010276,142.07375377964027,54.17788080836229,34.53982142857143
DE-LU,perfect_foresight,2024-05-02,24,224.71213352951798,28.460498941515414,196.25163458800256,0.0,0.0
DE-LU,latest_same_hour,2024-05-03,24,54.912408450308575,28.460498941515414,26.45190950879315,46.1553941112801,73.83333333333333
DE-LU,seven_day_same_hour,2024-05-03,24,78.75592647169935,28.460498941515414,50.29542753018394,22.31187608988931,24.300654761904763
DE-LU,perfect_foresight,2024-05-03,24,110.06780256158868,37.46049894151541,72.60730362007325,0.0,0.0
DE-LU,latest_same_hour,2024-05-04,24,155.54434540024434,28.460498941515414,127.08384645872891,63.5066569457494,38.727916666666665
DE-LU,seven_day_same_hour,2024-05-04,24,207.99496665908407,37.46049894151541,170.53446771756865,20.056035686909667,24.777619047619044
DE-LU,perfect_foresight,2024-05-04,24,219.0510023459937,28.460498941515414,190.5905034044783,0.0,0.0
DE-LU,latest_same_hour,2024-05-05,24,92.41422090721298,37.46049894151541,54.953721965697554,119.42967008230517,34.30916666666666
DE-LU,seven_day_same_hour,2024-05-05,24,131.86060454124453,37.94733192202055,93.91327261922399,80.47011942877873,17.036130952380947
DE-LU,perfect_foresight,2024-05-05,24,193.87022502850786,19.486832980505138,174.38339204800272,0.0,0.0
DE-LU,latest_same_hour,2024-05-06,24,103.4529786155945,28.460498941515414,74.99247967407909,48.73659850474533,22.517916666666668
DE-LU,seven_day_same_hour,2024-05-06,24,161.28828197308246,37.94733192202055,123.3409500510619,0.3881281277625277,42.1875
DE-LU,perfect_foresight,2024-05-06,24,161.67641010084498,37.94733192202055,123.72907817882442,0.0,0.0
DE-LU,latest_same_hour,2024-05-07,24,76.35623171702512,19.486832980505138,56.86939873651998,79.93828165779315,40.69291666666667
DE-LU,seven_day_same_hour,2024-05-07,24,159.62477963918343,37.94733192202055,121.67744771716285,15.130232677150289,36.166309523809524
DE-LU,perfect_foresight,2024-05-07,24,174.7550123163337,37.94733192202055,136.80768039431314,0.0,0.0
DE-LU,latest_same_hour,2024-05-08,24,141.82743714662774,37.94733192202055,103.88010522460718,5.451553765062613,4.623333333333335
DE-LU,seven_day_same_hour,2024-05-08,24,140.90550867049578,37.94733192202055,102.95817674847521,6.37348224119458,33.18380952380952
DE-LU,perfect_foresight,2024-05-08,24,147.27899091169036,37.94733192202055,109.33165898966979,0.0,0.0
DE-LU,latest_same_hour,2024-05-09,24,191.6166325440821,37.94733192202055,153.66930062206154,57.713613050584826,34.68958333333333
DE-LU,seven_day_same_hour,2024-05-09,24,212.38463955491042,37.46049894151541,174.92414061339502,36.45877305925134,18.666845238095238
DE-LU,perfect_foresight,2024-05-09,24,239.8434126141618,28.460498941515414,211.38291367264637,0.0,0.0
DE-LU,latest_same_hour,2024-05-10,24,280.87965610617033,37.94733192202055,242.93232418414976,49.14112241159876,24.17
DE-LU,seven_day_same_hour,2024-05-10,24,326.8140485496398,37.94733192202055,288.8667166276192,3.2067299681293093,20.622797619047617
DE-LU,perfect_foresight,2024-05-10,24,330.02077851776903,37.94733192202055,292.0734465957485,0.0,0.0
DE-LU,latest_same_hour,2024-05-11,24,275.82884816602757,28.460498941515414,247.36834922451214,6.9189345308933525,10.700416666666664
DE-LU,seven_day_same_hour,2024-05-11,24,262.87463240818386,28.973665961010276,233.90096644717357,20.386317308231924,30.05928571428571
DE-LU,perfect_foresight,2024-05-11,24,282.2609497164158,27.973665961010273,254.2872837554055,0.0,0.0
DE-LU,latest_same_hour,2024-05-12,24,347.3053297887649,37.94733192202055,309.3579978667443,102.120332823301,74.20875
DE-LU,seven_day_same_hour,2024-05-12,24,380.24925549294613,28.973665961010276,351.2755895319359,60.202741158109404,76.10357142857144
DE-LU,perfect_foresight,2024-05-12,24,439.93882963156074,28.460498941515414,411.4783306900453,0.0,0.0
DE-LU,latest_same_hour,2024-05-13,24,192.06188619399165,27.973665961010273,164.08822023298137,170.0835349497483,28.994583333333335
DE-LU,seven_day_same_hour,2024-05-13,24,319.8655694392313,28.460498941515414,291.4050704977159,42.766684685013786,31.24505952380952
DE-LU,perfect_foresight,2024-05-13,24,372.1190871047502,37.94733192202055,334.17175518272967,0.0,0.0
DE-LU,latest_same_hour,2024-05-14,24,271.22335966523633,28.460498941515414,242.7628607237209,56.13264168915396,31.704166666666666
DE-LU,seven_day_same_hour,2024-05-14,24,298.4980044841886,28.460498941515414,270.03750554267316,28.857996870201703,39.64886904761905
DE-LU,perfect_foresight,2024-05-14,24,345.35600135439023,46.46049894151541,298.89550241287486,0.0,0.0
DE-LU,latest_same_hour,2024-05-15,24,289.60182786848776,37.94733192202055,251.65449594646722,13.67301178918737,10.500833333333334
DE-LU,seven_day_same_hour,2024-05-15,24,256.88001019124806,28.973665961010276,227.90634423023775,37.42116350541684,18.762261904761903
DE-LU,perfect_foresight,2024-05-15,24,303.27483965767516,37.94733192202055,265.3275077356546,0.0,0.0
DE-LU,latest_same_hour,2024-05-16,24,241.75388552074787,46.46049894151541,195.29338657923245,18.6224028639557,21.875833333333333
DE-LU,seven_day_same_hour,2024-05-16,24,240.51440241776075,37.94733192202055,202.5670704957402,11.348718947447935,11.370654761904765
DE-LU,perfect_foresight,2024-05-16,24,251.37628838470357,37.46049894151541,213.91578944318815,0.0,0.0
DE-LU,latest_same_hour,2024-05-17,24,140.02883129542008,37.94733192202055,102.08149937339952,27.420287423643984,27.215
DE-LU,seven_day_same_hour,2024-05-17,24,152.81017611175585,37.94733192202055,114.86284418973528,14.638942607308223,27.08607142857143
DE-LU,perfect_foresight,2024-05-17,24,158.4754527580538,28.973665961010276,129.5017867970435,0.0,0.0
DE-LU,latest_same_hour,2024-05-18,24,202.59930920741408,37.46049894151541,165.13881026589863,30.05801478917479,12.664166666666668
DE-LU,seven_day_same_hour,2024-05-18,24,205.0002108628364,37.94733192202055,167.05287894081584,28.143946114257574,15.052142857142854
DE-LU,perfect_foresight,2024-05-18,24,223.65732399658884,28.460498941515414,195.19682505507342,0.0,0.0
DE-LU,latest_same_hour,2024-05-19,24,153.0231250536851,28.973665961010276,124.04945909267484,93.12595854416914,32.1225
DE-LU,seven_day_same_hour,2024-05-19,24,169.89928274158848,37.94733192202055,131.95195081956794,85.22346681727603,20.37910714285714
DE-LU,perfect_foresight,2024-05-19,24,245.14908359785426,27.973665961010273,217.17541763684397,0.0,0.0
DE-LU,latest_same_hour,2024-05-20,24,245.9597335145131,28.460498941515414,217.49923457299766,16.157540532149852,11.154583333333335
DE-LU,seven_day_same_hour,2024-05-20,24,261.0108025828144,37.94733192202055,223.06347066079383,10.593304444353691,23.859940476190477
DE-LU,perfect_foresight,2024-05-20,24,271.11727404666294,37.46049894151541,233.65677510514752,0.0,0.0
DE-LU,latest_same_hour,2024-05-21,24,51.898274550607866,27.973665961010273,23.924608589597582,166.53352178889634,39.684583333333336
DE-LU,seven_day_same_hour,2024-05-21,24,197.56041287674714,37.94733192202055,159.61308095472657,30.845049423767364,33.123511904761905
DE-LU,perfect_foresight,2024-05-21,24,228.4054623005145,37.94733192202055,190.45813037849393,0.0,0.0
DE-LU,latest_same_hour,2024-05-22,24,168.40953892208913,37.46049894151541,130.9490399805737,32.393922216535316,33.120416666666664
DE-LU,seven_day_same_hour,2024-05-22,24,179.81820778782455,37.46049894151541,142.35770884630912,20.985253350799894,34.624583333333334
DE-LU,perfect_foresight,2024-05-22,24,201.29029411912958,37.94733192202055,163.34296219710902,0.0,0.0
DE-LU,latest_same_hour,2024-05-23,24,172.6937288264771,37.94733192202055,134.74639690445656,67.59838787093344,15.736249999999998
DE-LU,seven_day_same_hour,2024-05-23,24,236.0823284565882,37.46049894151541,198.62182951507276,3.722955260317235,34.63892857142857
DE-LU,perfect_foresight,2024-05-23,24,240.29211669741056,37.94733192202055,202.34478477539,0.0,0.0
DE-LU,latest_same_hour,2024-05-24,24,90.40422555576109,37.94733192202055,52.45689363374055,5.079318088912714,21.937916666666666
DE-LU,seven_day_same_hour,2024-05-24,24,90.11694000470966,37.46049894151541,52.65644106319425,4.8797706594590124,36.83482142857144
DE-LU,perfect_foresight,2024-05-24,24,94.99671066416867,37.46049894151541,57.53621172265326,0.0,0.0
DE-LU,latest_same_hour,2024-05-25,24,194.0761467989551,37.94733192202055,156.12881487693454,50.252563755640494,27.679166666666664
DE-LU,seven_day_same_hour,2024-05-25,24,198.79315900077657,37.46049894151541,161.33266005926117,45.04871857331386,15.554166666666665
DE-LU,perfect_foresight,2024-05-25,24,234.35504459358532,27.973665961010273,206.38137863257504,0.0,0.0
DE-LU,latest_same_hour,2024-05-26,24,198.1967923489012,37.46049894151541,160.7362934073858,83.12544872900412,45.63833333333333
DE-LU,seven_day_same_hour,2024-05-26,24,198.59100639533463,37.94733192202055,160.64367447331406,83.21806766307586,26.156428571428574
DE-LU,perfect_foresight,2024-05-26,24,271.8354080974002,27.973665961010273,243.86174213638992,0.0,0.0
DE-LU,latest_same_hour,2024-05-27,24,159.5537897047857,27.973665961010273,131.5801237437754,104.8285026907588,41.408750000000005
DE-LU,seven_day_same_hour,2024-05-27,24,257.86540892069274,37.46049894151541,220.40490997917732,16.00371645535688,30.9877380952381
DE-LU,perfect_foresight,2024-05-27,24,274.35595835655477,37.94733192202055,236.4086264345342,0.0,0.0
DE-LU,latest_same_hour,2024-05-28,24,132.832305513945,27.973665961010273,104.8586395529347,37.42798346897797,36.155833333333334
DE-LU,seven_day_same_hour,2024-05-28,24,178.84305096473074,37.94733192202055,140.8957190427102,1.390903979202477,11.92875
DE-LU,perfect_foresight,2024-05-28,24,180.2339549439332,37.94733192202055,142.28662302191267,0.0,0.0
DE-LU,latest_same_hour,2024-05-29,24,122.69068378669681,37.94733192202055,84.74335186467623,43.760535116083545,27.705000000000002
DE-LU,seven_day_same_hour,2024-05-29,24,105.3086928202199,37.94733192202055,67.36136089819934,61.14252608256044,16.385892857142856
DE-LU,perfect_foresight,2024-05-29,24,175.45121890278034,46.94733192202055,128.50388698075977,0.0,0.0
DE-LU,latest_same_hour,2024-05-30,24,135.50018012259673,37.94733192202055,97.5528482005762,18.602572433291655,8.774999999999999
DE-LU,seven_day_same_hour,2024-05-30,24,136.56108410179922,37.94733192202055,98.61375217977869,17.541668454089162,11.030892857142858
DE-LU,perfect_foresight,2024-05-30,24,144.61591957538326,28.460498941515414,116.15542063386785,0.0,0.0
DE-LU,latest_same_hour,2024-05-31,24,82.6742569884945,46.94733192202055,35.726925066473946,41.412480572395985,18.559583333333332
DE-LU,seven_day_same_hour,2024-05-31,24,106.96059944255009,37.46049894151541,69.50010050103467,7.639305137835265,15.883869047619049
DE-LU,perfect_foresight,2024-05-31,24,123.11307159988021,45.97366596101027,77.13940563886993,0.0,0.0
DE-LU,latest_same_hour,2024-06-01,24,148.86351774251895,28.460498941515414,120.40301880100353,18.52723359570504,38.50416666666666
DE-LU,seven_day_same_hour,2024-06-01,24,147.49042157978917,28.486832980505135,119.00358859928406,19.92666379742451,27.9335119047619
DE-LU,perfect_foresight,2024-06-01,24,166.90391835771885,27.973665961010273,138.93025239670857,0.0,0.0
DE-LU,latest_same_hour,2024-06-02,24,108.03176543095367,45.97366596101027,62.05809946994339,92.74318372179138,67.83333333333333
DE-LU,seven_day_same_hour,2024-06-02,24,111.64537128007878,28.973665961010276,82.6717053190685,72.12957787266627,61.7985119047619
DE-LU,perfect_foresight,2024-06-02,24,173.77494915274505,18.973665961010276,154.80128319173477,0.0,0.0
DE-LU,latest_same_hour,2024-06-03,24,158.75649841733258,27.973665961010273,130.7828324563223,207.36173325192772,58.54916666666667
DE-LU,seven_day_same_hour,2024-06-03,24,306.2395361065922,28.486832980505135,277.75270312608706,60.39186258216296,34.23410714285714
DE-LU,perfect_foresight,2024-06-03,24,376.0918976302706,37.94733192202055,338.14456570825,0.0,0.0
DE-LU,latest_same_hour,2024-06-04,24,105.37035688834635,18.973665961010276,86.39669092733607,317.05278513323753,86.07875000000001
DE-LU,seven_day_same_hour,2024-06-04,24,381.7504365301462,37.46049894151541,344.2899375886308,59.159538471942824,30.816547619047622
DE-LU,perfect_foresight,2024-06-04,24,441.39680798259417,37.94733192202055,403.4494760605736,0.0,0.0
DE-LU,latest_same_hour,2024-06-05,24,318.02626409458514,37.94733192202055,280.0789321725646,4.927163158702683,35.4175
DE-LU,seven_day_same_hour,2024-06-05,24,318.64488098572417,45.97366596101027,272.6712150247139,12.334880306553373,16.79964285714286
DE-LU,perfect_foresight,2024-06-05,24,322.4665942727827,37.46049894151541,285.00609533126726,0.0,0.0
DE-LU,latest_same_hour,2024-06-06,24,238.48909504943188,37.94733192202055,200.54176312741134,67.57371165774782,27.59166666666667
DE-LU,seven_day_same_hour,2024-06-06,24,258.53032995707576,45.97366596101027,212.55666399606554,55.55881078909363,16.371785714285714
DE-LU,perfect_foresight,2024-06-06,24,306.06280670717973,37.94733192202055,268.11547478515917,0.0,0.0
DE-LU,latest_same_hour,2024-06-07,24,264.6732703349317,37.46049894151541,227.21277139341623,22.4231124402709,19.40041666666667
DE-LU,seven_day_same_hour,2024-06-07,24,276.91502131432026,37.46049894151541,239.45452237280486,10.181361460882272,13.784702380952382
DE-LU,perfect_foresight,2024-06-07,24,287.58321575570767,37.94733192202055,249.63588383368713,0.0,0.0
DE-LU,latest_same_hour,2024-06-08,24,198.7936839569834,37.94733192202055,160.84635203496288,65.95447326443372,40.83541666666667
DE-LU,seven_day_same_hour,2024-06-08,24,198.89505002890164,37.46049894151541,161.4345510873862,65.36627421201038,41.372440476190484
DE-LU,perfect_foresight,2024-06-08,24,254.77449126040688,27.973665961010273,226.8008252993966,0.0,0.0
DE-LU,latest_same_hour,2024-06-09,24,172.69057500337067,37.94733192202055,134.74324308135013,99.5984821113837,55.89000000000001
DE-LU,seven_day_same_hour,2024-06-09,24,173.13975956671678,37.46049894151541,135.67926062520135,98.66246456753248,52.62279761904762
DE-LU,perfect_foresight,2024-06-09,24,253.31539115374412,18.973665961010276,234.34172519273383,0.0,0.0
DE-LU,latest_same_hour,2024-06-10,24,48.646018331607195,27.973665961010273,20.67235237059691,193.0757323506474,54.15583333333334
DE-LU,seven_day_same_hour,2024-06-10,24,219.78938908958577,37.46049894151541,182.32889014807031,31.419194573173996,26.286190476190473
DE-LU,perfect_foresight,2024-06-10,24,251.20858366275974,37.46049894151541,213.7480847212443,0.0,0.0
DE-LU,latest_same_hour,2024-06-11,24,177.31409632385856,18.973665961010276,158.34043036284828,68.2281568991061,36.785833333333336
DE-LU,seven_day_same_hour,2024-06-11,24,248.8602324742907,45.97366596101027,202.88656651328043,23.68202074867395,16.772857142857145
DE-LU,perfect_foresight,2024-06-11,24,264.0290862034698,37.46049894151541,226.56858726195438,0.0,0.0
DE-LU,latest_same_hour,2024-06-12,24,223.40372995184282,37.46049894151541,185.9432310103274,33.824508763782376,21.985833333333332
DE-LU,seven_day_same_hour,2024-06-12,24,246.88803096728847,37.46049894151541,209.42753202577305,10.340207748336724,16.285654761904762
DE-LU,perfect_foresight,2024-06-12,24,257.2282387156252,37.46049894151541,219.76773977410977,0.0,0.0
DE-LU,latest_same_hour,2024-06-13,24,284.09833329269725,37.46049894151541,246.63783435118185,16.217202482319152,33.6175
DE-LU,seven_day_same_hour,2024-06-13,24,297.28647019238537,37.46049894151541,259.82597125086994,3.0290655826310626,27.720714285714283
DE-LU,perfect_foresight,2024-06-13,24,300.80236875552157,37.94733192202055,262.855036833501,0.0,0.0
DE-LU,latest_same_hour,2024-06-14,24,181.04456600538407,37.46049894151541,143.58406706386864,62.02292379204735,19.368750000000002
DE-LU,seven_day_same_hour,2024-06-14,24,189.3378864940892,37.46049894151541,151.87738755257377,53.72960330334223,20.99797619047619
DE-LU,perfect_foresight,2024-06-14,24,253.0411557584417,47.43416490252569,205.606990855916,0.0,0.0
DE-LU,latest_same_hour,2024-06-15,24,239.78985290687442,37.94733192202055,201.84252098485385,91.0099333142168,87.13583333333334
DE-LU,seven_day_same_hour,2024-06-15,24,226.422887451144,37.46049894151541,188.96238850962857,103.89006578944208,63.30178571428571
DE-LU,perfect_foresight,2024-06-15,24,320.82612026008087,27.973665961010273,292.85245429907064,0.0,0.0
DE-LU,latest_same_hour,2024-06-16,24,190.39916809106188,47.43416490252569,142.96500318853623,53.48527539315046,63.58291666666667
DE-LU,seven_day_same_hour,2024-06-16,24,218.4395862866374,45.97366596101027,172.4659203256271,23.98435825605958,50.89779761904762
DE-LU,perfect_foresight,2024-06-16,24,224.42394454269694,27.973665961010273,196.4502785816867,0.0,0.0
DE-LU,latest_same_hour,2024-06-17,24,259.07284501599133,27.973665961010273,231.09917905498102,94.89140550905907,86.69375000000001
DE-LU,seven_day_same_hour,2024-06-17,24,343.7501268947994,47.434164902525694,296.31596199227374,29.67462257176635,29.780833333333334
DE-LU,perfect_foresight,2024-06-17,24,363.93791648606066,37.94733192202055,325.9905845640401,0.0,0.0
DE-LU,latest_same_hour,2024-06-18,24,107.23868989624474,27.973665961010273,79.26502393523445,150.1662819365581,76.37291666666667
DE-LU,seven_day_same_hour,2024-06-18,24,200.45332157655858,37.94733192202055,162.50598965453804,66.9253162172545,32.242261904761904
DE-LU,perfect_foresight,2024-06-18,24,267.37863779381314,37.94733192202055,229.43130587179255,0.0,0.0
DE-LU,latest_same_hour,2024-06-19,24,169.26913193574381,37.94733192202055,131.32180001372325,58.772631491765054,21.04875
DE-LU,seven_day_same_hour,2024-06-19,24,208.0983444634274,37.94733192202055,170.15101254140689,19.943418964081417,23.096190476190475
DE-LU,perfect_foresight,2024-06-19,24,227.55493044700373,37.46049894151541,190.0944315054883,0.0,0.0
DE-LU,latest_same_hour,2024-06-20,24,255.23625236018424,37.94733192202055,217.2889204381637,0.44283283045632515,8.187083333333335
DE-LU,seven_day_same_hour,2024-06-20,24,229.6446762901857,37.94733192202055,191.69734436816515,26.034408900454878,25.4235119047619
DE-LU,perfect_foresight,2024-06-20,24,255.6790851906406,37.94733192202055,217.73175326862003,0.0,0.0
DE-LU,latest_same_hour,2024-06-21,24,71.10948085423134,37.46049894151541,33.64898191271591,32.90156160017129,19.40625
DE-LU,seven_day_same_hour,2024-06-21,24,73.2040466143044,46.46049894151541,26.743547672788978,39.806995840098224,34.96416666666667
DE-LU,perfect_foresight,2024-06-21,24,104.01104245440263,37.46049894151541,66.5505435128872,0.0,0.0
DE-LU,latest_same_hour,2024-06-22,24,176.09259367061196,37.94733192202055,138.1452617485914,48.42569424568319,41.57666666666666
DE-LU,seven_day_same_hour,2024-06-22,24,189.26936971060073,37.94733192202055,151.32203778858016,35.24891820569442,18.09732142857143
DE-LU,perfect_foresight,2024-06-22,24,214.54462195528487,27.973665961010273,186.57095599427458,0.0,0.0
DE-LU,latest_same_hour,2024-06-23,24,100.18097138068087,37.46049894151541,62.72047243916545,118.04180752948442,51.0
DE-LU,seven_day_same_hour,2024-06-23,24,143.78418285999882,37.94733192202055,105.83685093797827,74.9254290306716,26.27761904761905
DE-LU,perfect_foresight,2024-06-23,24,199.73594592966015,18.973665961010276,180.76227996864986,0.0,0.0
DE-LU,latest_same_hour,2024-06-24,24,260.4663547358406,27.973665961010273,232.49268877483033,87.17303401909894,39.86333333333332
DE-LU,seven_day_same_hour,2024-06-24,24,352.32497914274086,37.46049894151541,314.8644802012254,4.801242592703886,17.00315476190476
DE-LU,perfect_foresight,2024-06-24,24,367.09988769645497,47.434164902525694,319.66572279392926,0.0,0.0
DE-LU,latest_same_hour,2024-06-25,24,188.52322998121178,18.973665961010276,169.5495640202015,84.88965158545744,27.158333333333342
DE-LU,seven_day_same_hour,2024-06-25,24,285.35366169153536,37.46049894151541,247.89316275001997,6.546052855638976,14.239583333333334
DE-LU,perfect_foresight,2024-06-25,24,292.3865475276795,37.94733192202055,254.43921560565894,0.0,0.0
DE-LU,latest_same_hour,2024-06-26,24,93.78827685612588,47.434164902525694,46.35411195360017,30.790364792445445,24.62041666666667
DE-LU,seven_day_same_hour,2024-06-26,24,96.48329683530592,37.46049894151541,59.02279789379051,18.1216788522551,23.9475
DE-LU,perfect_foresight,2024-06-26,24,106.11814270705588,28.973665961010276,77.14447674604561,0.0,0.0
DE-LU,latest_same_hour,2024-06-27,24,240.55649519424765,37.94733192202055,202.60916327222708,70.29771915623456,21.073750000000004
DE-LU,seven_day_same_hour,2024-06-27,24,243.8465017174175,37.46049894151541,206.38600277590209,66.52087965255956,16.35279761904762
DE-LU,perfect_foresight,2024-06-27,24,310.8542143504822,37.94733192202055,272.90688242846164,0.0,0.0
DE-LU,latest_same_hour,2024-06-28,24,207.28144199688737,28.973665961010276,178.30777603587708,78.67089925661784,42.71875
DE-LU,seven_day_same_hour,2024-06-28,24,215.61819080863194,37.46049894151541,178.15769186711654,78.82098342537839,26.37702380952381
DE-LU,perfect_foresight,2024-06-28,24,285.9523412535052,28.973665961010276,256.9786752924949,0.0,0.0
DE-LU,latest_same_hour,2024-06-29,24,198.60674177953024,37.94733192202055,160.65940985750967,69.78605030777351,36.456250000000004
DE-LU,seven_day_same_hour,2024-06-29,24,198.6651617371908,37.46049894151541,161.20466279567538,69.2407973696078,23.704583333333332
DE-LU,perfect_foresight,2024-06-29,24,258.9059591067986,28.460498941515414,230.44546016528318,0.0,0.0
DE-LU,latest_same_hour,2024-06-30,24,97.43108465537773,28.973665961010276,68.45741869436748,78.77151379556895,27.219583333333333
DE-LU,seven_day_same_hour,2024-06-30,24,95.09016257973339,37.46049894151541,57.62966363821797,89.59926885171845,31.628690476190474
DE-LU,perfect_foresight,2024-06-30,24,166.2025984509467,18.973665961010276,147.22893248993643,0.0,0.0
DE-LU,latest_same_hour,2024-07-01,24,136.8673724440514,28.460498941515414,108.40687350253597,155.3570318108189,39.925000000000004
DE-LU,seven_day_same_hour,2024-07-01,24,241.3831145034413,37.46049894151541,203.92261556192588,59.841289751429,22.47136904761905
DE-LU,perfect_foresight,2024-07-01,24,301.2244042548703,37.46049894151541,263.7639053133549,0.0,0.0
DE-LU,latest_same_hour,2024-07-02,24,43.76306477661288,18.973665961010276,24.789398815602596,36.24628607622205,42.48833333333334
DE-LU,seven_day_same_hour,2024-07-02,24,76.18904294107324,28.486832980505135,47.702209960568105,13.33347493125654,20.66934523809524
DE-LU,perfect_foresight,2024-07-02,24,98.49618383334007,37.46049894151541,61.035684891824644,0.0,0.0
DE-LU,latest_same_hour,2024-07-03,24,177.09971803086887,37.46049894151541,139.63921908935345,13.953275579723567,18.505000000000003
DE-LU,seven_day_same_hour,2024-07-03,24,163.78963271140518,36.97366596101027,126.81596675039489,26.77652791868212,24.79107142857143
DE-LU,perfect_foresight,2024-07-03,24,191.53982659109755,37.94733192202055,153.592494669077,0.0,0.0
DE-LU,latest_same_hour,2024-07-04,24,174.9578123098191,37.46049894151541,137.4973133683037,90.00169696185958,58.022916666666674
DE-LU,seven_day_same_hour,2024-07-04,24,192.9778879003024,27.973665961010273,165.0042219392921,62.49478839087118,50.436726190476186
DE-LU,perfect_foresight,2024-07-04,24,274.4463422521838,46.94733192202055,227.4990103301633,0.0,0.0
DE-LU,latest_same_hour,2024-07-05,24,192.87194317300805,37.94733192202055,154.92461125098748,57.80263754751431,53.15208333333334
DE-LU,seven_day_same_hour,2024-07-05,24,238.13459700820908,37.46049894151541,200.6740980666937,12.053150731808103,39.590178571428574
DE-LU,perfect_foresight,2024-07-05,24,259.18774774001724,46.46049894151541,212.7272487985018,0.0,0.0
DE-LU,latest_same_hour,2024-07-06,24,121.15097591570462,46.94733192202055,74.20364399368407,104.36584038669324,32.666666666666664
DE-LU,seven_day_same_hour,2024-07-06,24,88.56553856320028,28.486832980505135,60.07870558269514,118.49077879768217,60.32708333333334
DE-LU,perfect_foresight,2024-07-06,24,197.5431503413876,18.973665961010276,178.5694843803773,0.0,0.0
DE-LU,latest_same_hour,2024-07-07,24,186.08630508403658,46.46049894151541,139.62580614252116,19.869027721002197,17.689166666666665
DE-LU,seven_day_same_hour,2024-07-07,24,175.36984694638738,37.46049894151541,137.90934800487196,21.585485858651396,45.596964285714286
DE-LU,perfect_foresight,2024-07-07,24,187.46849982453364,27.973665961010276,159.49483386352335,0.0,0.0
DE-LU,latest_same_hour,2024-07-08,24,122.26358493619854,18.973665961010276,103.28991897518826,258.81993472043,81.68958333333335
DE-LU,seven_day_same_hour,2024-07-08,24,356.757725875082,37.97366596101027,318.7840599140717,43.325793781546565,33.93625
DE-LU,perfect_foresight,2024-07-08,24,400.0571856176388,37.94733192202055,362.10985369561826,0.0,0.0
DE-LU,latest_same_hour,2024-07-09,24,246.26594278061177,27.973665961010276,218.29227681960148,60.60857764452274,62.91458333333333
DE-LU,seven_day_same_hour,2024-07-09,24,250.04191625901183,46.94733192202055,203.09458433699126,75.80627012713296,29.664404761904763
DE-LU,perfect_foresight,2024-07-09,24,307.8745204251345,28.973665961010276,278.9008544641242,0.0,0.0
DE-LU,latest_same_hour,2024-07-10,24,217.1765756035657,37.94733192202055,179.22924368154514,24.6266503475552,19.360833333333336
DE-LU,seven_day_same_hour,2024-07-10,24,205.04930838214585,46.46049894151541,158.58880944063043,45.26708458846991,28.551309523809525
DE-LU,perfect_foresight,2024-07-10,24,241.8032259511209,37.94733192202055,203.85589402910034,0.0,0.0
DE-LU,latest_same_hour,2024-07-11,24,186.24523687242828,28.973665961010276,157.271570911418,71.73040480043917,23.42375
DE-LU,seven_day_same_hour,2024-07-11,24,266.63028909644737,46.46049894151541,220.16979015493195,8.832185556925225,41.58184523809524
DE-LU,perfect_foresight,2024-07-11,24,266.94930763387777,37.94733192202055,229.00197571185717,0.0,0.0
DE-LU,latest_same_hour,2024-07-12,24,44.967553990135734,37.94733192202055,7.0202220681151815,19.038104399338998,25.49333333333333
DE-LU,seven_day_same_hour,2024-07-12,24,56.32343542106697,46.46049894151541,9.862936479551564,16.195389987902615,47.73619047619047
DE-LU,perfect_foresight,2024-07-12,24,64.5188254089696,38.46049894151541,26.05832646745418,0.0,0.0
DE-LU,latest_same_hour,2024-07-13,24,114.13499623447012,37.94733192202055,76.18766431244957,54.59459552499577,62.58208333333334
DE-LU,seven_day_same_hour,2024-07-13,24,123.80897666693627,28.973665961010276,94.83531070592599,35.94694913151935,28.79488095238095
DE-LU,perfect_foresight,2024-07-13,24,149.75592579845562,18.973665961010276,130.78225983744534,0.0,0.0
DE-LU,latest_same_hour,2024-07-14,24,221.50035030627828,38.46049894151541,183.03985136476288,148.70053116809217,71.605
DE-LU,seven_day_same_hour,2024-07-14,24,286.1840841524206,28.973665961010276,257.2104181914103,74.52996434144472,43.69922619047619
DE-LU,perfect_foresight,2024-07-14,24,359.71404849386533,27.973665961010273,331.74038253285505,0.0,0.0
DE-LU,latest_same_hour,2024-07-15,24,159.54333295508758,18.973665961010276,140.5696669940773,334.85077193882483,48.98125000000001
DE-LU,seven_day_same_hour,2024-07-15,24,458.32592848205894,37.94733192202055,420.3785965600385,55.04184237286364,23.637559523809525
DE-LU,perfect_foresight,2024-07-15,24,513.3677708549227,37.94733192202055,475.42043893290213,0.0,0.0
DE-LU,latest_same_hour,2024-07-16,24,230.31590750633632,27.973665961010273,202.34224154532603,67.64399250348885,28.877916666666664
DE-LU,seven_day_same_hour,2024-07-16,24,278.8144066161626,37.46049894151541,241.3539076746472,28.63232637416769,19.761309523809526
DE-LU,perfect_foresight,2024-07-16,24,316.9335659708354,46.94733192202055,269.9862340488149,0.0,0.0
DE-LU,latest_same_hour,2024-07-17,24,252.60070170566996,37.94733192202055,214.6533697836494,59.28287965255964,21.077916666666667
DE-LU,seven_day_same_hour,2024-07-17,24,296.9550985736022,46.46049894151541,250.49459963208676,23.441649804122278,11.091071428571425
DE-LU,perfect_foresight,2024-07-17,24,311.8835813582296,37.94733192202055,273.93624943620904,0.0,0.0
DE-LU,latest_same_hour,2024-07-18,24,304.42458743026526,46.94733192202055,257.4772555082447,50.6679986707868,40.44041666666667
DE-LU,seven_day_same_hour,2024-07-18,24,343.22942674736714,47.434164902525694,295.79526184484143,12.349992334190063,27.609464285714285
DE-LU,perfect_foresight,2024-07-18,24,346.09258610105206,37.94733192202055,308.1452541790315,0.0,0.0
DE-LU,latest_same_hour,2024-07-19,24,232.08109729818767,37.94733192202055,194.1337653761671,24.065087548969416,12.864583333333334
DE-LU,seven_day_same_hour,2024-07-19,24,252.07615993759353,46.94733192202055,205.12882801557296,13.070024909563557,23.23595238095238
DE-LU,perfect_foresight,2024-07-19,24,255.65935186665195,37.46049894151541,218.19885292513652,0.0,0.0
DE-LU,latest_same_hour,2024-07-20,24,236.58573445133004,37.94733192202055,198.63840252930953,26.02774098979853,33.00541666666667
DE-LU,seven_day_same_hour,2024-07-20,24,225.08796024943865,47.434164902525694,177.65379534691294,47.01234817219512,15.572797619047618
DE-LU,perfect_foresight,2024-07-20,24,253.1266424606235,28.460498941515414,224.66614351910806,0.0,0.0
DE-LU,latest_same_hour,2024-07-21,24,198.27688373941274,37.46049894151541,160.8163847978973,35.434369839423795,33.06375
DE-LU,seven_day_same_hour,2024-07-21,24,201.91764907707983,47.434164902525694,154.48348417455418,41.76727046276693,13.816488095238093
DE-LU,perfect_foresight,2024-07-21,24,233.71125357883653,37.46049894151541,196.2507546373211,0.0,0.0
DE-LU,latest_same_hour,2024-07-22,24,175.37310831886907,28.460498941515414,146.91260937735368,180.62889997033724,32.42666666666667
DE-LU,seven_day_same_hour,2024-07-22,24,336.56562450413816,46.46049894151541,290.10512556262273,37.43638378506819,26.362559523809526
DE-LU,perfect_foresight,2024-07-22,24,374.97567425021657,47.434164902525694,327.5415093476909,0.0,0.0
DE-LU,latest_same_hour,2024-07-23,24,126.69558652898489,37.46049894151541,89.23508758746947,65.6519921749835,31.559583333333336
DE-LU,seven_day_same_hour,2024-07-23,24,174.49606496614953,37.94733192202055,136.54873304412897,18.338346718324004,19.56470238095238
DE-LU,perfect_foresight,2024-07-23,24,183.86074572346325,28.973665961010276,154.88707976245297,0.0,0.0
DE-LU,latest_same_hour,2024-07-24,24,260.88833537412995,47.434164902525694,213.45417047160427,22.79266523204558,25.36375
DE-LU,seven_day_same_hour,2024-07-24,24,262.29156306611026,37.94733192202055,224.3442311440897,11.90260455956016,13.371071428571426
DE-LU,perfect_foresight,2024-07-24,24,265.2205016646602,28.973665961010276,236.24683570364985,0.0,0.0
DE-LU,latest_same_hour,2024-07-25,24,231.8615655582548,28.973665961010276,202.88789959724454,40.7693118840491,14.620416666666669
DE-LU,seven_day_same_hour,2024-07-25,24,268.6288715578292,37.94733192202055,230.68153963580863,12.97567184548501,7.159404761904761
DE-LU,perfect_foresight,2024-07-25,24,281.6045434033142,37.94733192202055,243.65721148129364,0.0,0.0
DE-LU,latest_same_hour,2024-07-26,24,120.61009943544816,28.973665961010276,91.63643347443788,35.85069321157488,27.06125
DE-LU,seven_day_same_hour,2024-07-26,24,155.98874728888308,37.94733192202055,118.04141536686252,9.445711319150234,18.016369047619047
DE-LU,perfect_foresight,2024-07-26,24,165.4344586080333,37.94733192202055,127.48712668601276,0.0,0.0
DE-LU,latest_same_hour,2024-07-27,24,153.4481355147006,37.94733192202055,115.50080359268003,44.94806249034491,11.4
DE-LU,seven_day_same_hour,2024-07-27,24,134.4258655395921,37.94733192202055,96.47853361757157,63.97033246545337,13.261785714285715
DE-LU,perfect_foresight,2024-07-27,24,188.42253204403522,27.973665961010273,160.44886608302494,0.0,0.0
DE-LU,latest_same_hour,2024-07-28,24,213.3322240572491,37.94733192202055,175.3848921352286,119.3397913735842,49.673333333333325
DE-LU,seven_day_same_hour,2024-07-28,24,259.80800776403566,37.94733192202055,221.86067584201513,72.86400766679768,33.09255952380952
DE-LU,perfect_foresight,2024-07-28,24,322.6983494698231,27.973665961010273,294.7246835088128,0.0,0.0
DE-LU,latest_same_hour,2024-07-29,24,278.7135061793926,27.973665961010273,250.7398402183823,82.96166365648008,24.503333333333334
DE-LU,seven_day_same_hour,2024-07-29,24,366.4311938278694,37.94733192202055,328.4838619058488,5.2176419690135845,17.323869047619045
DE-LU,perfect_foresight,2024-07-29,24,371.64883579688296,37.94733192202055,333.7015038748624,0.0,0.0
DE-LU,latest_same_hour,2024-07-30,24,271.63060399978735,27.973665961010273,243.65693803877707,60.245772965964875,36.2425
DE-LU,seven_day_same_hour,2024-07-30,24,326.08284737925936,37.46049894151541,288.62234843774394,15.280362566998008,15.10672619047619
DE-LU,perfect_foresight,2024-07-30,24,341.8500429267625,37.94733192202055,303.90271100474195,0.0,0.0
DE-LU,latest_same_hour,2024-07-31,24,228.46300388300563,37.94733192202055,190.51567196098506,3.7537276423200865,16.684583333333332
DE-LU,seven_day_same_hour,2024-07-31,24,221.96316016266667,37.46049894151541,184.50266122115124,9.766738382153903,6.8597619047619025
DE-LU,perfect_foresight,2024-07-31,24,223.24306556431543,28.973665961010276,194.26939960330515,0.0,0.0
DE-LU,latest_same_hour,2024-08-01,24,142.91643637812174,37.94733192202055,104.9691044561012,15.127526429327943,24.808333333333334
DE-LU,seven_day_same_hour,2024-08-01,24,139.5735948142398,37.94733192202055,101.62626289221926,18.47036799320989,22.69964285714286
DE-LU,perfect_foresight,2024-08-01,24,149.07029684643942,28.973665961010276,120.09663088542915,0.0,0.0
DE-LU,latest_same_hour,2024-08-02,24,149.1405949987838,28.973665961010276,120.16692903777354,23.158480968797022,15.75
DE-LU,seven_day_same_hour,2024-08-02,24,159.8513456050796,37.94733192202055,121.90401368305908,21.421396323511487,19.422916666666666
DE-LU,perfect_foresight,2024-08-02,24,180.785908948086,37.46049894151541,143.32541000657056,0.0,0.0
DE-LU,latest_same_hour,2024-08-03,24,201.50333384424664,28.973665961010276,172.52966788323636,27.18362614260667,23.241249999999997
DE-LU,seven_day_same_hour,2024-08-03,24,222.50874054261573,37.46049894151541,185.0482416011003,14.665052424742726,8.365892857142855
DE-LU,perfect_foresight,2024-08-03,24,227.6869599868533,27.973665961010273,199.71329402584303,0.0,0.0
DE-LU,latest_same_hour,2024-08-04,24,139.94516192376395,37.46049894151541,102.48466298224852,103.87306460928983,36.66708333333333
DE-LU,seven_day_same_hour,2024-08-04,24,170.51162469169907,36.97366596101027,133.5379587306888,72.81976886084954,20.939107142857143
DE-LU,perfect_foresight,2024-08-04,24,225.33139355254863,18.973665961010276,206.35772759153835,0.0,0.0
DE-LU,latest_same_hour,2024-08-05,24,309.0996901060192,27.973665961010273,281.12602414500896,47.80145821168571,27.174583333333334
DE-LU,seven_day_same_hour,2024-08-05,24,360.0845409669975,37.46049894151541,322.6240420254821,6.303440331212585,23.700833333333332
DE-LU,perfect_foresight,2024-08-05,24,375.38798129821004,46.46049894151541,328.92748235669467,0.0,0.0
DE-LU,latest_same_hour,2024-08-06,24,249.65971087295537,18.973665961010276,230.6860449119451,150.2897856554447,27.991666666666664
DE-LU,seven_day_same_hour,2024-08-06,24,412.9191186672945,37.46049894151541,375.4586197257791,5.517210841610677,14.299404761904762
DE-LU,perfect_foresight,2024-08-06,24,418.92316248941034,37.94733192202055,380.9758305673898,0.0,0.0
DE-LU,latest_same_hour,2024-08-07,24,220.33084702141178,46.46049894151541,173.87034807989636,23.69523275217466,14.044999999999996
DE-LU,seven_day_same_hour,2024-08-07,24,220.0866469763972,37.46049894151541,182.62614803488177,14.939432797189255,12.73642857142857
DE-LU,perfect_foresight,2024-08-07,24,235.02607977358645,37.46049894151541,197.56558083207102,0.0,0.0
DE-LU,latest_same_hour,2024-08-08,24,275.30269852009724,37.94733192202055,237.3553665980767,5.880067963173445,19.859583333333333
DE-LU,seven_day_same_hour,2024-08-08,24,272.5569404943438,37.94733192202055,234.60960857232322,8.62582598892692,11.59720238095238
DE-LU,perfect_foresight,2024-08-08,24,281.1827664832707,37.94733192202055,243.23543456125014,0.0,0.0
DE-LU,latest_same_hour,2024-08-09,24,221.58478792542624,37.46049894151541,184.1242889839108,37.14450914806207,40.735833333333325
DE-LU,seven_day_same_hour,2024-08-09,24,224.65253785546128,37.94733192202055,186.7052059334407,34.56359219853215,33.52613095238095
DE-LU,perfect_foresight,2024-08-09,24,259.24246409298314,37.97366596101027,221.26879813197286,0.0,0.0
DE-LU,latest_same_hour,2024-08-10,24,194.94039345728638,37.94733192202055,156.9930615352658,121.91169085631654,46.057500000000005
DE-LU,seven_day_same_hour,2024-08-10,24,282.26737627227055,37.94733192202055,244.32004435025,34.58470804133236,37.284464285714286
DE-LU,perfect_foresight,2024-08-10,24,298.3915853720875,19.486832980505138,278.90475239158235,0.0,0.0
DE-LU,latest_same_hour,2024-08-11,24,325.6034577279252,37.97366596101027,287.62979176691493,56.19332065904513,25.717916666666667
DE-LU,seven_day_same_hour,2024-08-11,24,325.5687419315547,37.94733192202055,287.6214100095342,56.20170241642586,32.99571428571428
DE-LU,perfect_foresight,2024-08-11,24,371.79677838697035,27.973665961010276,343.82311242596006,0.0,0.0
DE-LU,latest_same_hour,2024-08-12,24,188.6045880355599,19.486832980505138,169.11775505505477,280.15452726057663,44.227916666666665
DE-LU,seven_day_same_hour,2024-08-12,24,410.62678935187733,37.94733192202055,372.67945742985677,76.59282488577463,19.381488095238097
DE-LU,perfect_foresight,2024-08-12,24,487.21961423765197,37.94733192202055,449.2722823156314,0.0,0.0
DE-LU,latest_same_hour,2024-08-13,24,275.5900626616194,27.973665961010276,247.61639670060907,59.23821103015956,51.05166666666667
DE-LU,seven_day_same_hour,2024-08-13,24,273.3176549057802,37.94733192202055,235.37032298375968,71.48428474700896,25.306250000000002
DE-LU,perfect_foresight,2024-08-13,24,344.8019396527892,37.94733192202055,306.85460773076863,0.0,0.0
DE-LU,latest_same_hour,2024-08-14,24,250.54304661726798,37.94733192202055,212.5957146952474,1.6103385750012649,26.923333333333332
DE-LU,seven_day_same_hour,2024-08-14,24,243.01427091587678,37.94733192202055,205.0669389938562,9.139114276392462,34.29416666666666
DE-LU,perfect_foresight,2024-08-14,24,252.15338519226924,37.94733192202055,214.20605327024867,0.0,0.0
DE-LU,latest_same_hour,2024-08-15,24,303.97298056820415,37.94733192202055,266.0256486461836,10.646647423579964,22.753749999999997
DE-LU,seven_day_same_hour,2024-08-15,24,312.70341994334984,37.94733192202055,274.7560880213293,1.916208048434271,13.314702380952381
DE-LU,perfect_foresight,2024-08-15,24,314.6196279917841,37.94733192202055,276.67229606976355,0.0,0.0
DE-LU,latest_same_hour,2024-08-16,24,359.4322307709434,37.94733192202055,321.4848988489229,27.360984330770464,15.417083333333332
DE-LU,seven_day_same_hour,2024-08-16,24,380.6314780112076,37.94733192202055,342.68414608918704,6.161737090506335,30.254523809523807
DE-LU,perfect_foresight,2024-08-16,24,396.2800480822191,47.434164902525694,348.8458831796934,0.0,0.0
DE-LU,latest_same_hour,2024-08-17,24,170.6783652678757,37.94733192202055,132.73103334585517,23.747556538989016,14.672916666666666
DE-LU,seven_day_same_hour,2024-08-17,24,161.86562191678482,37.94733192202055,123.91828999476425,32.56029989007993,19.71255952380952
DE-LU,perfect_foresight,2024-08-17,24,184.9390888263596,28.460498941515414,156.47858988484418,0.0,0.0
DE-LU,latest_same_hour,2024-08-18,24,116.35152051446966,47.434164902525694,68.91735561194396,71.95640609000414,30.45208333333333
DE-LU,seven_day_same_hour,2024-08-18,24,123.42124184245999,37.94733192202055,85.47390992043944,55.39985178150866,22.340297619047618
DE-LU,perfect_foresight,2024-08-18,24,159.84742766295838,18.973665961010276,140.8737617019481,0.0,0.0
DE-LU,latest_same_hour,2024-08-19,24,206.4628183453305,28.460498941515414,178.00231940381508,87.79094602097103,27.497083333333336
DE-LU,seven_day_same_hour,2024-08-19,24,299.4788927758994,37.94733192202055,261.53156085387883,4.261704570907284,24.160059523809526
DE-LU,perfect_foresight,2024-08-19,24,303.7405973468066,37.94733192202055,265.7932654247861,0.0,0.0
DE-LU,latest_same_hour,2024-08-20,24,187.85513066032934,18.973665961010276,168.88146469931905,97.26214623528443,19.47625
DE-LU,seven_day_same_hour,2024-08-20,24,300.55014590063826,37.94733192202055,262.6028139786177,3.5407969559857975,10.07982142857143
DE-LU,perfect_foresight,2024-08-20,24,304.09094285662405,37.94733192202055,266.1436109346035,0.0,0.0
DE-LU,latest_same_hour,2024-08-21,24,280.08845152514414,37.94733192202055,242.1411196031236,45.16813071511589,55.78958333333333
DE-LU,seven_day_same_hour,2024-08-21,24,283.06355103161184,37.94733192202055,245.1162191095913,42.19303120864819,46.08910714285715
DE-LU,perfect_foresight,2024-08-21,24,334.74341522076514,47.434164902525694,287.3092503182395,0.0,0.0
DE-LU,latest_same_hour,2024-08-22,24,277.09223324279674,37.94733192202055,239.14490132077614,15.342520571231887,29.070000000000004
DE-LU,seven_day_same_hour,2024-08-22,24,268.0078295170485,37.94733192202055,230.06049759502793,24.426924296980104,34.92910714285714
DE-LU,perfect_foresight,2024-08-22,24,291.9479208335234,37.46049894151541,254.48742189200803,0.0,0.0
DE-LU,latest_same_hour,2024-08-23,24,242.55180957439273,47.434164902525694,195.11764467186703,28.524187643457452,18.040833333333335
DE-LU,seven_day_same_hour,2024-08-23,24,224.35326429942035,37.94733192202055,186.40593237739984,37.23589993792464,51.35333333333333
DE-LU,perfect_foresight,2024-08-23,24,262.1023312568399,38.46049894151541,223.64183231532448,0.0,0.0
DE-LU,latest_same_hour,2024-08-24,24,246.10573328943997,37.46049894151541,208.64523434792457,64.90596481999884,26.069583333333338
DE-LU,seven_day_same_hour,2024-08-24,24,260.88707416995925,37.94733192202055,222.93974224793868,50.61145691998473,43.37333333333334
DE-LU,perfect_foresight,2024-08-24,24,301.5248651289337,27.973665961010276,273.5511991679234,0.0,0.0
DE-LU,latest_same_hour,2024-08-25,24,143.38247951487253,38.46049894151541,104.92198057335712,31.635992203391353,21.71041666666667
DE-LU,seven_day_same_hour,2024-08-25,24,162.11460105557433,37.94733192202055,124.16726913355377,12.390703643194698,54.78928571428571
DE-LU,perfect_foresight,2024-08-25,24,156.0448057572536,19.486832980505138,136.55797277674847,0.0,0.0
DE-LU,latest_same_hour,2024-08-26,24,298.7405869050946,27.973665961010276,270.7669209440843,120.1471601059045,59.161249999999995
DE-LU,seven_day_same_hour,2024-08-26,24,388.4365650330306,37.94733192202055,350.4892331110101,40.4248479389787,29.161309523809525
DE-LU,perfect_foresight,2024-08-26,24,428.86141297200936,37.94733192202055,390.9140810499888,0.0,0.0
DE-LU,latest_same_hour,2024-08-27,24,301.94891883726086,19.486832980505138,282.4620858567557,164.84567802485088,69.03500000000001
DE-LU,seven_day_same_hour,2024-08-27,24,479.1459168631583,37.94733192202055,441.1985849411377,6.109178940468894,30.28136904761905
DE-LU,perfect_foresight,2024-08-27,24,485.25509580362717,37.94733192202055,447.3077638816066,0.0,0.0
DE-LU,latest_same_hour,2024-08-28,24,377.756940609844,37.94733192202055,339.8096086878234,24.189642755781676,10.593749999999998
DE-LU,seven_day_same_hour,2024-08-28,24,392.29341012305855,37.94733192202055,354.346078201038,9.653173242567107,36.1852380952381
DE-LU,perfect_foresight,2024-08-28,24,401.94658336562566,37.94733192202055,363.9992514436051,0.0,0.0
DE-LU,latest_same_hour,2024-08-29,24,418.9699352688021,37.94733192202055,381.0226033467815,8.133313775998488,23.134583333333335
DE-LU,seven_day_same_hour,2024-08-29,24,425.75062696168055,37.94733192202055,387.80329503966,1.3526220831200249,53.34702380952381
DE-LU,perfect_foresight,2024-08-29,24,427.1032490448006,37.94733192202055,389.15591712278,0.0,0.0
DE-LU,latest_same_hour,2024-08-30,24,180.5096896548851,37.94733192202055,142.56235773286454,5.560368151375201,22.709999999999997
DE-LU,seven_day_same_hour,2024-08-30,24,179.36305209009646,37.94733192202055,141.4157201680759,6.707005716163849,42.77154761904762
DE-LU,perfect_foresight,2024-08-30,24,186.07005780626028,37.94733192202055,148.12272588423974,0.0,0.0
DE-LU,latest_same_hour,2024-08-31,24,271.72386336783643,37.94733192202055,233.77653144581586,11.595793469327731,38.48875
DE-LU,seven_day_same_hour,2024-08-31,24,271.7238633678364,37.94733192202055,233.77653144581586,11.595793469327731,19.925476190476193
DE-LU,perfect_foresight,2024-08-31,24,273.832823856659,28.460498941515414,245.3723249151436,0.0,0.0
DE-LU,latest_same_hour,2024-09-01,24,250.19826851707222,37.94733192202055,212.25093659505166,38.94334054389745,45.42208333333334
DE-LU,seven_day_same_hour,2024-09-01,24,249.6436726747046,37.94733192202055,211.69634075268402,39.49793638626508,23.697857142857146
DE-LU,perfect_foresight,2024-09-01,24,279.6547760804645,28.460498941515414,251.1942771389491,0.0,0.0
DE-LU,latest_same_hour,2024-09-02,24,289.67969481034174,28.460498941515414,261.2191958688263,19.64256767220695,40.0575
DE-LU,seven_day_same_hour,2024-09-02,24,313.0476896953608,37.94733192202055,275.10035777334025,5.76140576769302,28.378869047619045
DE-LU,perfect_foresight,2024-09-02,24,318.80909546305384,37.94733192202055,280.86176354103327,0.0,0.0
DE-LU,latest_same_hour,2024-09-03,24,917.0174186027896,28.460498941515414,888.5569196612742,73.61596446412682,96.74416666666667
DE-LU,seven_day_same_hour,2024-09-03,24,986.1477457128901,37.94733192202055,948.2004137908696,13.972470334531408,66.02410714285715
DE-LU,perfect_foresight,2024-09-03,24,1000.1202160474215,37.94733192202055,962.172884125401,0.0,0.0
DE-LU,latest_same_hour,2024-09-04,24,402.3038111114047,37.94733192202055,364.3564791893841,9.139999999999986,13.614583333333334
DE-LU,seven_day_same_hour,2024-09-04,24,399.84369239228715,37.94733192202055,361.8963604702666,11.600118719117518,31.245714285714286
DE-LU,perfect_foresight,2024-09-04,24,411.44381111140467,37.94733192202055,373.4964791893841,0.0,0.0
DE-LU,latest_same_hour,2024-09-05,24,262.2438870577599,37.94733192202055,224.2965551357393,19.859750305157036,94.23333333333333
DE-LU,seven_day_same_hour,2024-09-05,24,265.3827128033514,37.94733192202055,227.43538088133081,16.720924559565532,40.271249999999995
DE-LU,perfect_foresight,2024-09-05,24,281.6168043824117,37.46049894151541,244.15630544089635,0.0,0.0
DE-LU,latest_same_hour,2024-09-06,24,296.1733147572427,37.94733192202055,258.2259828352221,4.0134062563392945,49.70958333333332
DE-LU,seven_day_same_hour,2024-09-06,24,299.1665391308758,37.94733192202055,261.21920720885527,1.0201818827061402,32.37934523809523
DE-LU,perfect_foresight,2024-09-06,24,300.186721013582,37.94733192202055,262.2393890915614,0.0,0.0
DE-LU,latest_same_hour,2024-09-07,24,257.31386842704296,37.46049894151541,219.85336948552754,24.485838079199596,20.88291666666667
DE-LU,seven_day_same_hour,2024-09-07,24,260.3721850357059,37.94733192202055,222.42485311368537,21.91435445104176,24.263392857142858
DE-LU,perfect_foresight,2024-09-07,24,272.79970650624256,28.460498941515414,244.33920756472713,0.0,0.0
DE-LU,latest_same_hour,2024-09-08,24,199.0125356432299,37.94733192202055,161.06520372120934,36.30840884369266,25.477500000000003
DE-LU,seven_day_same_hour,2024-09-08,24,199.5615421846619,37.94733192202055,161.61421026264134,35.75940230226067,28.94196428571429
DE-LU,perfect_foresight,2024-09-08,24,225.34727852591232,27.973665961010276,197.373612564902,0.0,0.0
DE-LU,latest_same_hour,2024-09-09,24,82.26482124807997,28.460498941515414,53.80432230656454,69.42159871155633,35.51416666666667
DE-LU,seven_day_same_hour,2024-09-09,24,146.0945798760041,37.94733192202055,108.14724795398355,15.07867306413732,30.93875
DE-LU,perfect_foresight,2024-09-09,24,161.1732529401414,37.94733192202055,123.22592101812087,0.0,0.0
DE-LU,latest_same_hour,2024-09-10,24,160.6055762960595,27.973665961010276,132.6319103350492,99.25900017028667,28.786666666666665
DE-LU,seven_day_same_hour,2024-09-10,24,267.6745766539071,37.94733192202055,229.72724473188654,2.1636657734493383,39.71154761904762
DE-LU,perfect_foresight,2024-09-10,24,269.3514094468513,37.46049894151541,231.89091050533588,0.0,0.0
DE-LU,latest_same_hour,2024-09-11,24,148.64629614281222,37.94733192202055,110.69896422079168,41.198297266202246,28.943750000000005
DE-LU,seven_day_same_hour,2024-09-11,24,181.03146657492863,37.94733192202055,143.08413465290806,8.813126834085864,27.972916666666666
DE-LU,perfect_foresight,2024-09-11,24,189.84459340901446,37.94733192202055,151.89726148699393,0.0,0.0
DE-LU,latest_same_hour,2024-09-12,24,420.9436285534791,37.46049894151541,383.48312961196365,9.04250010538118,53.29958333333334
DE-LU,seven_day_same_hour,2024-09-12,24,428.35887602079197,37.94733192202055,390.4115440987714,2.1140856185734265,30.49869047619048
DE-LU,perfect_foresight,2024-09-12,24,430.47296163936534,37.94733192202055,392.5256297173448,0.0,0.0
DE-LU,latest_same_hour,2024-09-13,24,87.51758210452203,37.94733192202055,49.57025018250147,37.21860214145212,28.740833333333338
DE-LU,seven_day_same_hour,2024-09-13,24,115.4315735211452,37.94733192202055,77.48424159912463,9.304610724828962,24.010833333333334
DE-LU,perfect_foresight,2024-09-13,24,124.24935126546902,37.46049894151541,86.78885232395359,0.0,0.0
DE-LU,latest_same_hour,2024-09-14,24,228.09824002756403,37.94733192202055,190.1509081055435,4.521665510863954,58.50458333333333
DE-LU,seven_day_same_hour,2024-09-14,24,229.27543568661588,37.94733192202055,191.3281037645953,3.3444698518121356,28.536130952380955
DE-LU,perfect_foresight,2024-09-14,24,232.61990553842801,37.94733192202055,194.67257361640745,0.0,0.0
DE-LU,latest_same_hour,2024-09-15,24,221.1609690954008,37.46049894151541,183.70047015388536,15.741232971160457,42.75083333333333
DE-LU,seven_day_same_hour,2024-09-15,24,228.99035844658403,37.94733192202055,191.04302652456346,8.39867660048236,25.14708333333333
DE-LU,perfect_foresight,2024-09-15,24,227.92853610555096,28.486832980505135,199.44170312504582,0.0,0.0
DE-LU,latest_same_hour,2024-09-16,24,126.41891893767604,37.94733192202055,88.47158701565547,14.118577025077641,48.14041666666666
DE-LU,seven_day_same_hour,2024-09-16,24,121.76252829479182,37.94733192202055,83.81519637277127,18.774967667961846,23.549702380952382
DE-LU,perfect_foresight,2024-09-16,24,140.53749596275367,37.94733192202055,102.59016404073311,0.0,0.0
DE-LU,latest_same_hour,2024-09-17,24,197.8748728049427,28.486832980505135,169.38803982443756,39.208963458373034,31.39125
DE-LU,seven_day_same_hour,2024-09-17,24,244.9485201615613,37.94733192202055,207.00118823954077,1.5958150432698233,14.058630952380952
DE-LU,perfect_foresight,2024-09-17,24,246.54433520483116,37.94733192202055,208.5970032828106,0.0,0.0
DE-LU,latest_same_hour,2024-09-18,24,265.1033286653748,37.94733192202055,227.15599674335425,58.58858174766232,23.806249999999995
DE-LU,seven_day_same_hour,2024-09-18,24,313.9372429717771,37.94733192202055,275.98991104975653,9.75466744126004,17.520357142857144
DE-LU,perfect_foresight,2024-09-18,24,323.69191041303714,37.94733192202055,285.74457849101657,0.0,0.0
DE-LU,latest_same_hour,2024-09-19,24,323.3838977052951,37.94733192202055,285.43656578327455,3.658286993788977,12.693750000000003
DE-LU,seven_day_same_hour,2024-09-19,24,312.74293457334477,37.94733192202055,274.79560265132426,14.299250125739263,15.754583333333334
DE-LU,perfect_foresight,2024-09-19,24,327.0421846990841,37.94733192202055,289.0948527770635,0.0,0.0
DE-LU,latest_same_hour,2024-09-20,24,308.9756625158157,37.94733192202055,271.0283305937952,4.042572414041672,7.9487499999999995
DE-LU,seven_day_same_hour,2024-09-20,24,300.9856888700926,37.94733192202055,263.0383569480721,12.032546059764798,14.525833333333331
DE-LU,perfect_foresight,2024-09-20,24,313.01823492985744,37.94733192202055,275.0709030078369,0.0,0.0
DE-LU,latest_same_hour,2024-09-21,24,251.9206816899655,37.94733192202055,213.973349767945,22.491567278822913,14.617916666666666
DE-LU,seven_day_same_hour,2024-09-21,24,235.00487249464612,37.94733192202055,197.05754057262556,39.40737647414235,18.381130952380953
DE-LU,perfect_foresight,2024-09-21,24,264.9254159882833,28.460498941515414,236.4649170467679,0.0,0.0
DE-LU,latest_same_hour,2024-09-22,24,244.37479613466897,37.94733192202055,206.42746421264843,35.563680225014366,15.789166666666665
DE-LU,seven_day_same_hour,2024-09-22,24,251.35479613466896,37.94733192202055,213.40746421264845,28.583680225014348,18.548809523809528
DE-LU,perfect_foresight,2024-09-22,24,270.4516433791782,28.460498941515414,241.9911444376628,0.0,0.0
DE-LU,latest_same_hour,2024-09-23,24,411.6859565964453,28.460498941515414,383.22545765492987,114.79861649874283,51.44
DE-LU,seven_day_same_hour,2024-09-23,24,532.5871283405006,37.94733192202055,494.63979641848,3.384277735192711,43.11529761904762
DE-LU,perfect_foresight,2024-09-23,24,535.9714060756933,37.94733192202055,498.0240741536727,0.0,0.0
DE-LU,latest_same_hour,2024-09-24,24,111.2515249389325,28.460498941515414,82.79102599741708,76.19768841599495,31.86833333333333
DE-LU,seven_day_same_hour,2024-09-24,24,194.40278653747515,37.94733192202055,156.45545461545458,2.5332597979574416,18.08809523809524
DE-LU,perfect_foresight,2024-09-24,24,196.9360463354326,37.94733192202055,158.98871441341203,0.0,0.0
DE-LU,latest_same_hour,2024-09-25,24,290.60772253233176,37.94733192202055,252.6603906103112,39.18175461510759,46.22
DE-LU,seven_day_same_hour,2024-09-25,24,287.82632467082044,37.94733192202055,249.87899274879987,41.963152476618916,24.28845238095238
DE-LU,perfect_foresight,2024-09-25,24,329.78947714743936,37.94733192202055,291.8421452254188,0.0,0.0
DE-LU,latest_same_hour,2024-09-26,24,191.520800332083,37.94733192202055,153.57346841006245,16.01394976922657,36.76958333333334
DE-LU,seven_day_same_hour,2024-09-26,24,193.4134987751802,37.94733192202055,155.46616685315965,14.121251326129368,30.018035714285713
DE-LU,perfect_foresight,2024-09-26,24,217.02158308181467,47.434164902525694,169.58741817928902,0.0,0.0
DE-LU,latest_same_hour,2024-09-27,24,165.699602349251,37.94733192202055,127.75227042723044,0.9130220231005666,60.385
DE-LU,seven_day_same_hour,2024-09-27,24,163.94854973793522,37.94733192202055,126.00121781591467,2.6640746344163375,68.91660714285715
DE-LU,perfect_foresight,2024-09-27,24,166.61262437235155,37.94733192202055,128.665292450331,0.0,0.0
DE-LU,latest_same_hour,2024-09-28,24,132.6950028134143,47.434164902525694,85.26083791088863,28.62828780079502,35.231249999999996
DE-LU,seven_day_same_hour,2024-09-28,24,135.31676584457563,37.94733192202055,97.36943392255505,16.5196917891286,51.33672619047619
DE-LU,perfect_foresight,2024-09-28,24,151.34962465319904,37.46049894151541,113.88912571168365,0.0,0.0
DE-LU,latest_same_hour,2024-09-29,24,400.77653335992545,37.94733192202055,362.8292014379049,4.120315558321579,43.588750000000005
DE-LU,seven_day_same_hour,2024-09-29,24,402.3716646549985,37.94733192202055,364.4243327329779,2.5251842632485477,16.98904761904762
DE-LU,perfect_foresight,2024-09-29,24,414.3836818987522,47.434164902525694,366.94951699622646,0.0,0.0
DE-LU,latest_same_hour,2024-09-30,24,233.34652061071975,37.46049894151541,195.88602166920435,44.0919166696703,27.889583333333334
DE-LU,seven_day_same_hour,2024-09-30,24,272.6751369604017,37.94733192202055,234.72780503838112,5.25013330049353,33.93630952380953
DE-LU,perfect_foresight,2024-09-30,24,286.43843728039,46.46049894151541,239.97793833887465,0.0,0.0
DE-LU,latest_same_hour,2024-10-01,24,266.46788760218055,47.434164902525694,219.03372269965487,7.69005441091312,40.933749999999996
DE-LU,seven_day_same_hour,2024-10-01,24,261.6135894184114,37.94733192202055,223.66625749639087,3.0575196141771244,28.863928571428573
DE-LU,perfect_foresight,2024-10-01,24,264.6711090325885,37.94733192202055,226.723777110568,0.0,0.0
DE-LU,latest_same_hour,2024-10-02,24,104.6947897595721,46.46049894151541,58.234290818056735,42.81773339901301,62.53916666666667
DE-LU,seven_day_same_hour,2024-10-02,24,122.83554848078285,37.94733192202055,84.88821655876234,16.163807658307405,44.802738095238105
DE-LU,perfect_foresight,2024-10-02,24,138.9993561390903,37.94733192202055,101.05202421706974,0.0,0.0
DE-LU,latest_same_hour,2024-10-03,24,124.30464412645847,37.94733192202055,86.35731220443793,7.464704234285392,27.995833333333337
DE-LU,seven_day_same_hour,2024-10-03,24,117.21471572535089,37.94733192202055,79.26738380333033,14.554632635392991,25.161369047619047
DE-LU,perfect_foresight,2024-10-03,24,121.79568239973361,27.973665961010273,93.82201643872332,0.0,0.0
DE-LU,latest_same_hour,2024-10-04,24,176.94012318208036,37.94733192202055,138.99279126005982,17.411601597031506,7.5150000000000015
DE-LU,seven_day_same_hour,2024-10-04,24,193.682863609196,37.94733192202055,155.73553168717552,0.6688611699158002,45.52994047619048
DE-LU,perfect_foresight,2024-10-04,24,194.3517247791118,37.94733192202055,156.40439285709132,0.0,0.0
DE-LU,latest_same_hour,2024-10-05,24,219.4450767928491,27.973665961010273,191.47141083183877,11.673464173160596,15.231249999999998
DE-LU,seven_day_same_hour,2024-10-05,24,237.90066669496758,37.94733192202055,199.95333477294702,3.191540232052347,32.812261904761904
DE-LU,perfect_foresight,2024-10-05,24,241.09220692701987,37.94733192202055,203.14487500499936,0.0,0.0
DE-LU,latest_same_hour,2024-10-06,24,208.27508579083567,37.94733192202055,170.32775386881517,13.105749292327772,41.23166666666666
DE-LU,seven_day_same_hour,2024-10-06,24,212.96603212917856,37.94733192202055,175.01870020715805,8.41480295398489,21.360178571428573
DE-LU,perfect_foresight,2024-10-06,24,211.89400210265836,28.460498941515414,183.43350316114294,0.0,0.0
DE-LU,latest_same_hour,2024-10-07,24,414.03690735925113,37.94733192202055,376.08957543723056,9.077479467268006,25.32875
DE-LU,seven_day_same_hour,2024-10-07,24,421.4872883318928,37.94733192202055,383.53995640987216,1.6270984946264093,20.16232142857143
DE-LU,perfect_foresight,2024-10-07,24,423.11438682651914,37.94733192202055,385.16705490449857,0.0,0.0
DE-LU,latest_same_hour,2024-10-08,24,155.54544550690713,28.460498941515414,127.0849465653917,49.33200922207192,36.97708333333333
DE-LU,seven_day_same_hour,2024-10-08,24,199.83724473188653,37.94733192202055,161.88991280986596,14.52704297759766,19.60839285714286
DE-LU,perfect_foresight,2024-10-08,24,214.3642877094842,37.94733192202055,176.41695578746362,0.0,0.0
DE-LU,latest_same_hour,2024-10-09,24,175.48143294921374,37.94733192202055,137.5341010271932,1.3375660226584216,19.675
DE-LU,seven_day_same_hour,2024-10-09,24,168.97826446773132,37.94733192202055,131.03093254571078,7.8407345041408405,7.835238095238096
DE-LU,perfect_foresight,2024-10-09,24,176.8189989718722,37.94733192202055,138.87166704985162,0.0,0.0
DE-LU,latest_same_hour,2024-10-10,24,176.48883898047998,37.94733192202055,138.54150705845942,60.88931151095633,31.778333333333336
DE-LU,seven_day_same_hour,2024-10-10,24,215.8266208866813,37.94733192202055,177.87928896466073,21.551529604755018,23.198333333333334
DE-LU,perfect_foresight,2024-10-10,24,246.37815049143632,46.94733192202055,199.43081856941575,0.0,0.0
DE-LU,latest_same_hour,2024-10-11,24,313.34037018098485,37.94733192202055,275.3930382589643,4.795292373330938,16.074583333333333
DE-LU,seven_day_same_hour,2024-10-11,24,316.2717694274837,37.94733192202055,278.32443750546315,1.8638931268320675,14.970476190476191
DE-LU,perfect_foresight,2024-10-11,24,318.1356625543158,37.94733192202055,280.1883306322952,0.0,0.0
DE-LU,latest_same_hour,2024-10-12,24,123.89811900095286,46.94733192202055,76.95078707893228,62.96107135654498,23.46666666666667
DE-LU,seven_day_same_hour,2024-10-12,24,132.9554849420723,37.94733192202055,95.00815302005176,44.90370541542549,31.183869047619044
DE-LU,perfect_foresight,2024-10-12,24,168.37235737699265,28.460498941515414,139.91185843547726,0.0,0.0
DE-LU,latest_same_hour,2024-10-13,24,79.17390995893948,37.94733192202055,41.22657803691892,23.06140183385223,87.09583333333335
DE-LU,seven_day_same_hour,2024-10-13,24,71.86102783452662,37.94733192202055,33.91369591250607,30.37428395826508,71.01809523809524
DE-LU,perfect_foresight,2024-10-13,24,82.80114689026601,18.51316701949486,64.28797987077115,0.0,0.0
DE-LU,latest_same_hour,2024-10-14,24,267.8417160841863,28.460498941515414,239.38121714267095,193.3513916769391,67.25708333333334
DE-LU,seven_day_same_hour,2024-10-14,24,457.6526672991141,37.94733192202055,419.70533537709355,13.027273442516503,40.16684523809524
DE-LU,perfect_foresight,2024-10-14,24,470.6799407416306,37.94733192202055,432.73260881961005,0.0,0.0
DE-LU,latest_same_hour,2024-10-15,24,25.000405934962686,18.51316701949486,6.487238915467827,259.0406738578738,86.89083333333333
DE-LU,seven_day_same_hour,2024-10-15,24,272.1850212037594,37.94733192202055,234.23768928173882,31.290223491602774,36.05446428571428
DE-LU,perfect_foresight,2024-10-15,24,303.47524469536216,37.94733192202055,265.5279127733416,0.0,0.0
DE-LU,latest_same_hour,2024-10-16,24,251.1727869510971,37.94733192202055,213.22545502907656,10.38884694441171,70.51
DE-LU,seven_day_same_hour,2024-10-16,24,252.38013274274985,37.94733192202055,214.43280082072928,9.181501152758983,36.26428571428571
DE-LU,perfect_foresight,2024-10-16,24,271.048466876014,47.434164902525694,223.61430197348827,0.0,0.0
DE-LU,latest_same_hour,2024-10-17,24,271.61250644197787,37.94733192202055,233.66517451995736,60.67218128448684,46.32041666666666
DE-LU,seven_day_same_hour,2024-10-17,24,317.0292898304047,37.94733192202055,279.08195790838414,15.25539789606006,21.80321428571429
DE-LU,perfect_foresight,2024-10-17,24,332.2846877264647,37.94733192202055,294.3373558044442,0.0,0.0
DE-LU,latest_same_hour,2024-10-18,24,242.10522462190772,47.434164902525694,194.67105971938201,23.08720621033686,67.1975
DE-LU,seven_day_same_hour,2024-10-18,24,249.49782040850098,37.94733192202055,211.55048848648042,6.207777443238456,37.263333333333335
DE-LU,perfect_foresight,2024-10-18,24,255.70559785173944,37.94733192202055,217.75826592971887,0.0,0.0
DE-LU,latest_same_hour,2024-10-19,24,122.6309854753862,37.94733192202055,84.68365355336563,6.721033288105119,28.40625
DE-LU,seven_day_same_hour,2024-10-19,24,125.44466568115055,37.94733192202055,87.49733375913002,3.907353082340734,21.67571428571428
DE-LU,perfect_foresight,2024-10-19,24,119.86518578298617,28.460498941515414,91.40468684147075,0.0,0.0
DE-LU,latest_same_hour,2024-10-20,24,174.5997904550295,37.94733192202055,136.65245853300894,19.435411092448476,66.75958333333334
DE-LU,seven_day_same_hour,2024-10-20,24,174.20221018761697,37.94733192202055,136.2548782655964,19.832991359861012,39.90458333333333
DE-LU,perfect_foresight,2024-10-20,24,185.06153558646767,28.973665961010276,156.08786962545742,0.0,0.0
DE-LU,latest_same_hour,2024-10-21,24,223.7948151405078,28.460498941515414,195.33431619899238,113.56747658179296,38.215833333333336
DE-LU,seven_day_same_hour,2024-10-21,24,338.8797514719863,37.94733192202055,300.93241954996574,7.969373230819599,33.662797619047616
DE-LU,perfect_foresight,2024-10-21,24,346.8491247028059,37.94733192202055,308.90179278078534,0.0,0.0
DE-LU,latest_same_hour,2024-10-22,24,143.75434216202115,28.973665961010276,114.78067620101089,107.17428903359777,67.50041666666668
DE-LU,seven_day_same_hour,2024-10-22,24,256.2897335530132,37.94733192202055,218.34240163099264,3.6125636036160245,28.033809523809524
DE-LU,perfect_foresight,2024-10-22,24,259.90229715662923,37.94733192202055,221.95496523460866,0.0,0.0
DE-LU,latest_same_hour,2024-10-23,24,342.2248630494767,37.94733192202055,304.27753112745614,20.373003392383737,34.71041666666667
DE-LU,seven_day_same_hour,2024-10-23,24,352.9231497066438,37.94733192202055,314.97581778462325,9.674716735216634,39.43458333333333
DE-LU,perfect_foresight,2024-10-23,24,362.59786644186045,37.94733192202055,324.6505345198399,0.0,0.0
DE-LU,latest_same_hour,2024-10-24,24,202.52555365548952,37.94733192202055,164.57822173346895,17.054971678802787,7.772916666666667
DE-LU,seven_day_same_hour,2024-10-24,24,203.29794962115352,37.94733192202055,165.35061769913295,16.282575713138783,29.5989880952381
DE-LU,perfect_foresight,2024-10-24,24,219.5805253342923,37.94733192202055,181.63319341227174,0.0,0.0
DE-LU,latest_same_hour,2024-10-25,24,284.914624485876,37.94733192202055,246.96729256385544,4.046918073907847,9.081666666666665
DE-LU,seven_day_same_hour,2024-10-25,24,286.1802828368507,37.94733192202055,248.23295091483018,2.7812597229331004,28.019761904761907
DE-LU,perfect_foresight,2024-10-25,24,288.9615425597838,37.94733192202055,251.01421063776328,0.0,0.0
DE-LU,latest_same_hour,2024-10-26,24,172.41872356045957,37.94733192202055,134.471391638439,3.7205566322756454,14.768750000000002
DE-LU,seven_day_same_hour,2024-10-26,24,166.07851536197654,37.94733192202055,128.13118343995603,10.060764830758615,16.07029761904762
DE-LU,perfect_foresight,2024-10-26,24,166.65244721223007,28.460498941515414,138.19194827071465,0.0,0.0
DE-LU,latest_same_hour,2024-10-27,25,143.47309512248063,37.94733192202055,105.52576320046008,38.91982437886615,23.682399999999998
DE-LU,seven_day_same_hour,2024-10-27,25,124.4889540253785,37.94733192202055,86.54162210335797,57.90396547596826,22.25228571428572
DE-LU,perfect_foresight,2024-10-27,25,172.90608652084165,28.460498941515414,144.44558757932623,0.0,0.0
DE-LU,latest_same_hour,2024-10-28,24,62.38264952426255,28.460498941515414,33.92215058274718,52.08056285534791,19.168333333333337
DE-LU,seven_day_same_hour,2024-10-28,24,96.7931660096292,37.94733192202055,58.84583408760864,27.15687935048645,21.126547619047617
DE-LU,perfect_foresight,2024-10-28,24,123.95004536011565,37.94733192202055,86.00271343809509,0.0,0.0
DE-LU,latest_same_hour,2024-10-29,24,267.7557691639106,28.460498941515414,239.29527022239517,88.9451193010504,50.46875
DE-LU,seven_day_same_hour,2024-10-29,24,281.6986947343295,37.94733192202055,243.7513628123089,84.48902671113666,40.48166666666666
DE-LU,perfect_foresight,2024-10-29,24,366.18772144546614,37.94733192202055,328.2403895234456,0.0,0.0
DE-LU,latest_same_hour,2024-10-30,24,148.80499915844524,37.94733192202055,110.85766723642469,39.18673476771407,13.561666666666666
DE-LU,seven_day_same_hour,2024-10-30,24,156.59962971339345,37.94733192202055,118.65229779137289,31.392104212765872,20.431904761904764
DE-LU,perfect_foresight,2024-10-30,24,187.99173392615933,37.94733192202055,150.04440200413876,0.0,0.0
DE-LU,latest_same_hour,2024-10-31,24,133.61436875354588,37.94733192202055,95.66703683152531,4.904981912715982,35.70666666666666
DE-LU,seven_day_same_hour,2024-10-31,24,138.24737214592955,37.94733192202055,100.30004022390898,0.2719785203323113,14.486190476190478
DE-LU,perfect_foresight,2024-10-31,24,138.51935066626186,37.94733192202055,100.57201874424129,0.0,0.0
DE-LU,latest_same_hour,2024-11-01,24,137.22714168101066,37.94733192202055,99.27980975899013,8.529902742288016,49.63041666666667
DE-LU,seven_day_same_hour,2024-11-01,24,136.398890111546,37.94733192202055,98.45155818952543,9.358154311752713,36.94547619047619
DE-LU,perfect_foresight,2024-11-01,24,135.78337846228843,27.973665961010273,107.80971250127814,0.0,0.0
DE-LU,latest_same_hour,2024-11-02,24,96.41359185176458,37.94733192202055,58.46625992974401,19.592379360605378,15.886666666666668
DE-LU,seven_day_same_hour,2024-11-02,24,95.63460431617133,37.94733192202055,57.68727239415077,20.371366896198623,8.935000000000002
DE-LU,perfect_foresight,2024-11-02,24,106.03230525135967,27.973665961010276,78.05863929034939,0.0,0.0
DE-LU,latest_same_hour,2024-11-03,24,113.44784910086875,27.973665961010273,85.47418313985847,3.1270094278950182,18.8625
DE-LU,seven_day_same_hour,2024-11-03,24,108.47759492578851,37.94733192202055,70.530263003768,18.070929563985487,14.672797619047621
DE-LU,perfect_foresight,2024-11-03,24,117.06169150926888,28.460498941515414,88.60119256775349,0.0,0.0
DE-LU,latest_same_hour,2024-11-04,24,321.70572656143474,27.973665961010276,293.73206060042446,43.53726716465775,19.802916666666665
DE-LU,seven_day_same_hour,2024-11-04,24,373.96727183640724,37.94733192202055,336.01993991438667,1.2493878506955411,18.07577380952381
DE-LU,perfect_foresight,2024-11-04,24,375.2166596871027,37.94733192202055,337.2693277650822,0.0,0.0
DE-LU,latest_same_hour,2024-11-05,24,705.151265638512,28.460498941515414,676.6907666969965,71.92362215913226,71.57
DE-LU,seven_day_same_hour,2024-11-05,24,781.091934449461,37.94733192202055,743.1446025274404,5.4697863286884285,56.462440476190466
DE-LU,perfect_foresight,2024-11-05,24,786.5617207781494,37.94733192202055,748.6143888561288,0.0,0.0
DE-LU,latest_same_hour,2024-11-06,24,1577.838006398805,37.94733192202055,1539.8906744767846,1.6787260323128521,105.22291666666668
DE-LU,seven_day_same_hour,2024-11-06,24,1575.93589274087,37.94733192202055,1537.9885608188495,3.5808396902480126,120.69422619047619
DE-LU,perfect_foresight,2024-11-06,24,1579.516732431118,37.94733192202055,1541.5694005090975,0.0,0.0
DE-LU,latest_same_hour,2024-11-07,24,571.1199224860354,37.94733192202055,533.1725905640149,1.9174020204253566,43.33791666666667
DE-LU,seven_day_same_hour,2024-11-07,24,572.7103209640283,37.94733192202055,534.7629890420078,0.3270035424324078,45.852619047619044
DE-LU,perfect_foresight,2024-11-07,24,573.0373245064608,37.94733192202055,535.0899925844402,0.0,0.0
DE-LU,latest_same_hour,2024-11-08,24,53.12700358093245,37.94733192202055,15.179671658911886,7.4564298205101665,118.02125000000001
DE-LU,seven_day_same_hour,2024-11-08,24,53.39185766598338,37.94733192202055,15.444525743962842,7.19157573545921,31.64351190476191
DE-LU,perfect_foresight,2024-11-08,24,51.122934459927194,28.486832980505135,22.636101479422052,0.0,0.0
DE-LU,latest_same_hour,2024-11-09,24,46.33259910494036,37.94733192202055,8.38526718291979,34.014850449332016,46.56708333333333
DE-LU,seven_day_same_hour,2024-11-09,24,48.580029614873894,37.94733192202055,10.632697692853327,31.76741993939848,33.481964285714284
DE-LU,perfect_foresight,2024-11-09,24,61.37378359326209,18.973665961010276,42.400117632251806,0.0,0.0
DE-LU,latest_same_hour,2024-11-10,24,27.788094003202275,28.486832980505135,-0.6987389773028667,41.66411209657372,7.651666666666667
DE-LU,seven_day_same_hour,2024-11-10,24,24.916898731447105,37.94733192202055,-13.030433190573433,53.99580630984428,33.67303571428571
DE-LU,perfect_foresight,2024-11-10,24,59.939039080281134,18.973665961010276,40.96537311927085,0.0,0.0
DE-LU,latest_same_hour,2024-11-11,24,69.8447945956813,18.973665961010276,50.87112863467101,1.1007954939981914,9.537083333333335
DE-LU,seven_day_same_hour,2024-11-11,24,62.01012201821459,37.94733192202055,24.06279009619402,27.90913403247518,32.415059523809525
DE-LU,perfect_foresight,2024-11-11,24,70.94559008967948,18.973665961010276,51.9719241286692,0.0,0.0
DE-LU,latest_same_hour,2024-11-12,24,244.43560186258037,18.973665961010276,225.46193590157003,136.2482030642521,51.95375000000001
DE-LU,seven_day_same_hour,2024-11-12,24,306.28287864269396,37.94733192202055,268.3355467206734,93.37459224514873,34.435654761904765
DE-LU,perfect_foresight,2024-11-12,24,399.6574708878427,37.94733192202055,361.7101389658221,0.0,0.0
DE-LU,latest_same_hour,2024-11-13,24,105.27976046503366,18.973665961010276,86.30609450402338,98.41761100765217,28.32708333333333
DE-LU,seven_day_same_hour,2024-11-13,24,119.30586227899505,37.94733192202055,81.35853035697448,103.36517515470106,39.409821428571426
DE-LU,perfect_foresight,2024-11-13,24,203.69737147268583,18.973665961010276,184.72370551167555,0.0,0.0
DE-LU,latest_same_hour,2024-11-14,24,43.4886982930484,37.94733192202055,5.541366371027777,54.14325545049479,44.10625000000001
DE-LU,seven_day_same_hour,2024-11-14,24,44.72971915425893,37.94733192202055,6.782387232238307,52.90223458928426,26.15357142857143
DE-LU,perfect_foresight,2024-11-14,24,78.65828778253285,18.973665961010276,59.68462182152257,0.0,0.0
DE-LU,latest_same_hour,2024-11-15,24,79.07681037744736,18.973665961010276,60.103144416437075,0.8492965342205991,25.922500000000003
DE-LU,seven_day_same_hour,2024-11-15,24,78.7553786671237,36.973665961010276,41.78171270611341,19.170728244544264,12.079345238095238
DE-LU,perfect_foresight,2024-11-15,24,79.92610691166796,18.973665961010276,60.952440950657675,0.0,0.0
DE-LU,latest_same_hour,2024-11-16,24,58.90528948785578,18.973665961010276,39.9316235268455,15.065188649211336,27.678749999999997
DE-LU,seven_day_same_hour,2024-11-16,24,57.50937242578925,27.973665961010276,29.535706464779025,25.46110571127781,34.50517857142857
DE-LU,perfect_foresight,2024-11-16,24,73.97047813706709,18.973665961010276,54.996812176056835,0.0,0.0
DE-LU,latest_same_hour,2024-11-17,24,-3.2435158284093575,18.973665961010276,-22.21718178941964,108.45615804273396,60.68833333333333
DE-LU,seven_day_same_hour,2024-11-17,24,42.97410717326542,27.973665961010276,15.000441212255168,71.23853504105915,66.91988095238095
DE-LU,perfect_foresight,2024-11-17,24,123.69947519482974,37.46049894151541,86.23897625331432,0.0,0.0
DE-LU,latest_same_hour,2024-11-18,24,92.20651311322081,18.973665961010276,73.23284715221052,81.98404397117673,27.855833333333333
DE-LU,seven_day_same_hour,2024-11-18,24,147.8193861108775,28.973665961010276,118.84572014986722,36.37117097352004,26.533571428571424
DE-LU,perfect_foresight,2024-11-18,24,193.16422304540782,37.94733192202055,155.21689112338726,0.0,0.0
DE-LU,latest_same_hour,2024-11-19,24,30.532088692597313,37.46049894151541,-6.928410248918112,93.33006886346597,60.51083333333333
DE-LU,seven_day_same_hour,2024-11-19,24,52.95389578920964,36.973665961010276,15.980229828199413,70.42142878634844,10.221130952380951
DE-LU,perfect_foresight,2024-11-19,24,105.37532457555814,18.973665961010276,86.40165861454786,0.0,0.0
DE-LU,latest_same_hour,2024-11-20,24,123.26313167217063,37.94733192202055,85.31579975015009,13.417270893663186,15.314583333333331
DE-LU,seven_day_same_hour,2024-11-20,24,133.96164853068348,36.973665961010276,96.98798256967319,1.7450880741400852,9.865297619047618
DE-LU,perfect_foresight,2024-11-20,24,136.68040256583384,37.94733192202055,98.73307064381328,0.0,0.0
DE-LU,latest_same_hour,2024-11-21,24,46.42749809798501,18.973665961010276,27.453832136974725,90.03054463825296,19.814583333333335
DE-LU,seven_day_same_hour,2024-11-21,24,130.80093603138096,36.973665961010276,93.82727007037067,23.657106704857014,13.365297619047622
DE-LU,perfect_foresight,2024-11-21,24,136.45804273623799,18.973665961010276,117.48437677522769,0.0,0.0
DE-LU,latest_same_hour,2024-11-22,24,131.68224924766025,37.94733192202055,93.73491732563969,15.16295042420819,12.271666666666668
DE-LU,seven_day_same_hour,2024-11-22,24,95.26095106290325,27.973665961010276,67.28728510189296,41.610582647954914,11.451785714285714
DE-LU,perfect_foresight,2024-11-22,24,156.33203265237358,47.434164902525694,108.89786774984788,0.0,0.0
DE-LU,latest_same_hour,2024-11-23,24,70.00181455659919,18.973665961010276,51.02814859558891,29.91666164804274,47.29666666666666
DE-LU,seven_day_same_hour,2024-11-23,24,87.82405364339496,36.973665961010276,50.85038768238468,30.094422561246972,31.03154761904762
DE-LU,perfect_foresight,2024-11-23,24,109.9184762046419,28.973665961010276,80.94481024363165,0.0,0.0
DE-LU,latest_same_hour,2024-11-24,24,28.276737297317347,47.434164902525694,-19.157427605208344,30.155631342704165,107.33666666666666
DE-LU,seven_day_same_hour,2024-11-24,24,32.68959072639888,36.973665961010276,-4.284075234611393,15.282278972107214,101.18589285714286
DE-LU,perfect_foresight,2024-11-24,24,29.971869698506097,18.973665961010276,10.998203737495821,0.0,0.0
DE-LU,latest_same_hour,2024-11-25,24,114.86708962332685,28.973665961010276,85.89342366231656,89.20336703604826,44.42249999999999
DE-LU,seven_day_same_hour,2024-11-25,24,192.14971207136978,36.973665961010276,155.1760461103595,19.920744588005334,47.51952380952381
DE-LU,perfect_foresight,2024-11-25,24,213.04412262038534,37.94733192202055,175.09679069836483,0.0,0.0
DE-LU,latest_same_hour,2024-11-26,24,71.99141424149678,18.973665961010276,53.0177482804865,68.6472333341076,108.78208333333335
DE-LU,seven_day_same_hour,2024-11-26,24,152.02732495068017,36.973665961010276,115.05365898966988,6.611322624924213,18.7175
DE-LU,perfect_foresight,2024-11-26,24,159.6123135366147,37.94733192202055,121.6649816145941,0.0,0.0
DE-LU,latest_same_hour,2024-11-27,24,53.990563567091726,37.94733192202055,16.04323164507116,134.49917684373747,73.57916666666667
DE-LU,seven_day_same_hour,2024-11-27,24,71.18613719978566,36.973665961010276,34.21247123877538,116.32993725003325,39.24535714285714
DE-LU,perfect_foresight,2024-11-27,24,169.51607444981892,18.973665961010276,150.54240848880863,0.0,0.0
DE-LU,latest_same_hour,2024-11-28,24,119.84842037128254,37.94733192202055,81.90108844926195,46.12416492177573,19.82375
DE-LU,seven_day_same_hour,2024-11-28,24,138.59645321022924,37.94733192202055,100.64912128820868,27.376132082829002,23.037142857142857
DE-LU,perfect_foresight,2024-11-28,24,156.4857523125531,28.460498941515414,128.02525337103768,0.0,0.0
DE-LU,latest_same_hour,2024-11-29,24,101.4727079652666,18.973665961010276,82.49904200425631,22.22905127096911,18.8375
DE-LU,seven_day_same_hour,2024-11-29,24,101.2773078975577,28.973665961010276,72.30364193654742,32.424451338678,44.19642857142858
DE-LU,perfect_foresight,2024-11-29,24,133.70175923623572,28.973665961010276,104.72809327522542,0.0,0.0
DE-LU,latest_same_hour,2024-11-30,24,50.413000862780365,28.460498941515414,21.952501921264968,16.88052685819504,21.684583333333336
DE-LU,seven_day_same_hour,2024-11-30,24,63.923423700816585,28.973665961010276,34.9497577398063,3.8832710396537067,23.010535714285712
DE-LU,perfect_foresight,2024-11-30,24,67.31986175996515,28.486832980505135,38.83302877946001,0.0,0.0
DE-LU,latest_same_hour,2024-12-01,24,28.640236945530432,28.973665961010276,-0.33342901547986514,36.09690177300506,35.655
DE-LU,seven_day_same_hour,2024-12-01,24,51.6381394282501,28.973665961010276,22.664473467239816,13.098999290285377,12.634166666666667
DE-LU,perfect_foresight,2024-12-01,24,54.737138718535476,18.973665961010276,35.76347275752519,0.0,0.0
DE-LU,latest_same_hour,2024-12-02,24,51.44820160226446,28.486832980505135,22.96136862175932,88.7246270500279,20.9325
DE-LU,seven_day_same_hour,2024-12-02,24,118.94611396406671,28.973665961010276,89.97244800305643,21.713547668730797,21.87571428571429
DE-LU,perfect_foresight,2024-12-02,24,139.17282865229237,27.486832980505135,111.68599567178723,0.0,0.0
DE-LU,latest_same_hour,2024-12-03,24,75.13173459940313,18.973665961010276,56.15806863839285,82.06644256269405,49.479166666666664
DE-LU,seven_day_same_hour,2024-12-03,24,151.7292749571546,28.973665961010276,122.7556089961443,15.468902204942594,42.22863095238095
DE-LU,perfect_foresight,2024-12-03,24,157.19817716209718,18.973665961010276,138.2245112010869,0.0,0.0
DE-LU,latest_same_hour,2024-12-04,24,248.7853220864306,27.486832980505135,221.29848910592546,120.81711062142352,73.32125
DE-LU,seven_day_same_hour,2024-12-04,24,314.17986205183934,28.973665961010276,285.20619609082905,56.909403636519926,72.89238095238096
DE-LU,perfect_foresight,2024-12-04,24,380.06293164936955,37.94733192202055,342.115599727349,0.0,0.0
DE-LU,latest_same_hour,2024-12-05,24,52.15452683082855,18.973665961010276,33.18086086981827,62.16621685885986,41.459583333333335
DE-LU,seven_day_same_hour,2024-12-05,24,88.90378807859884,28.973665961010276,59.93012211758855,35.41695561108958,23.115952380952383
DE-LU,perfect_foresight,2024-12-05,24,114.32074368968841,18.973665961010276,95.34707772867813,0.0,0.0
DE-LU,latest_same_hour,2024-12-06,24,157.73697659191188,37.94733192202055,119.78964466989132,29.549669485180544,96.09458333333333
DE-LU,seven_day_same_hour,2024-12-06,24,157.2173126180599,28.973665961010276,128.24364665704962,21.095667498022237,36.81476190476191
DE-LU,perfect_foresight,2024-12-06,24,168.31298011608214,18.973665961010276,149.33931415507186,0.0,0.0
DE-LU,latest_same_hour,2024-12-07,24,-45.64982471548804,18.973665961010276,-64.6234906764983,133.81026414838377,38.66916666666666
DE-LU,seven_day_same_hour,2024-12-07,24,18.24280277958661,28.973665961010276,-10.730863181423672,79.91763665330913,52.91613095238096
DE-LU,perfect_foresight,2024-12-07,24,97.16043943289577,27.973665961010276,69.18677347188546,0.0,0.0
DE-LU,latest_same_hour,2024-12-08,24,32.07362213988226,18.973665961010276,13.099956178871977,27.198512736123234,36.94291666666666
DE-LU,seven_day_same_hour,2024-12-08,24,9.793508419097407,28.973665961010276,-19.180157541912877,59.47862645690809,22.464583333333334
DE-LU,perfect_foresight,2024-12-08,24,59.272134876005495,18.973665961010276,40.29846891499521,0.0,0.0
DE-LU,latest_same_hour,2024-12-09,24,-7.221506718874082,27.973665961010276,-35.195172679884365,147.77827402543727,37.599583333333335
DE-LU,seven_day_same_hour,2024-12-09,24,72.041036756501,27.973665961010276,44.06737079549072,68.5157305500622,17.39184523809524
DE-LU,perfect_foresight,2024-12-09,24,141.04360028706833,28.460498941515414,112.58310134555292,0.0,0.0
DE-LU,latest_same_hour,2024-12-10,24,142.47341619213074,18.973665961010276,123.49975023112044,22.330896332642638,51.16041666666666
DE-LU,seven_day_same_hour,2024-12-10,24,164.76590681186684,18.973665961010276,145.79224085085656,0.03840571290652406,35.808571428571426
DE-LU,perfect_foresight,2024-12-10,24,164.80431252477337,18.973665961010276,145.83064656376308,0.0,0.0
DE-LU,latest_same_hour,2024-12-11,24,430.30815216418625,28.460498941515414,401.84765322267083,161.1400373384339,166.95291666666665
DE-LU,seven_day_same_hour,2024-12-11,24,581.8867087984377,18.973665961010276,562.9130428374274,0.0746477236773444,153.78922619047617
DE-LU,perfect_foresight,2024-12-11,24,581.961356522115,18.973665961010276,562.9876905611047,0.0,0.0
DE-LU,latest_same_hour,2024-12-12,24,1415.0433946956957,18.973665961010276,1396.0697287346854,346.37213244265195,245.41
DE-LU,seven_day_same_hour,2024-12-12,24,1414.9054586845527,18.973665961010276,1395.9317927235425,346.51006845379493,281.7471428571429
DE-LU,perfect_foresight,2024-12-12,24,1780.389193099358,37.94733192202055,1742.4418611773374,0.0,0.0
DE-LU,latest_same_hour,2024-12-13,24,263.39273690689674,18.973665961010276,244.41907094588643,113.71767091064388,92.80458333333333
DE-LU,seven_day_same_hour,2024-12-13,24,263.5728651096837,18.973665961010276,244.59919914867336,113.53754270785694,52.86392857142857
DE-LU,perfect_foresight,2024-12-13,24,396.0840737785509,37.94733192202055,358.1367418565303,0.0,0.0
DE-LU,latest_same_hour,2024-12-14,24,39.15613536267614,37.94733192202055,1.208803440655572,46.046111455796165,294.1120833333333
DE-LU,seven_day_same_hour,2024-12-14,24,41.11274473805412,27.973665961010276,13.139078777043835,34.1158361194079,79.72047619047619
DE-LU,perfect_foresight,2024-12-14,24,85.7154138379671,38.46049894151541,47.25491489645174,0.0,0.0
DE-LU,latest_same_hour,2024-12-15,24,16.724678762038906,37.94733192202055,-21.22265315998162,87.87468431186753,131.61791666666667
DE-LU,seven_day_same_hour,2024-12-15,24,26.181736734634484,36.973665961010276,-10.791929226375814,77.44396037826172,133.21535714285713
DE-LU,perfect_foresight,2024-12-15,24,86.13886413239105,19.486832980505138,66.65203115188591,0.0,0.0
DE-LU,latest_same_hour,2024-12-16,24,106.02171861587216,38.46049894151541,67.56121967435674,53.015551267925446,52.55583333333334
DE-LU,seven_day_same_hour,2024-12-16,24,95.32595966651792,36.973665961010276,58.35229370550766,62.22447723677452,135.63833333333335
DE-LU,perfect_foresight,2024-12-16,24,139.55043690329248,18.973665961010276,120.57677094228218,0.0,0.0
DE-LU,latest_same_hour,2024-12-17,24,-0.22545945666325906,19.486832980505138,-19.7122924371684,142.3867323952348,55.3225
DE-LU,seven_day_same_hour,2024-12-17,24,128.2404551588874,37.94733192202055,90.2931232368669,32.38131672119948,90.54833333333333
DE-LU,perfect_foresight,2024-12-17,24,150.16127293857153,27.486832980505135,122.67443995806639,0.0,0.0
DE-LU,latest_same_hour,2024-12-18,24,56.34833047829511,18.973665961010276,37.37466451728484,46.79110007013841,22.04875
DE-LU,seven_day_same_hour,2024-12-18,24,38.95926186014009,37.94733192202055,1.0119299381195503,83.1538346493037,114.60273809523808
DE-LU,perfect_foresight,2024-12-18,24,121.62626352893865,37.46049894151541,84.16576458742325,0.0,0.0
DE-LU,latest_same_hour,2024-12-19,24,96.73971904271016,27.486832980505135,69.25288606220502,25.259130714128048,34.268750000000004
DE-LU,seven_day_same_hour,2024-12-19,24,67.09198695563597,37.94733192202055,29.144655033615408,65.36736174271766,108.45303571428572
DE-LU,perfect_foresight,2024-12-19,24,122.48568273734335,27.973665961010273,94.51201677633307,0.0,0.0
DE-LU,latest_same_hour,2024-12-20,24,98.97977784057395,37.46049894151541,61.51927889905852,68.82688227446164,30.517083333333336
DE-LU,seven_day_same_hour,2024-12-20,24,141.98374783231588,37.94733192202055,104.03641591029532,26.30974526322484,53.88720238095238
DE-LU,perfect_foresight,2024-12-20,24,167.80666011503553,37.46049894151541,130.34616117352016,0.0,0.0
DE-LU,latest_same_hour,2024-12-21,24,26.437720259386786,27.973665961010273,-1.5359457016234828,21.711214459067513,38.85708333333333
DE-LU,seven_day_same_hour,2024-12-21,24,35.26754814218535,18.973665961010276,16.293882181175064,3.881386576268966,59.08089285714286
DE-LU,perfect_foresight,2024-12-21,24,38.662101737949165,18.486832980505135,20.17526875744403,0.0,0.0
DE-LU,latest_same_hour,2024-12-22,24,39.2304627669473,37.46049894151541,1.769963825431887,74.93539141336589,53.43875
DE-LU,seven_day_same_hour,2024-12-22,24,55.99244061403584,27.486832980505135,28.50560763353069,48.19974760526709,43.69744047619048
DE-LU,perfect_foresight,2024-12-22,24,95.67902119980805,18.973665961010276,76.70535523879778,0.0,0.0
DE-LU,latest_same_hour,2024-12-23,24,-13.79089974427631,18.486832980505135,-32.27773272478145,123.28091770174947,39.99125
DE-LU,seven_day_same_hour,2024-12-23,24,51.02212859715881,27.486832980505135,23.5352956166537,67.46788936031432,22.23434523809524
DE-LU,perfect_foresight,2024-12-23,24,109.9768509379783,18.973665961010276,91.00318497696802,0.0,0.0
DE-LU,latest_same_hour,2024-12-24,24,39.23319918322204,18.973665961010276,20.259533222211758,12.209049650816269,79.55166666666666
DE-LU,seven_day_same_hour,2024-12-24,24,38.691194216314216,27.486832980505135,11.204361235809074,21.264221637218952,50.56916666666667
DE-LU,perfect_foresight,2024-12-24,24,51.44224883403831,18.973665961010276,32.468582873028026,0.0,0.0
DE-LU,latest_same_hour,2024-12-25,24,27.888585421881317,18.973665961010276,8.914919460871033,15.581826233249998,39.526250000000005
DE-LU,seven_day_same_hour,2024-12-25,24,37.292883605650474,28.460498941515414,8.832384664135049,15.664361029985983,45.21821428571428
DE-LU,perfect_foresight,2024-12-25,24,33.98357867462617,9.486832980505138,24.49674569412103,0.0,0.0
DE-LU,latest_same_hour,2024-12-26,24,16.49213011492077,18.973665961010276,-2.4815358460894714,29.405041834957558,14.674166666666666
DE-LU,seven_day_same_hour,2024-12-26,24,44.5900556863275,27.486832980505135,17.103222705822418,9.820283283045669,57.17309523809524
DE-LU,perfect_foresight,2024-12-26,24,36.41033896937323,9.486832980505138,26.923505988868087,0.0,0.0
DE-LU,latest_same_hour,2024-12-27,24,38.685495474107384,9.486832980505138,29.198662493602242,22.929537608174584,23.08125
DE-LU,seven_day_same_hour,2024-12-27,24,67.25624313613667,18.486832980505135,48.76941015563153,3.3587899461452935,59.751130952380954
DE-LU,perfect_foresight,2024-12-27,24,90.0755320237974,37.94733192202055,52.12820010177683,0.0,0.0
DE-LU,latest_same_hour,2024-12-28,24,28.452526775054167,9.486832980505138,18.965693794549026,16.301372949972034,10.104583333333332
DE-LU,seven_day_same_hour,2024-12-28,24,50.77152677505417,18.486832980505135,32.28469379454903,2.9823729499720315,51.98892857142857
DE-LU,perfect_foresight,2024-12-28,24,54.24073270553134,18.973665961010276,35.26706674452106,0.0,0.0
DE-LU,latest_same_hour,2024-12-29,24,57.74160234727526,37.94733192202055,19.79427042525475,25.48456373639044,19.91
DE-LU,seven_day_same_hour,2024-12-29,24,54.16623803744221,18.486832980505135,35.67940505693707,9.599429104708122,28.97095238095238
DE-LU,perfect_foresight,2024-12-29,24,73.73933310316062,28.460498941515414,45.27883416164519,0.0,0.0
DE-LU,latest_same_hour,2024-12-30,24,89.77681255117875,18.973665961010276,70.80314659016847,2.3633310217279586,44.482499999999995
DE-LU,seven_day_same_hour,2024-12-30,24,88.79124622842279,18.486832980505135,70.30441324791765,2.8620643639787744,13.493035714285716
DE-LU,perfect_foresight,2024-12-30,24,92.14014357290671,18.973665961010276,73.16647761189643,0.0,0.0
DE-LU,latest_same_hour,2024-12-31,24,63.34176670538031,28.460498941515414,34.881267763864884,55.068070831374285,43.17791666666667
DE-LU,seven_day_same_hour,2024-12-31,24,80.80636346630268,18.486832980505135,62.31953048579757,27.629808109441598,41.144226190476196
DE-LU,perfect_foresight,2024-12-31,24,108.92300455624942,18.973665961010276,89.94933859523917,0.0,0.0
FR,latest_same_hour,2024-01-09,24,64.10595805349374,18.486832980505135,45.619125072988595,26.035495286546393,20.261666666666667
FR,seven_day_same_hour,2024-01-09,24,64.35857027782248,18.486832980505135,45.87173729731734,25.78288306221765,43.89785714285714
FR,perfect_foresight,2024-01-09,24,108.62828632054527,36.973665961010276,71.65462035953499,0.0,0.0
FR,latest_same_hour,2024-01-10,24,123.5593414441899,36.973665961010276,86.58567548317961,0.8689821377890325,7.5212499999999975
FR,seven_day_same_hour,2024-01-10,24,79.76782752692662,18.486832980505135,61.28099454642148,26.173663074547164,34.19922619047619
FR,perfect_foresight,2024-01-10,24,125.40198954298921,37.94733192202055,87.45465762096865,0.0,0.0
FR,latest_same_hour,2024-01-11,24,111.7805611317628,36.973665961010276,74.80689517075251,6.029359286162958,3.805416666666669
FR,seven_day_same_hour,2024-01-11,24,66.84350016016768,18.973665961010276,47.869834199157395,32.966420257758074,21.314702380952383
FR,perfect_foresight,2024-01-11,24,118.78358637893604,37.94733192202055,80.83625445691547,0.0,0.0
FR,latest_same_hour,2024-01-12,24,92.75879073488915,37.94733192202055,54.81145881286858,2.579590359393535,5.715833333333333
FR,seven_day_same_hour,2024-01-12,24,51.99348883938879,18.973665961010276,33.019822878378505,24.37122629388361,11.984107142857141
FR,perfect_foresight,2024-01-12,24,86.3647151332724,28.973665961010276,57.391049172262115,0.0,0.0
FR,latest_same_hour,2024-01-13,24,50.59905148792575,37.94733192202055,12.651719565905182,7.392492674843481,19.270416666666666
FR,seven_day_same_hour,2024-01-13,24,22.81676175673462,18.973665961010276,3.843095795724338,16.201116445024326,11.81535714285714
FR,perfect_foresight,2024-01-13,24,39.531045221253805,19.486832980505138,20.044212240748664,0.0,0.0
FR,latest_same_hour,2024-01-14,24,8.463547083727434,28.973665961010276,-20.51011887728282,33.99629262577065,24.409166666666668
FR,seven_day_same_hour,2024-01-14,24,22.189592354668264,28.973665961010276,-6.7840736063420195,20.27024735482985,18.682380952380953
FR,perfect_foresight,2024-01-14,24,31.97300672899297,18.486832980505135,13.486173748487829,0.0,0.0
FR,latest_same_hour,2024-01-15,24,26.12374894051419,19.486832980505138,6.636915960009048,28.151013679000826,7.860416666666666
FR,seven_day_same_hour,2024-01-15,24,58.558776676708135,36.973665961010276,21.58511071569791,13.202818923311966,11.901190476190479
FR,perfect_foresight,2024-01-15,24,53.274762619515016,18.486832980505135,34.787929639009874,0.0,0.0
FR,latest_same_hour,2024-01-16,24,48.99989965000188,18.486832980505135,30.513066669496737,71.55748490357226,20.929166666666664
FR,seven_day_same_hour,2024-01-16,24,135.95482893313988,36.973665961010276,98.9811629721296,3.089388600939401,7.595892857142855
FR,perfect_foresight,2024-01-16,24,140.01788349508956,37.94733192202055,102.070551573069,0.0,0.0
FR,latest_same_hour,2024-01-17,24,46.48653162942546,18.486832980505135,27.999698648920315,41.60101141505325,9.605
FR,seven_day_same_hour,2024-01-17,24,31.672964969059706,36.973665961010276,-5.300700991950578,74.90141105592414,14.365952380952379
FR,perfect_foresight,2024-01-17,24,107.54804198599413,37.94733192202055,69.60071006397357,0.0,0.0
FR,latest_same_hour,2024-01-18,24,50.41114066719365,37.94733192202055,12.463808745173083,22.701302891108696,17.16416666666667
FR,seven_day_same_hour,2024-01-18,24,45.88963915856277,37.94733192202055,7.942307236542206,27.222804399739573,11.90291666666667
FR,perfect_foresight,2024-01-18,24,55.16511163628178,20.0,35.16511163628178,0.0,0.0
FR,latest_same_hour,2024-01-19,24,34.50361190596911,37.94733192202055,-3.443720016051458,45.239484528450305,7.710000000000001
FR,seven_day_same_hour,2024-01-19,24,77.21667486472245,37.94733192202055,39.26934294270194,2.5264215696969075,12.304464285714282
FR,perfect_foresight,2024-01-19,24,78.28259749290399,36.486832980505135,41.79576451239885,0.0,0.0
FR,latest_same_hour,2024-01-20,24,34.2274020204253,20.0,14.227402020425302,12.20538190945868,8.68833333333333
FR,seven_day_same_hour,2024-01-20,24,50.71671574262521,27.486832980505135,23.22988276212007,3.202901167763912,13.44922619047619
FR,perfect_foresight,2024-01-20,24,54.40644989089421,27.973665961010276,26.432783929883982,0.0,0.0
FR,latest_same_hour,2024-01-21,24,22.591464509782384,36.486832980505135,-13.895368470722758,39.905721309728136,23.928333333333338
FR,seven_day_same_hour,2024-01-21,24,40.656383292363586,28.486832980505135,12.169550311858444,13.840802527146934,29.74267857142857
FR,perfect_foresight,2024-01-21,24,54.4708517805208,28.460498941515414,26.010352839005378,0.0,0.0
FR,latest_same_hour,2024-01-22,24,110.35839465570082,27.973665961010276,82.38472869469054,25.511338406690342,20.504583333333333
FR,seven_day_same_hour,2024-01-22,24,112.57909124243848,27.486832980505135,85.09225826193334,22.80380883944754,28.97744047619048
FR,perfect_foresight,2024-01-22,24,155.3302320039066,47.434164902525694,107.89606710138088,0.0,0.0
FR,latest_same_hour,2024-01-23,24,-19.119530990730368,28.460498941515414,-47.58002993224579,150.19149650519867,20.296666666666663
FR,seven_day_same_hour,2024-01-23,24,115.33591955613326,28.973665961010276,86.36225359512298,16.2492129778299,26.019166666666663
FR,perfect_foresight,2024-01-23,24,139.58513253396316,36.973665961010276,102.61146657295288,0.0,0.0
FR,latest_same_hour,2024-01-24,24,117.62998691911162,47.434164902525694,70.19582201658596,9.953662962010668,13.316249999999998
FR,seven_day_same_hour,2024-01-24,24,104.76134583015275,36.973665961010276,67.7876798691425,12.361805109454139,30.522202380952383
FR,perfect_foresight,2024-01-24,24,107.63631795910177,27.486832980505138,80.14948497859663,0.0,0.0
FR,latest_same_hour,2024-01-25,24,56.8241944038752,36.973665961010276,19.850528442864913,34.46022544223666,17.65125
FR,seven_day_same_hour,2024-01-25,24,62.23745018693347,28.973665961010276,33.26378422592322,21.04696965917836,4.622142857142856
FR,perfect_foresight,2024-01-25,24,92.25808580712214,37.94733192202055,54.310753885101576,0.0,0.0
FR,latest_same_hour,2024-01-26,24,76.74739576082862,27.486832980505138,49.26056278032348,3.9168031040337326,18.201666666666668
FR,seven_day_same_hour,2024-01-26,24,71.37872909416197,28.486832980505135,42.89189611365683,10.285469770700388,8.282202380952379
FR,perfect_foresight,2024-01-26,24,91.12469780637778,37.94733192202055,53.177365884357215,0.0,0.0
FR,latest_same_hour,2024-01-27,24,48.7300193809607,37.94733192202055,10.78268745894016,24.683920942108642,8.184166666666666
FR,seven_day_same_hour,2024-01-27,24,69.33540382101052,37.94733192202055,31.38807189898995,4.078536502058853,9.144940476190476
FR,perfect_foresight,2024-01-27,24,72.92710734256423,37.46049894151541,35.4666084010488,0.0,0.0
FR,latest_same_hour,2024-01-28,24,52.47095661075613,37.94733192202055,14.523624688735595,16.97534453142997,13.309583333333334
FR,seven_day_same_hour,2024-01-28,24,51.95525368840953,37.94733192202055,14.00792176638899,17.491047453776574,14.734940476190475
FR,perfect_foresight,2024-01-28,24,50.985802200670705,19.486832980505138,31.498969220165563,0.0,0.0
FR,latest_same_hour,2024-01-29,24,97.01821517179911,37.46049894151541,59.55771623028369,4.5234003921559065,12.29625
FR,seven_day_same_hour,2024-01-29,24,93.7202210197496,37.94733192202055,55.772889097729035,8.30822752471056,15.193035714285715
FR,perfect_foresight,2024-01-29,24,93.05478258344988,28.973665961010276,64.0811166224396,0.0,0.0
FR,latest_same_hour,2024-01-30,24,12.50120481827409,19.486832980505138,-6.985628162231052,44.65391628138576,24.837083333333336
FR,seven_day_same_hour,2024-01-30,24,69.93473139359264,37.94733192202055,31.987399471572076,5.680888647582634,17.526785714285715
FR,perfect_foresight,2024-01-30,24,75.61562004117528,37.94733192202055,37.66828811915471,0.0,0.0
FR,latest_same_hour,2024-01-31,24,76.44724623653931,28.973665961010276,47.47358027552903,24.87904726012823,15.634166666666667
FR,seven_day_same_hour,2024-01-31,24,97.4404142232346,37.94733192202055,59.49308230121403,12.859545234443232,16.398869047619048
FR,perfect_foresight,2024-01-31,24,101.32629349666753,28.973665961010276,72.35262753565726,0.0,0.0
FR,latest_same_hour,2024-02-01,24,93.8892881759169,37.94733192202055,55.94195625389642,5.427482353731108,7.21125
FR,seven_day_same_hour,2024-02-01,24,93.75026461580444,36.973665961010276,56.77659865479416,4.592839952833373,10.016785714285716
FR,perfect_foresight,2024-02-01,24,97.85627158813267,36.486832980505135,61.36943860762753,0.0,0.0
FR,latest_same_hour,2024-02-02,24,65.79325007704016,28.973665961010276,36.81958411602989,10.051192410629511,9.232500000000002
FR,seven_day_same_hour,2024-02-02,24,82.58339789803568,37.94733192202055,44.636065976015175,2.2347105506442233,5.305892857142858
FR,perfect_foresight,2024-02-02,24,84.81810844867991,37.94733192202055,46.8707765266594,0.0,0.0
FR,latest_same_hour,2024-02-03,24,87.27387981988272,36.486832980505135,50.78704683937758,34.27936102998598,29.05125
FR,seven_day_same_hour,2024-02-03,24,107.44911251628307,37.94733192202055,69.50178059426253,15.564627275101032,24.218988095238092
FR,perfect_foresight,2024-02-03,24,123.52690681087898,38.46049894151541,85.06640786936356,0.0,0.0
FR,latest_same_hour,2024-02-04,24,95.82399362885461,37.94733192202055,57.87666170683404,42.541238108408365,39.2175
FR,seven_day_same_hour,2024-02-04,24,101.62116263550776,37.94733192202055,63.67383071348719,36.744069101755215,42.562916666666666
FR,perfect_foresight,2024-02-04,24,138.8783987567578,38.46049894151541,100.41789981524241,0.0,0.0
FR,latest_same_hour,2024-02-05,24,155.08683645597625,38.46049894151541,116.62633751446081,30.50628353954359,17.10291666666667
FR,seven_day_same_hour,2024-02-05,24,182.63178576896917,37.94733192202055,144.6844538469486,2.4481672070558034,16.045773809523812
FR,perfect_foresight,2024-02-05,24,193.59311999551983,46.46049894151541,147.1326210540044,0.0,0.0
FR,latest_same_hour,2024-02-06,24,129.21521454928364,38.46049894151541,90.75471560776822,18.32073825744257,25.783749999999998
FR,seven_day_same_hour,2024-02-06,24,134.83302941003868,37.94733192202055,96.88569748801811,12.18975637719268,11.086190476190476
FR,perfect_foresight,2024-02-06,24,156.5096187677365,47.434164902525694,109.07545386521079,0.0,0.0
FR,latest_same_hour,2024-02-07,24,97.24411598369107,46.46049894151541,50.78361704217568,17.83322470213855,12.911666666666667
FR,seven_day_same_hour,2024-02-07,24,95.21617997254796,37.94733192202055,57.268848050527396,11.347993693786833,5.74779761904762
FR,perfect_foresight,2024-02-07,24,97.10367472481937,28.486832980505135,68.61684174431423,0.0,0.0
FR,latest_same_hour,2024-02-08,24,78.5852211495604,47.434164902525694,31.151056247034717,29.467707955121014,22.495833333333337
FR,seven_day_same_hour,2024-02-08,24,77.61480370422873,46.46049894151541,31.15430476271331,29.46445943944242,19.489166666666666
FR,perfect_foresight,2024-02-08,24,99.07926314367117,38.46049894151541,60.61876420215573,0.0,0.0
FR,latest_same_hour,2024-02-09,24,89.72183955637891,28.486832980505135,61.23500657587377,27.289525054539524,12.991666666666665
FR,seven_day_same_hour,2024-02-09,24,121.35124911587366,46.46049894151541,74.89075017435826,13.633781456055033,10.907797619047619
FR,perfect_foresight,2024-02-09,24,126.47186355243383,37.94733192202055,88.52453163041329,0.0,0.0
FR,latest_same_hour,2024-02-10,24,-5.048294362518362,38.46049894151541,-43.50879330403379,54.84155491071966,22.575
FR,seven_day_same_hour,2024-02-10,24,25.632757970966907,47.434164902525694,-21.8014069315588,33.13416853824467,20.89363095238095
FR,perfect_foresight,2024-02-10,24,29.819594587191,18.486832980505135,11.332761606685871,0.0,0.0
FR,latest_same_hour,2024-02-11,24,64.02026484087754,37.94733192202055,26.072932918856978,22.648089854487395,14.877499999999998
FR,seven_day_same_hour,2024-02-11,24,76.40305126285261,47.434164902525694,28.968886360326906,19.752136413017467,11.991309523809525
FR,perfect_foresight,2024-02-11,24,94.69468873435466,45.97366596101027,48.72102277334437,0.0,0.0
FR,latest_same_hour,2024-02-12,24,23.324482522042082,18.486832980505135,4.8376495415369405,59.247229772425065,6.838333333333334
FR,seven_day_same_hour,2024-02-12,24,99.52458240560736,46.46049894151541,53.06408346409194,11.020795849870069,21.273869047619048
FR,perfect_foresight,2024-02-12,24,102.03221123598257,37.94733192202055,64.084879313962,0.0,0.0
FR,latest_same_hour,2024-02-13,24,19.646210278927867,45.97366596101027,-26.327455682082416,69.06453813334525,13.80916666666667
FR,seven_day_same_hour,2024-02-13,24,70.08537458125846,37.94733192202055,32.1380426592379,10.59903979202494,14.646190476190478
FR,perfect_foresight,2024-02-13,24,80.68441437328337,37.94733192202055,42.737082451262836,0.0,0.0
FR,latest_same_hour,2024-02-14,24,74.34593484925304,37.94733192202055,36.398602927232474,5.934097764620475,9.145833333333334
FR,seven_day_same_hour,2024-02-14,24,74.82431687124824,37.46049894151541,37.36381792973282,4.968882762120131,6.769166666666666
FR,perfect_foresight,2024-02-14,24,78.81953367235809,36.486832980505135,42.33270069185295,0.0,0.0
FR,latest_same_hour,2024-02-15,24,65.50816943853724,37.94733192202055,27.5608375165167,19.812246621806864,14.111250000000004
FR,seven_day_same_hour,2024-02-15,24,77.27356737309728,37.94733192202055,39.32623545107674,8.046848687246822,5.581011904761906
FR,perfect_foresight,2024-02-15,24,85.32041606034413,37.94733192202055,47.37308413832356,0.0,0.0
FR,latest_same_hour,2024-02-16,24,49.84400217471921,36.486832980505135,13.357169194214066,6.968366446052272,6.418333333333333
FR,seven_day_same_hour,2024-02-16,24,51.19829385456853,36.486832980505135,14.711460874063391,5.614074766202947,4.623571428571428
FR,perfect_foresight,2024-02-16,24,38.81236862077148,18.486832980505138,20.325535640266338,0.0,0.0
FR,latest_same_hour,2024-02-17,24,34.434012952065274,37.94733192202055,-3.5133189699552787,20.594178397035975,7.952500000000001
FR,seven_day_same_hour,2024-02-17,24,18.578606939061245,36.486832980505135,-17.908226041443896,34.98908546852459,5.561071428571428
FR,perfect_foresight,2024-02-17,24,26.567692407585838,9.486832980505138,17.080859427080696,0.0,0.0
FR,latest_same_hour,2024-02-18,24,8.003718103917578,18.486832980505138,-10.483114876587564,45.99202172399088,15.292499999999999
FR,seven_day_same_hour,2024-02-18,24,19.49810421177807,36.486832980505135,-16.98872876872707,52.49763561613039,17.81267857142857
FR,perfect_foresight,2024-02-18,24,54.4825728084136,18.973665961010276,35.50890684740332,0.0,0.0
FR,latest_same_hour,2024-02-19,24,16.567485315218537,9.486832980505138,7.080652334713395,48.75473660383577,8.510833333333334
FR,seven_day_same_hour,2024-02-19,24,85.18705546125443,36.486832980505135,48.70022248074926,7.135166457799897,5.666607142857148
FR,perfect_foresight,2024-02-19,24,93.29588788006454,37.46049894151541,55.83538893854916,0.0,0.0
FR,latest_same_hour,2024-02-20,24,3.126811800934945,18.973665961010276,-15.846854160075338,45.14020688654415,15.134583333333333
FR,seven_day_same_hour,2024-02-20,24,55.079057364283926,28.0,27.079057364283926,2.2142953621848847,3.084940476190475
FR,perfect_foresight,2024-02-20,24,66.75385166798424,37.46049894151541,29.29335272646881,0.0,0.0
FR,latest_same_hour,2024-02-21,24,58.58157089627967,37.46049894151541,21.121071954764275,12.133939197703675,8.947083333333333
FR,seven_day_same_hour,2024-02-21,24,41.335710706780375,28.973665961010276,12.36204474577012,20.89296640669783,6.952083333333332
FR,perfect_foresight,2024-02-21,24,52.22867711347823,18.973665961010276,33.25501115246795,0.0,0.0
FR,latest_same_hour,2024-02-22,24,114.39059910494038,37.46049894151541,76.93010016342498,19.102920436188015,21.625
FR,seven_day_same_hour,2024-02-22,24,70.67674166403012,28.973665961010276,41.70307570301984,54.329944896593155,18.734940476190474
FR,perfect_foresight,2024-02-22,24,133.00668656062328,36.973665961010276,96.033020599613,0.0,0.0
FR,latest_same_hour,2024-02-23,24,45.900302814055124,18.973665961010276,26.926636853044844,62.10855224730065,23.034583333333334
FR,seven_day_same_hour,2024-02-23,24,110.55198100831166,28.973665961010276,81.57831504730139,7.456874053044103,19.106607142857143
FR,perfect_foresight,2024-02-23,24,126.4956880418609,37.46049894151541,89.03518910034549,0.0,0.0
FR,latest_same_hour,2024-02-24,24,46.53400584795037,36.973665961010276,9.560339886940099,30.827065847245564,18.20875
FR,seven_day_same_hour,2024-02-24,24,67.65692051121238,37.46049894151541,30.196421569696952,10.190984164488711,7.439404761904761
FR,perfect_foresight,2024-02-24,24,59.87423871469079,19.486832980505138,40.38740573418566,0.0,0.0
FR,latest_same_hour,2024-02-25,24,32.38991374470723,37.46049894151541,-5.070585196808196,19.29586893608751,18.269166666666667
FR,seven_day_same_hour,2024-02-25,24,32.998637827373926,37.46049894151541,-4.461861114141442,18.687144853420754,6.369761904761906
FR,perfect_foresight,2024-02-25,24,24.225283739279313,10.0,14.225283739279313,0.0,0.0
FR,latest_same_hour,2024-02-26,24,7.1477336210692215,19.486832980505138,-12.339099359435934,40.06358287302801,11.437916666666666
FR,seven_day_same_hour,2024-02-26,24,60.5027498742607,37.46049894151541,23.042250932745276,4.682232580846801,13.129583333333334
FR,perfect_foresight,2024-02-26,24,56.21131649409719,28.486832980505135,27.724483513592077,0.0,0.0
FR,latest_same_hour,2024-02-27,24,39.87553822866097,10.0,29.87553822866097,35.91261512801269,9.97958333333333
FR,seven_day_same_hour,2024-02-27,24,88.79973669811014,37.94733192202055,50.85240477608957,14.93574858058409,14.27375
FR,perfect_foresight,2024-02-27,24,103.73548527869417,37.94733192202055,65.78815335667366,0.0,0.0
FR,latest_same_hour,2024-02-28,24,60.91775582767241,28.486832980505135,32.43092284716727,26.934139661439815,7.730416666666666
FR,seven_day_same_hour,2024-02-28,24,70.14752988659038,37.94733192202055,32.20019796456981,27.164864544037272,12.705892857142857
FR,perfect_foresight,2024-02-28,24,96.8255614501225,37.46049894151541,59.36506250860708,0.0,0.0
FR,latest_same_hour,2024-02-29,24,60.97695900956066,37.94733192202055,23.029627087540092,6.0335946997275585,6.8983333333333325
FR,seven_day_same_hour,2024-02-29,24,65.42141607860626,36.973665961010276,28.447750117595973,0.6154716696716775,7.715476190476193
FR,perfect_foresight,2024-02-29,24,66.52372072878308,37.46049894151541,29.06322178726765,0.0,0.0
FR,latest_same_hour,2024-03-01,24,46.684955447878224,37.46049894151541,9.224456506362799,12.82353624654878,6.113333333333334
FR,seven_day_same_hour,2024-03-01,24,42.06689873144717,37.94733192202055,4.119566809426601,17.928425943484978,9.881666666666668
FR,perfect_foresight,2024-03-01,24,51.02165871392185,28.973665961010276,22.04799275291158,0.0,0.0
FR,latest_same_hour,2024-03-02,24,36.772844526357176,37.46049894151541,-0.6876544151582493,22.316671881955934,6.12625
FR,seven_day_same_hour,2024-03-02,24,38.24205780428463,37.46049894151541,0.7815588627692023,20.847458604028482,7.832976190476189
FR,perfect_foresight,2024-03-02,24,31.629017466797684,10.0,21.629017466797684,0.0,0.0
FR,latest_same_hour,2024-03-03,24,34.439063283200475,28.973665961010276,5.465397322190199,23.91948935748423,6.754166666666666
FR,seven_day_same_hour,2024-03-03,24,36.915386568152414,28.486832980505135,8.428553587647272,20.956333092027158,5.302023809523811
FR,perfect_foresight,2024-03-03,24,47.38488667967443,18.0,29.38488667967443,0.0,0.0
FR,latest_same_hour,2024-03-04,24,32.20411256701132,10.0,22.20411256701132,56.16172515631632,12.051666666666668
FR,seven_day_same_hour,2024-03-04,24,89.18880093436059,28.486832980505135,60.701967953855444,17.6638697694722,9.611547619047618
FR,perfect_foresight,2024-03-04,24,116.31316964534821,37.94733192202055,78.36583772332764,0.0,0.0
FR,latest_same_hour,2024-03-05,24,50.319076547538074,18.0,32.319076547538074,27.191439412657843,13.065416666666666
FR,seven_day_same_hour,2024-03-05,24,86.52410261696252,28.486832980505135,58.03726963645738,1.473246323738536,10.493630952380954
FR,perfect_foresight,2024-03-05,24,77.99734894070106,18.486832980505135,59.51051596019592,0.0,0.0
FR,latest_same_hour,2024-03-06,24,127.93873488123847,37.94733192202055,89.99140295921791,2.073320787814737,6.88
FR,seven_day_same_hour,2024-03-06,24,102.79913555325405,28.973665961010276,73.82546959224376,18.23925415478888,14.462916666666665
FR,perfect_foresight,2024-03-06,24,130.0120556690532,37.94733192202055,92.06472374703264,0.0,0.0
FR,latest_same_hour,2024-03-07,24,15.307689689433758,18.486832980505135,-3.1791432910713695,53.265850360103656,12.613333333333335
FR,seven_day_same_hour,2024-03-07,24,44.050407791322186,28.486832980505135,15.563574810817045,34.52313225821524,7.452023809523808
FR,perfect_foresight,2024-03-07,24,79.06037303004256,28.973665961010276,50.086707069032286,0.0,0.0
FR,latest_same_hour,2024-03-08,24,122.80926118689636,37.94733192202055,84.86192926487583,4.145371843856353,16.109166666666667
FR,seven_day_same_hour,2024-03-08,24,125.94443559135361,37.94733192202055,87.99710366933304,1.0101974393991355,10.05875
FR,perfect_foresight,2024-03-08,24,126.46780005024758,37.46049894151541,89.00730110873218,0.0,0.0
FR,latest_same_hour,2024-03-09,24,54.94310237362727,28.973665961010276,25.969436412616993,65.01778888055878,24.191666666666663
FR,seven_day_same_hour,2024-03-09,24,106.35430408946961,37.94733192202055,68.40697216744906,22.580253125726713,22.68142857142857
FR,perfect_foresight,2024-03-09,24,118.96089125418602,27.973665961010273,90.98722529317577,0.0,0.0
FR,latest_same_hour,2024-03-10,24,31.643861864385258,37.46049894151541,-5.816637077130167,49.781109793084894,17.75125
FR,seven_day_same_hour,2024-03-10,24,33.85764054552604,37.94733192202055,-4.089691376494528,48.054164092449255,17.883095238095237
FR,perfect_foresight,2024-03-10,24,63.451305696459855,19.486832980505138,43.96447271595473,0.0,0.0
FR,latest_same_hour,2024-03-11,24,22.68334063718393,27.973665961010273,-5.290325323826323,54.56320110550166,23.144166666666667
FR,seven_day_same_hour,2024-03-11,24,84.16047997417664,37.94733192202055,46.21314805215607,3.059727729519267,7.727797619047618
FR,perfect_foresight,2024-03-11,24,78.24654174268562,28.973665961010276,49.27287578167534,0.0,0.0
FR,latest_same_hour,2024-03-12,24,24.216060918891145,19.486832980505138,4.729227938386003,53.32887337881252,21.967916666666667
FR,seven_day_same_hour,2024-03-12,24,71.66947114548879,37.94733192202055,33.72213922346825,24.335962093730274,8.946845238095237
FR,perfect_foresight,2024-03-12,24,87.0317672782088,28.973665961010276,58.05810131719852,0.0,0.0
FR,latest_same_hour,2024-03-13,24,98.83706504528561,28.973665961010276,69.86339908427533,30.086064602214563,11.224166666666667
FR,seven_day_same_hour,2024-03-13,24,127.64029441823925,37.46049894151541,90.17979547672385,9.769668209766039,7.143869047619046
FR,perfect_foresight,2024-03-13,24,137.4099626280053,37.46049894151541,99.94946368648989,0.0,0.0
FR,latest_same_hour,2024-03-14,24,79.15500737887498,28.973665961010276,50.1813414178647,37.356353820409765,13.579583333333334
FR,seven_day_same_hour,2024-03-14,24,109.23466680552846,37.46049894151541,71.77416786401304,15.763527374261429,8.705238095238096
FR,perfect_foresight,2024-03-14,24,124.99819417978989,37.46049894151541,87.53769523827447,0.0,0.0
FR,latest_same_hour,2024-03-15,24,135.36594849578776,37.46049894151541,97.90544955427237,16.133014263016292,18.970000000000002
FR,seven_day_same_hour,2024-03-15,24,124.78222619248051,28.973665961010276,95.80856023147024,18.22990358581842,21.308988095238092
FR,perfect_foresight,2024-03-15,24,143.0121297782989,28.973665961010276,114.03846381728866,0.0,0.0
FR,latest_same_hour,2024-03-16,24,63.54595464284786,37.46049894151541,26.085455701332435,51.84713686420508,15.420416666666668
FR,seven_day_same_hour,2024-03-16,24,106.0121653607885,28.973665961010276,77.03849939977823,0.894093165759287,12.565952380952382
FR,perfect_foresight,2024-03-16,24,97.93259256553752,20.0,77.93259256553752,0.0,0.0
FR,latest_same_hour,2024-03-17,24,49.929081676669426,28.973665961010276,20.95541571565917,40.42896651314701,11.676250000000001
FR,seven_day_same_hour,2024-03-17,24,46.98844834779487,28.973665961010276,18.01478238678459,43.36959984202159,14.330297619047618
FR,perfect_foresight,2024-03-17,24,80.35804818981646,18.973665961010276,61.38438222880618,0.0,0.0
FR,latest_same_hour,2024-03-18,24,124.33662120509449,20.0,104.33662120509449,60.0653104220615,18.382916666666667
FR,seven_day_same_hour,2024-03-18,24,183.76895608756115,37.46049894151541,146.30845714604573,18.093474481110263,11.342797619047621
FR,perfect_foresight,2024-03-18,24,210.86243056867136,46.46049894151541,164.401931627156,0.0,0.0
FR,latest_same_hour,2024-03-19,24,108.34172511573375,18.973665961010276,89.36805915472347,71.87204794549332,21.691666666666666
FR,seven_day_same_hour,2024-03-19,24,197.13597694877166,37.46049894151541,159.67547800725623,1.5646290929605584,11.702440476190475
FR,perfect_foresight,2024-03-19,24,199.1874390222373,37.94733192202055,161.2401071002168,0.0,0.0
FR,latest_same_hour,2024-03-20,24,216.1949280289492,46.46049894151541,169.7344290874338,11.590690683012895,10.925833333333335
FR,seven_day_same_hour,2024-03-20,24,207.31469259712247,37.46049894151541,169.85419365560705,11.470926114839642,10.792499999999999
FR,perfect_foresight,2024-03-20,24,227.78561871196212,46.46049894151541,181.3251197704467,0.0,0.0
FR,latest_same_hour,2024-03-21,24,179.19890251919054,37.94733192202055,141.25157059717,16.042192941887606,14.904583333333335
FR,seven_day_same_hour,2024-03-21,24,178.07393968634997,37.46049894151541,140.61344074483455,16.68032279422306,6.482500000000001
FR,perfect_foresight,2024-03-21,24,204.7279284415833,47.434164902525694,157.2937635390576,0.0,0.0
FR,latest_same_hour,2024-03-22,24,131.5469020690443,46.46049894151541,85.0864031275289,18.73395010584845,24.394166666666667
FR,seven_day_same_hour,2024-03-22,24,127.87522231342622,37.94733192202055,89.92789039140567,13.892462841971678,20.626666666666665
FR,perfect_foresight,2024-03-22,24,150.28085217489274,46.46049894151541,103.82035323337735,0.0,0.0
FR,latest_same_hour,2024-03-23,24,79.3526422143246,47.434164902525694,31.918477311798917,9.271924877925187,44.42499999999999
FR,seven_day_same_hour,2024-03-23,24,79.55603021506897,47.434164902525694,32.12186531254329,9.068536877180811,46.052619047619054
FR,perfect_foresight,2024-03-23,24,69.16406815073438,27.973665961010276,41.190402189724104,0.0,0.0
FR,latest_same_hour,2024-03-24,24,74.79000573640167,46.46049894151541,28.32950679488627,35.33563904602623,27.97
FR,seven_day_same_hour,2024-03-24,24,75.59175832782662,47.434164902525694,28.15759342530093,35.50755241561157,38.97404761904762
FR,perfect_foresight,2024-03-24,24,82.15197882141763,18.486832980505135,63.6651458409125,0.0,0.0
FR,latest_same_hour,2024-03-25,24,88.06999162343415,27.973665961010276,60.096325662423865,154.70466313130947,38.00416666666667
FR,seven_day_same_hour,2024-03-25,24,211.09536406847346,47.434164902525694,163.66119916594775,51.1397896277856,13.664940476190475
FR,perfect_foresight,2024-03-25,24,262.2351536962591,47.434164902525694,214.80098879373335,0.0,0.0
FR,latest_same_hour,2024-03-26,24,81.90546559763594,18.486832980505135,63.418632617130804,105.4286661312969,33.52
FR,seven_day_same_hour,2024-03-26,24,134.33944966779674,47.434164902525694,86.90528476527106,81.94201398315664,12.13535714285714
FR,perfect_foresight,2024-03-26,24,206.79463067044827,37.94733192202055,168.8472987484277,0.0,0.0
FR,latest_same_hour,2024-03-27,24,131.65802041205202,47.434164902525694,84.22385550952632,69.08459608767868,13.922083333333333
FR,seven_day_same_hour,2024-03-27,24,183.42696236640782,47.434164902525694,135.9927974638821,17.31565413332288,12.698869047619048
FR,perfect_foresight,2024-03-27,24,190.76895053872042,37.46049894151541,153.308451597205,0.0,0.0
FR,latest_same_hour,2024-03-28,24,79.93705688572985,37.94733192202055,41.98972496370929,33.81501029067542,30.061249999999998
FR,seven_day_same_hour,2024-03-28,24,104.5855414324424,46.46049894151541,58.12504249092698,17.67969276345773,21.595
FR,perfect_foresight,2024-03-28,24,113.26523419590012,37.46049894151541,75.80473525438471,0.0,0.0
FR,latest_same_hour,2024-03-29,24,113.84134852905484,37.46049894151541,76.38084958753942,25.806746425114838,28.969583333333333
FR,seven_day_same_hour,2024-03-29,24,113.08203958718963,37.94733192202055,75.13470766516907,27.05288834748518,16.934761904761903
FR,perfect_foresight,2024-03-29,24,139.64809495416966,37.46049894151541,102.18759601265425,0.0,0.0
FR,latest_same_hour,2024-03-30,24,85.89456630449378,37.46049894151541,48.43406736297837,61.267621963454786,35.083333333333336
FR,seven_day_same_hour,2024-03-30,24,38.87469559414636,37.94733192202055,0.9273636721258001,108.77432565430735,22.191309523809522
FR,perfect_foresight,2024-03-30,24,138.1885223069383,28.486832980505138,109.70168932643315,0.0,0.0
FR,latest_same_hour,2024-03-31,23,39.87395205648238,37.46049894151541,2.413453114966977,67.9010763032149,23.183478260869567
FR,seven_day_same_hour,2024-03-31,23,60.21148299143839,37.46049894151541,22.750984049922966,47.563545368258914,15.490186335403727
FR,perfect_foresight,2024-03-31,23,107.28819537919215,36.97366596101027,70.31452941818188,0.0,0.0
FR,latest_same_hour,2024-04-01,24,66.033639537743,28.486832980505138,37.54680655723785,37.55012872389933,34.62083333333334
FR,seven_day_same_hour,2024-04-01,24,65.02772908807461,37.46049894151541,27.56723014655919,47.52970513457799,20.8735119047619
FR,perfect_foresight,2024-04-01,24,103.55743422265257,28.460498941515414,75.09693528113718,0.0,0.0
FR,latest_same_hour,2024-04-02,24,95.51458113019291,36.97366596101027,58.54091516918264,68.76604788971895,19.9675
FR,seven_day_same_hour,2024-04-02,24,165.31584467838164,45.97366596101027,119.34217871737135,7.964784341530233,21.264781746031748
FR,perfect_foresight,2024-04-02,24,156.28062901991186,28.973665961010276,127.30696305890159,0.0,0.0
FR,latest_same_hour,2024-04-03,24,25.888074822965137,28.460498941515414,-2.572424118550278,69.72866470583365,10.731250000000001
FR,seven_day_same_hour,2024-04-03,24,75.00276393244172,46.46049894151541,28.542264990926302,38.61397559635708,21.11906746031746
FR,perfect_foresight,2024-04-03,24,95.61673952879879,28.460498941515414,67.15624058728338,0.0,0.0
FR,latest_same_hour,2024-04-04,24,58.75989963376885,28.973665961010276,29.786233672758577,10.492951340733782,10.548333333333334
FR,seven_day_same_hour,2024-04-04,24,64.2336778738677,38.46049894151541,25.773178932352288,14.506006081140072,21.222430555555558
FR,perfect_foresight,2024-04-04,24,77.25285097450264,36.97366596101027,40.27918501349236,0.0,0.0
FR,latest_same_hour,2024-04-05,24,19.56833194028272,28.460498941515414,-8.892167001232691,16.95956720379852,8.449583333333333
FR,seven_day_same_hour,2024-04-05,24,27.212869005024487,46.46049894151541,-19.247629936490924,27.315030139056752,19.35561507936508
FR,perfect_foresight,2024-04-05,24,27.041066163576104,18.973665961010276,8.067400202565828,0.0,0.0
FR,latest_same_hour,2024-04-06,24,24.28230116450657,36.97366596101027,-12.691364796503706,39.34304820709079,10.479583333333332
FR,seven_day_same_hour,2024-04-06,24,28.20704532161563,45.97366596101027,-17.766620639394638,44.41830404998172,25.05169642857143
FR,perfect_foresight,2024-04-06,24,45.625349371597366,18.973665961010276,26.651683410587083,0.0,0.0
FR,latest_same_hour,2024-04-07,24,34.419191723235315,18.973665961010276,15.44552576222504,31.147350177615543,7.152499999999999
FR,seven_day_same_hour,2024-04-07,24,46.79765791196195,28.486832980505138,18.31082493145681,28.28205100838377,16.59014880952381
FR,perfect_foresight,2024-04-07,24,65.07970892034572,18.486832980505135,46.59287593984058,0.0,0.0
FR,latest_same_hour,2024-04-08,24,20.91846672201383,18.973665961010276,1.9448007610035534,29.29520400008116,7.049166666666667
FR,seven_day_same_hour,2024-04-08,24,62.810357224968214,37.486832980505135,25.32352424446308,5.9164805166216325,8.115089285714285
FR,perfect_foresight,2024-04-08,24,69.18733668310526,37.94733192202055,31.240004761084712,0.0,0.0
FR,latest_same_hour,2024-04-09,24,11.887202968989833,18.486832980505135,-6.5996300115153055,14.074753284906558,4.494583333333333
FR,seven_day_same_hour,2024-04-09,24,5.797726567629139,28.486832980505135,-22.689106412875997,30.164229686267248,8.814404761904763
FR,perfect_foresight,2024-04-09,24,16.96195625389639,9.486832980505138,7.475123273391253,0.0,0.0
FR,latest_same_hour,2024-04-10,24,168.78913661982844,37.94733192202055,130.8418046978079,50.82671645634471,33.59125
FR,seven_day_same_hour,2024-04-10,24,173.7465578427579,28.973665961010276,144.77289188174763,36.89562927240499,30.613452380952378
FR,perfect_foresight,2024-04-10,24,237.61585307617315,55.94733192202055,181.66852115415261,0.0,0.0
FR,latest_same_hour,2024-04-11,24,67.30907999668395,9.486832980505138,57.82224701617881,73.29928527020391,14.646666666666667
FR,seven_day_same_hour,2024-04-11,24,108.92769535081106,19.486832980505138,89.44086237030592,41.680669916076795,11.922976190476192
FR,perfect_foresight,2024-04-11,24,168.58203122789814,37.46049894151541,131.12153228638272,0.0,0.0
FR,latest_same_hour,2024-04-12,24,165.01142354056879,55.94733192202055,109.0640916185482,32.53799510811656,20.269166666666667
FR,seven_day_same_hour,2024-04-12,24,169.08750404218554,28.460498941515414,140.62700510067012,0.9750816259946475,13.044761904761906
FR,perfect_foresight,2024-04-12,24,170.0625856681802,28.460498941515414,141.60208672666477,0.0,0.0
FR,latest_same_hour,2024-04-13,24,115.75220156376443,37.46049894151541,78.29170262224902,68.5731180712112,21.492499999999996
FR,seven_day_same_hour,2024-04-13,24,152.2713051824227,28.973665961010276,123.29763922141242,23.567181472047793,14.912738095238097
FR,perfect_foresight,2024-04-13,24,166.35165367396536,19.486832980505138,146.86482069346022,0.0,0.0
FR,latest_same_hour,2024-04-14,24,100.29891160848804,28.460498941515414,71.83841266697264,16.581922331100998,18.445416666666667
FR,seven_day_same_hour,2024-04-14,24,112.32215650572199,37.46049894151541,74.86165756420658,13.55867743386706,9.955714285714286
FR,perfect_foresight,2024-04-14,24,117.39400095908391,28.973665961010276,88.42033499807364,0.0,0.0
FR,latest_same_hour,2024-04-15,24,26.58052936750707,19.486832980505138,7.093696387001928,15.659245778276514,15.200000000000001
FR,seven_day_same_hour,2024-04-15,24,49.32931737716892,37.46049894151541,11.86881843565351,10.88412372962493,9.863690476190476
FR,perfect_foresight,2024-04-15,24,51.72660812628872,28.973665961010276,22.75294216527844,0.0,0.0
FR,latest_same_hour,2024-04-16,24,14.685842208664424,28.973665961010276,-14.287823752345853,29.243802066855004,7.841666666666666
FR,seven_day_same_hour,2024-04-16,24,18.46825245758251,28.973665961010276,-10.50541350342777,25.46139181793692,11.81386904761905
FR,perfect_foresight,2024-04-16,24,24.44281129501429,9.486832980505138,14.955978314509151,0.0,0.0
FR,latest_same_hour,2024-04-17,24,240.5407158713414,28.973665961010276,211.56704991033115,138.44607093168258,35.15375
FR,seven_day_same_hour,2024-04-17,24,321.3263053262772,28.973665961010276,292.3526393652669,57.66048147674684,27.945119047619045
FR,perfect_foresight,2024-04-17,24,387.9604527640343,37.94733192202055,350.01312084201373,0.0,0.0
FR,latest_same_hour,2024-04-18,24,57.85905698000424,9.486832980505138,48.3722239994991,283.2453527861946,55.95541666666666
FR,seven_day_same_hour,2024-04-18,24,242.9475056025058,28.973665961010276,213.9738396414955,117.64373714419821,46.67154761904762
FR,perfect_foresight,2024-04-18,24,379.0517416882194,47.434164902525694,331.6175767856937,0.0,0.0
FR,latest_same_hour,2024-04-19,24,77.30580376099098,37.94733192202055,39.35847183897043,35.79612259915966,27.100416666666664
FR,seven_day_same_hour,2024-04-19,24,79.58352415216436,37.46049894151541,42.12302521064896,33.03156922748113,7.81029761904762
FR,perfect_foresight,2024-04-19,24,113.10192636015064,37.94733192202055,75.15459443813009,0.0,0.0
FR,latest_same_hour,2024-04-20,24,10.964627650222965,47.434164902525694,-36.469537252302715,78.33217105057362,50.73500000000001
FR,seven_day_same_hour,2024-04-20,24,7.174498735692282,46.94733192202055,-39.77283318632826,81.63546698459916,13.196845238095237
FR,perfect_foresight,2024-04-20,24,60.836299759281175,18.973665961010276,41.862633798270906,0.0,0.0
FR,latest_same_hour,2024-04-21,24,27.66988534947343,37.94733192202055,-10.277446572547117,77.02832775707263,9.402916666666666
FR,seven_day_same_hour,2024-04-21,24,14.671096640242572,46.94733192202055,-32.27623528177797,99.02711646630348,12.55654761904762
FR,perfect_foresight,2024-04-21,24,95.23771416503065,28.486832980505135,66.75088118452551,0.0,0.0
FR,latest_same_hour,2024-04-22,24,89.14540087778528,18.973665961010276,70.171734916775,269.0122497555566,51.19041666666667
FR,seven_day_same_hour,2024-04-22,24,287.85234538297,37.94733192202055,249.90501346094945,89.27897121138213,40.33642857142857
FR,perfect_foresight,2024-04-22,24,395.1313165943521,55.94733192202055,339.1839846723316,0.0,0.0
FR,latest_same_hour,2024-04-23,24,-12.34146860376427,28.486832980505135,-40.8283015842694,152.3563616200354,67.27166666666666
FR,seven_day_same_hour,2024-04-23,24,133.60065859628568,37.94733192202055,95.65332667426517,15.874733361500802,63.28261904761905
FR,perfect_foresight,2024-04-23,24,148.5017259967763,36.97366596101027,111.52806003576598,0.0,0.0
FR,latest_same_hour,2024-04-24,24,149.72266268313888,55.94733192202055,93.77533076111828,66.55019387870453,16.429166666666667
FR,seven_day_same_hour,2024-04-24,24,174.61328945133144,37.94733192202055,136.66595752931084,23.659567110511972,37.99315476190477
FR,perfect_foresight,2024-04-24,24,206.2991906008331,45.97366596101027,160.32552463982282,0.0,0.0
FR,latest_same_hour,2024-04-25,24,82.4400139273822,36.97366596101027,45.46634796637191,35.99811753797745,10.357916666666668
FR,seven_day_same_hour,2024-04-25,24,78.3719223108097,37.94733192202055,40.424590388789156,41.03987511556021,38.16654761904762
FR,perfect_foresight,2024-04-25,24,110.43813146535965,28.973665961010276,81.46446550434936,0.0,0.0
FR,latest_same_hour,2024-04-26,24,34.74809015557274,45.97366596101027,-11.225575805437515,55.55233339316594,17.09541666666667
FR,seven_day_same_hour,2024-04-26,24,50.496489327047286,37.94733192202055,12.54915740502674,31.777600182701683,35.65345238095238
FR,perfect_foresight,2024-04-26,24,73.3004235487387,28.973665961010276,44.32675758772842,0.0,0.0
FR,latest_same_hour,2024-04-27,24,106.69916795422921,28.973665961010276,77.72550199321894,48.74346846989505,42.504583333333336
FR,seven_day_same_hour,2024-04-27,24,117.77450687089848,36.97366596101027,80.80084090988822,45.66812955322577,16.74791666666667
FR,perfect_foresight,2024-04-27,24,145.44263642412426,18.973665961010276,126.46897046311399,0.0,0.0
FR,latest_same_hour,2024-04-28,24,103.59917779272922,28.973665961010276,74.62551183171895,170.74846746008285,68.20625
FR,seven_day_same_hour,2024-04-28,24,151.11081937642183,28.460498941515414,122.6503204349064,122.72365885689541,44.41446428571428
FR,perfect_foresight,2024-04-28,24,273.3476452528121,27.973665961010276,245.37397929180182,0.0,0.0
FR,latest_same_hour,2024-04-29,24,77.23845214063786,18.973665961010276,58.26478617962758,68.43130607158177,27.982083333333335
FR,seven_day_same_hour,2024-04-29,24,133.53010989339322,36.97366596101027,96.55644393238295,30.139648318826403,7.449226190476192
FR,perfect_foresight,2024-04-29,24,155.66975821221962,28.973665961010276,126.69609225120935,0.0,0.0
FR,latest_same_hour,2024-04-30,24,91.8208399923213,27.973665961010276,63.84717403131101,81.84619476380531,46.73916666666667
FR,seven_day_same_hour,2024-04-30,24,143.09613322744477,37.94733192202055,105.14880130542423,40.5445674896921,12.316309523809522
FR,perfect_foresight,2024-04-30,24,184.1538677366318,38.46049894151541,145.69336879511633,0.0,0.0
FR,latest_same_hour,2024-05-01,24,59.718174002956644,28.973665961010276,30.744508041946364,41.039592590874946,47.29750000000001
FR,seven_day_same_hour,2024-05-01,24,75.02858071854666,37.94733192202055,37.081248796526125,34.70285183629518,46.41285714285714
FR,perfect_foresight,2024-05-01,24,99.75776659383158,27.973665961010276,71.7841006328213,0.0,0.0
FR,latest_same_hour,2024-05-02,24,79.48536353622752,38.46049894151541,41.02486459471211,44.759215589532786,41.37666666666667
FR,seven_day_same_hour,2024-05-02,24,117.75562671439388,36.97366596101027,80.78196075338361,5.002119430861285,39.15291666666667
FR,perfect_foresight,2024-05-02,24,114.75774614525517,28.973665961010276,85.7840801842449,0.0,0.0
FR,latest_same_hour,2024-05-03,24,55.55981127675211,27.973665961010276,27.58614531574183,70.015333431666,14.26
FR,seven_day_same_hour,2024-05-03,24,97.01631115914272,28.973665961010276,68.04264519813243,29.55883354927539,24.568630952380953
FR,perfect_foresight,2024-05-03,24,136.5751447084181,38.973665961010276,97.60147874740782,0.0,0.0
FR,latest_same_hour,2024-05-04,24,28.65693804694707,28.973665961010276,-0.316727914063204,95.70954580727168,18.277916666666666
FR,seven_day_same_hour,2024-05-04,24,62.03203903465242,28.973665961010276,33.058373073642144,62.33444481956633,15.674999999999997
FR,perfect_foresight,2024-05-04,24,133.34014981522904,37.94733192202055,95.39281789320847,0.0,0.0
FR,latest_same_hour,2024-05-05,24,84.90586633041855,38.973665961010276,45.932200369408264,35.1066422275407,12.01625
FR,seven_day_same_hour,2024-05-05,24,101.55991731549403,28.973665961010276,72.58625135448376,8.452591242465203,7.2995833333333335
FR,perfect_foresight,2024-05-05,24,100.01250855795924,18.973665961010276,81.03884259694897,0.0,0.0
FR,latest_same_hour,2024-05-06,24,109.402611551085,37.94733192202055,71.45527962906444,33.139288156666936,36.67541666666667
FR,seven_day_same_hour,2024-05-06,24,121.85515549486851,37.94733192202055,83.90782357284795,20.686744212883426,37.008452380952384
FR,perfect_foresight,2024-05-06,24,142.54189970775195,37.94733192202055,104.59456778573137,0.0,0.0
FR,latest_same_hour,2024-05-07,24,57.25035394512113,18.973665961010276,38.27668798411084,62.110103525371706,35.443749999999994
FR,seven_day_same_hour,2024-05-07,24,126.70606275391812,28.460498941515414,98.24556381240271,2.1412276970798416,30.086607142857144
FR,perfect_foresight,2024-05-07,24,129.36045747049283,28.973665961010276,100.38679150948255,0.0,0.0
FR,latest_same_hour,2024-05-08,24,65.54972099136843,37.94733192202055,27.602389069347886,30.268533203949637,46.500416666666666
FR,seven_day_same_hour,2024-05-08,24,80.65003621306815,37.94733192202055,42.702704291047596,15.168217982249928,12.924880952380953
FR,perfect_foresight,2024-05-08,24,85.84458823430779,27.973665961010276,57.87092227329752,0.0,0.0
FR,latest_same_hour,2024-05-09,24,52.99366017185121,28.973665961010276,24.01999421084093,26.91547464837993,45.642500000000005
FR,seven_day_same_hour,2024-05-09,24,68.36851494835463,37.94733192202055,30.421183026334077,20.514285832886785,17.449226190476192
FR,perfect_foresight,2024-05-09,24,78.90913482023115,27.973665961010276,50.93546885922086,0.0,0.0
FR,latest_same_hour,2024-05-10,24,63.92639409301793,27.973665961010276,35.95272813200766,26.642288156666922,8.97125
FR,seven_day_same_hour,2024-05-10,24,75.97945253402193,37.94733192202055,38.03212061200138,24.5628956766732,22.80095238095238
FR,perfect_foresight,2024-05-10,24,91.05551523019,28.460498941515414,62.59501628867458,0.0,0.0
FR,latest_same_hour,2024-05-11,24,102.32374134665827,27.973665961010276,74.35007538564801,10.10557583176275,11.00875
FR,seven_day_same_hour,2024-05-11,24,78.91445785778951,37.94733192202055,40.96712593576896,43.4885252816418,28.5260119047619
FR,perfect_foresight,2024-05-11,24,103.94248419791589,19.486832980505138,84.45565121741076,0.0,0.0
FR,latest_same_hour,2024-05-12,24,186.71262620946106,28.460498941515414,158.25212726794567,81.60898467139722,26.28
FR,seven_day_same_hour,2024-05-12,24,206.5152172734697,37.94733192202055,168.56788535144915,71.29322658789374,34.3825
FR,perfect_foresight,2024-05-12,24,268.34794491984803,28.486832980505138,239.8611119393429,0.0,0.0
FR,latest_same_hour,2024-05-13,24,63.705420416911274,19.486832980505138,44.21858743640614,32.285714815953966,15.809583333333334
FR,seven_day_same_hour,2024-05-13,24,102.2698425036624,36.97366596101027,65.29617654265213,11.208125709707971,8.985000000000001
FR,perfect_foresight,2024-05-13,24,104.96480119387553,28.460498941515414,76.5043022523601,0.0,0.0
FR,latest_same_hour,2024-05-14,24,85.7703476125292,28.486832980505138,57.283514632024065,61.47727801499897,19.845416666666665
FR,seven_day_same_hour,2024-05-14,24,131.73307030719144,36.97366596101027,94.75940434618116,24.00138830084188,21.404285714285717
FR,perfect_foresight,2024-05-14,24,165.7081245690436,46.94733192202055,118.76079264702304,0.0,0.0
FR,latest_same_hour,2024-05-15,24,92.12964577600705,28.460498941515414,63.66914683449164,0.6463705694297346,9.39
FR,seven_day_same_hour,2024-05-15,24,90.767948326489,27.973665961010276,62.79428236547873,1.5212350384426472,8.316011904761904
FR,perfect_foresight,2024-05-15,24,93.28918336493166,28.973665961010276,64.31551740392138,0.0,0.0
FR,latest_same_hour,2024-05-16,24,146.11784064927855,46.94733192202055,99.17050872725801,70.87105679145546,25.31625
FR,seven_day_same_hour,2024-05-16,24,113.610938848907,19.486832980505138,94.12410586840184,75.91745965031163,18.461428571428574
FR,perfect_foresight,2024-05-16,24,207.988897440734,37.94733192202055,170.04156551871347,0.0,0.0
FR,latest_same_hour,2024-05-17,24,174.5135851136138,28.973665961010276,145.53991915260355,62.911285431386176,24.28125
FR,seven_day_same_hour,2024-05-17,24,167.57848623574898,27.973665961010276,139.6048202747387,68.84638430925102,30.17845238095238
FR,perfect_foresight,2024-05-17,24,254.42487054499995,45.973665961010276,208.45120458398972,0.0,0.0
FR,latest_same_hour,2024-05-18,24,134.6284909025593,37.94733192202055,96.68115898053873,27.339055498766626,12.278749999999997
FR,seven_day_same_hour,2024-05-18,24,145.9421463660832,36.97366596101027,108.96848040507291,15.051734074232442,13.388690476190476
FR,perfect_foresight,2024-05-18,24,142.99388044031565,18.973665961010276,124.02021447930535,0.0,0.0
FR,latest_same_hour,2024-05-19,24,150.9446974524816,45.973665961010276,104.97103149147132,56.69751966995146,28.087083333333336
FR,seven_day_same_hour,2024-05-19,24,195.2388108853437,37.94733192202055,157.2914789633232,4.377072198099597,9.300238095238095
FR,perfect_foresight,2024-05-19,24,199.61588308344335,37.94733192202055,161.66855116142278,0.0,0.0
FR,latest_same_hour,2024-05-20,24,80.12038136701364,18.973665961010276,61.146715406003366,15.862798907661002,10.659166666666666
FR,seven_day_same_hour,2024-05-20,24,93.93843279817716,37.94733192202055,55.99110087615661,21.01841343750776,8.053392857142859
FR,perfect_foresight,2024-05-20,24,105.98318027467465,28.973665961010276,77.00951431366437,0.0,0.0
FR,latest_same_hour,2024-05-21,24,131.63534652462224,37.94733192202055,93.6880146026017,56.780943696203025,20.203333333333337
FR,seven_day_same_hour,2024-05-21,24,160.94716216808712,37.94733192202055,122.99983024606658,27.469128052738142,10.812738095238094
FR,perfect_foresight,2024-05-21,24,197.41629022082526,46.94733192202055,150.46895829880472,0.0,0.0
FR,latest_same_hour,2024-05-22,24,105.47283672163202,28.973665961010276,76.49917076062174,58.12193928183241,12.775833333333333
FR,seven_day_same_hour,2024-05-22,24,124.2984766578052,37.94733192202055,86.35114473578464,48.269965306669505,10.112619047619049
FR,perfect_foresight,2024-05-22,24,189.5947760034644,54.973665961010276,134.62111004245415,0.0,0.0
FR,latest_same_hour,2024-05-23,24,165.50933501727022,46.94733192202055,118.56200309524965,42.95560793165251,17.83875
FR,seven_day_same_hour,2024-05-23,24,184.51154107854617,37.94733192202055,146.56420915652564,14.953401870376524,22.975059523809524
FR,perfect_foresight,2024-05-23,24,199.46494294892273,37.94733192202055,161.51761102690216,0.0,0.0
FR,latest_same_hour,2024-05-24,24,83.8591550447222,54.973665961010276,28.885489083711917,73.09674385701156,41.50833333333333
FR,seven_day_same_hour,2024-05-24,24,119.46862858901557,37.94733192202055,81.52129666699503,20.46093627372845,43.14452380952381
FR,perfect_foresight,2024-05-24,24,129.95589890173375,27.973665961010276,101.98223294072348,0.0,0.0
FR,latest_same_hour,2024-05-25,24,127.72989089930198,37.94733192202055,89.78255897728141,63.623663412157015,28.4275
FR,seven_day_same_hour,2024-05-25,24,132.26160570412247,37.94733192202055,94.31427378210188,59.09194860733655,17.60470238095238
FR,perfect_foresight,2024-05-25,24,172.3798883504487,18.973665961010276,153.40622238943843,0.0,0.0
FR,latest_same_hour,2024-05-26,24,79.8093964735603,27.973665961010276,51.835730512550015,55.53853954767504,57.62583333333333
FR,seven_day_same_hour,2024-05-26,24,96.47958146780266,37.94733192202055,58.53224954578209,48.842020514442964,21.044821428571428
FR,perfect_foresight,2024-05-26,24,135.8611030407302,28.486832980505138,107.37427006022506,0.0,0.0
FR,latest_same_hour,2024-05-27,24,41.487294660586734,18.973665961010276,22.513628699576458,27.474311143950963,22.600416666666664
FR,seven_day_same_hour,2024-05-27,24,53.67302423533198,37.94733192202055,15.725692313311427,34.262247530215994,11.839285714285714
FR,perfect_foresight,2024-05-27,24,69.98793984352741,20.0,49.98793984352742,0.0,0.0
FR,latest_same_hour,2024-05-28,24,57.056090126177104,28.486832980505138,28.569257145671962,40.788472167475796,11.095416666666665
FR,seven_day_same_hour,2024-05-28,24,85.25365505385331,37.94733192202055,47.30632313183277,22.051406181314988,17.231011904761903
FR,perfect_foresight,2024-05-28,24,107.3050612351683,37.94733192202055,69.35772931314776,0.0,0.0
FR,latest_same_hour,2024-05-29,24,90.00091974473554,20.0,70.00091974473554,48.40180319627896,9.367083333333335
FR,seven_day_same_hour,2024-05-29,24,150.1150773362819,37.94733192202055,112.16774541426136,6.234977526753141,6.983392857142857
FR,perfect_foresight,2024-05-29,24,156.35005486303504,37.94733192202055,118.4027229410145,0.0,0.0
FR,latest_same_hour,2024-05-30,24,115.93287163087786,37.94733192202055,77.98553970885732,33.45603235030032,6.43625
FR,seven_day_same_hour,2024-05-30,24,129.97199786476864,36.97366596101027,92.99833190375837,18.443240155399266,16.598154761904762
FR,perfect_foresight,2024-05-30,24,149.3889039811782,37.94733192202055,111.44157205915764,0.0,0.0
FR,latest_same_hour,2024-05-31,24,31.68584135904666,37.94733192202055,-6.26149056297389,35.64176482872947,25.55333333333333
FR,seven_day_same_hour,2024-05-31,24,32.22105133787697,36.97366596101027,-4.752614623133304,34.132888888888886,29.85577380952381
FR,perfect_foresight,2024-05-31,24,67.35394022676586,37.97366596101027,29.38027426575558,0.0,0.0
FR,latest_same_hour,2024-06-01,24,26.627834855126842,37.94733192202055,-11.319497066893712,20.89271011974798,16.070416666666663
FR,seven_day_same_hour,2024-06-01,24,21.60521886329249,27.973665961010276,-6.368447097717788,15.941660150572059,28.804880952380955
FR,perfect_foresight,2024-06-01,24,19.06004603335941,9.486832980505138,9.573213052854271,0.0,0.0
FR,latest_same_hour,2024-06-02,24,53.0684888241436,37.97366596101027,15.09482286313333,83.56310113473712,9.144583333333333
FR,seven_day_same_hour,2024-06-02,24,115.87474642610272,27.973665961010276,87.90108046509243,10.75684353277802,21.64309523809524
FR,perfect_foresight,2024-06-02,24,117.63158995888074,18.973665961010276,98.65792399787045,0.0,0.0
FR,latest_same_hour,2024-06-03,24,56.73079152165733,9.486832980505138,47.243958541152196,62.83854843619548,24.154583333333335
FR,seven_day_same_hour,2024-06-03,24,102.60265548474959,27.973665961010276,74.6289895237393,35.45351745360837,14.094166666666666
FR,perfect_foresight,2024-06-03,24,139.05617293835792,28.973665961010276,110.08250697734768,0.0,0.0
FR,latest_same_hour,2024-06-04,24,144.42274670793805,18.973665961010276,125.44908074692776,113.72919944679526,48.07708333333333
FR,seven_day_same_hour,2024-06-04,24,257.7776371176059,36.97366596101027,220.8039711565956,18.374309037127432,33.49160714285714
FR,perfect_foresight,2024-06-04,24,277.1256121157436,37.94733192202055,239.17828019372303,0.0,0.0
FR,latest_same_hour,2024-06-05,24,100.93948540845165,28.973665961010276,71.96581944744138,51.639153789599064,15.484583333333333
FR,seven_day_same_hour,2024-06-05,24,115.80271201460758,37.94733192202055,77.85538009258703,45.749593144453414,24.683750000000003
FR,perfect_foresight,2024-06-05,24,142.57863919805072,18.973665961010276,123.60497323704044,0.0,0.0
FR,latest_same_hour,2024-06-06,24,202.18484983383826,37.94733192202055,164.23751791181775,13.748551065172677,25.48375
FR,seven_day_same_hour,2024-06-06,24,212.56557519093167,37.94733192202055,174.6182432689111,3.367825708079323,31.367261904761904
FR,perfect_foresight,2024-06-06,24,215.93340089901096,37.94733192202055,177.98606897699042,0.0,0.0
FR,latest_same_hour,2024-06-07,24,112.9884364723962,18.973665961010276,94.01477051138592,44.14269008281785,23.12708333333333
FR,seven_day_same_hour,2024-06-07,24,165.1163669914608,37.94733192202055,127.16903506944026,10.988425524763514,35.79392857142857
FR,perfect_foresight,2024-06-07,24,184.13112655521405,45.97366596101027,138.15746059420377,0.0,0.0
FR,latest_same_hour,2024-06-08,24,159.92127588179676,37.94733192202055,121.97394395977621,37.59259998598297,32.56375
FR,seven_day_same_hour,2024-06-08,24,170.72677864659212,37.94733192202055,132.77944672457156,26.787097221187622,14.380059523809521
FR,perfect_foresight,2024-06-08,24,187.54020990676946,27.973665961010276,159.56654394575918,0.0,0.0
FR,latest_same_hour,2024-06-09,24,115.73728574058808,45.97366596101027,69.7636197795778,74.05022521716353,43.885
FR,seven_day_same_hour,2024-06-09,24,147.4668695686952,37.94733192202055,109.51953764667465,34.294307350066674,20.862916666666667
FR,perfect_foresight,2024-06-09,24,162.7875109577516,18.973665961010276,143.81384499674132,0.0,0.0
FR,latest_same_hour,2024-06-10,24,86.70121303557994,27.973665961010276,58.72754707456966,80.66351210143296,16.038333333333334
FR,seven_day_same_hour,2024-06-10,24,162.85161119620096,37.94733192202055,124.90427927418042,14.486779901822189,10.310238095238097
FR,perfect_foresight,2024-06-10,24,177.3647251370129,37.973665961010276,139.3910591760026,0.0,0.0
FR,latest_same_hour,2024-06-11,24,112.51946970275124,18.973665961010276,93.54580374174097,60.440232715650325,33.88125
FR,seven_day_same_hour,2024-06-11,24,181.68966808094297,37.94733192202055,143.74233615892243,10.243700298468866,10.475000000000001
FR,perfect_foresight,2024-06-11,24,191.93336837941183,37.94733192202055,153.9860364573913,0.0,0.0
FR,latest_same_hour,2024-06-12,24,86.8198106288992,37.973665961010276,48.84614466788893,31.380297576445436,12.262916666666667
FR,seven_day_same_hour,2024-06-12,24,86.23761207526786,37.94733192202055,48.2902801532473,31.936162091087063,10.972619047619048
FR,perfect_foresight,2024-06-12,24,116.71327522483949,36.48683298050514,80.22644224433436,0.0,0.0
FR,latest_same_hour,2024-06-13,24,180.58996099770678,37.94733192202055,142.64262907568624,35.93111067917354,22.271666666666665
FR,seven_day_same_hour,2024-06-13,24,204.60549429494296,36.97366596101027,167.6318283339327,10.941911420927084,13.058392857142858
FR,perfect_foresight,2024-06-13,24,225.52107167688035,46.94733192202055,178.5737397548598,0.0,0.0
FR,latest_same_hour,2024-06-14,24,124.30878025862847,36.48683298050514,87.82194727812335,51.95845909272826,21.932083333333328
FR,seven_day_same_hour,2024-06-14,24,157.50591376395724,36.97366596101027,120.53224780294696,19.248158567904653,21.461190476190477
FR,perfect_foresight,2024-06-14,24,185.7540723318619,45.97366596101027,139.7804063708516,0.0,0.0
FR,latest_same_hour,2024-06-15,24,143.67846985576355,46.94733192202055,96.73113793374299,96.45685187281953,30.77291666666667
FR,seven_day_same_hour,2024-06-15,24,201.1657416862437,36.97366596101027,164.19207572523345,28.99591408132906,37.7025
FR,perfect_foresight,2024-06-15,24,212.1616557675728,18.973665961010276,193.1879898065625,0.0,0.0
FR,latest_same_hour,2024-06-16,24,54.40927664931492,45.97366596101027,8.435610688304642,106.9870034308837,18.7075
FR,seven_day_same_hour,2024-06-16,24,122.59080945988048,37.94733192202055,84.64347753785992,30.779136581328416,23.24678571428571
FR,perfect_foresight,2024-06-16,24,134.3962800801986,18.973665961010276,115.42261411918834,0.0,0.0
FR,latest_same_hour,2024-06-17,24,109.0353366465809,18.973665961010276,90.06167068557063,48.7588766789509,38.88666666666666
FR,seven_day_same_hour,2024-06-17,24,175.88705988670515,37.94733192202055,137.93972796468458,0.8808193998369518,11.104880952380952
FR,perfect_foresight,2024-06-17,24,177.28104630603696,38.46049894151541,138.82054736452153,0.0,0.0
FR,latest_same_hour,2024-06-18,24,83.0758483323628,18.973665961010276,64.10218237135251,48.45910571127786,33.45708333333334
FR,seven_day_same_hour,2024-06-18,24,119.78335850137053,37.94733192202055,81.83602657934999,30.72526150328038,16.598154761904762
FR,perfect_foresight,2024-06-18,24,159.50862000465094,46.94733192202055,112.56128808263037,0.0,0.0
FR,latest_same_hour,2024-06-19,24,260.6453719704899,38.46049894151541,222.18487302897455,3.6681768873905014,25.001666666666665
FR,seven_day_same_hour,2024-06-19,24,261.1781658990683,37.94733192202055,223.23083397704778,2.6222159393172717,35.707857142857144
FR,perfect_foresight,2024-06-19,24,263.80038183838565,37.94733192202055,225.85304991636505,0.0,0.0
FR,latest_same_hour,2024-06-20,24,113.58162022972404,46.94733192202055,66.63428830770347,71.05844779119944,44.23166666666666
FR,seven_day_same_hour,2024-06-20,24,161.92524791745922,37.94733192202055,123.97791599543866,13.714820103464248,59.251845238095235
FR,perfect_foresight,2024-06-20,24,176.15323504041834,38.46049894151541,137.6927360989029,0.0,0.0
FR,latest_same_hour,2024-06-21,24,142.73933754687346,37.94733192202055,104.79200562485289,14.646852864369563,26.52541666666667
FR,seven_day_same_hour,2024-06-21,24,132.73804455409743,37.94733192202055,94.79071263207686,24.648145857145593,58.3975
FR,perfect_foresight,2024-06-21,24,156.9256914697276,37.486832980505135,119.43885848922245,0.0,0.0
FR,latest_same_hour,2024-06-22,24,129.80639063976037,38.46049894151541,91.34589169824496,65.84585879644867,37.235
FR,seven_day_same_hour,2024-06-22,24,154.93331543048637,37.94733192202055,116.98598350846581,40.205766986227815,17.155238095238094
FR,perfect_foresight,2024-06-22,24,185.1654164557039,27.973665961010276,157.19175049469362,0.0,0.0
FR,latest_same_hour,2024-06-23,24,107.02812577557454,37.486832980505135,69.54129279506938,79.55493726017895,50.05958333333333
FR,seven_day_same_hour,2024-06-23,24,133.68171525694245,37.94733192202055,95.73438333492189,53.36184672032644,16.282857142857143
FR,perfect_foresight,2024-06-23,24,168.0698960162586,18.973665961010276,149.09623005524833,0.0,0.0
FR,latest_same_hour,2024-06-24,24,128.70353337423626,27.973665961010276,100.72986741322599,55.103908196854334,20.714583333333334
FR,seven_day_same_hour,2024-06-24,24,183.59142893837284,37.94733192202055,145.6440970163523,10.189678593728019,12.34113095238095
FR,perfect_foresight,2024-06-24,24,210.80744157109058,54.97366596101027,155.83377561008032,0.0,0.0
FR,latest_same_hour,2024-06-25,24,131.82042925673258,18.973665961010276,112.8467632957223,82.1642251613892,20.629166666666666
FR,seven_day_same_hour,2024-06-25,24,192.03412190864154,37.94733192202055,154.08678998662097,40.92419847049052,13.809583333333334
FR,perfect_foresight,2024-06-25,24,231.98465441812175,36.97366596101027,195.0109884571115,0.0,0.0
FR,latest_same_hour,2024-06-26,24,61.03106627710049,54.97366596101027,6.057400316090224,103.10060148449487,51.06333333333333
FR,seven_day_same_hour,2024-06-26,24,73.75837724264831,37.94733192202055,35.81104532062777,73.34695647995733,51.367559523809526
FR,perfect_foresight,2024-06-26,24,147.10533372260568,37.94733192202055,109.1580018005851,0.0,0.0
FR,latest_same_hour,2024-06-27,24,160.16555314759322,36.97366596101027,123.19188718658293,58.275692446085856,26.644999999999996
FR,seven_day_same_hour,2024-06-27,24,209.07511463621577,37.94733192202055,171.1277827141952,10.339796918473581,16.675476190476193
FR,perfect_foresight,2024-06-27,24,219.9280785741842,38.46049894151541,181.4675796326688,0.0,0.0
FR,latest_same_hour,2024-06-28,24,138.85125177825137,37.94733192202055,100.90391985623081,64.81743712737777,71.55541666666666
FR,seven_day_same_hour,2024-06-28,24,195.0432928081786,37.94733192202055,157.09596088615803,8.625396097450562,30.510416666666668
FR,perfect_foresight,2024-06-28,24,203.66868890562915,37.94733192202055,165.7213569836086,0.0,0.0
FR,latest_same_hour,2024-06-29,24,92.35527056005832,38.46049894151541,53.894771618542904,45.55381621223515,42.99125
FR,seven_day_same_hour,2024-06-29,24,108.17648717256591,37.94733192202055,70.22915525054535,29.219432580232706,36.1352380952381
FR,perfect_foresight,2024-06-29,24,128.42225379178834,28.973665961010276,99.44858783077805,0.0,0.0
FR,latest_same_hour,2024-06-30,24,133.77174631455395,37.94733192202055,95.8244143925334,26.757726014050647,14.138333333333335
FR,seven_day_same_hour,2024-06-30,24,142.93202974764836,37.94733192202055,104.9846978256278,17.59744258095624,32.51607142857143
FR,perfect_foresight,2024-06-30,24,141.55580636759433,18.973665961010276,122.58214040658405,0.0,0.0
FR,latest_same_hour,2024-07-01,24,60.67294493004708,28.973665961010276,31.699278969036797,120.61405540953832,28.2075
FR,seven_day_same_hour,2024-07-01,24,158.24384321738188,37.94733192202055,120.29651129536131,32.01682308321381,11.58654761904762
FR,perfect_foresight,2024-07-01,24,190.2606663005957,37.94733192202055,152.31333437857512,0.0,0.0
FR,latest_same_hour,2024-07-02,24,120.16232448227166,18.973665961010276,101.18865852126137,96.47197496265463,29.982499999999998
FR,seven_day_same_hour,2024-07-02,24,211.92723562333907,37.94733192202055,173.9799037013185,23.680729782597496,9.78875
FR,perfect_foresight,2024-07-02,24,236.12113242543143,38.46049894151541,197.660633483916,0.0,0.0
FR,latest_same_hour,2024-07-03,24,173.44351230819046,37.94733192202055,135.49618038616995,47.20243761306051,20.47875
FR,seven_day_same_hour,2024-07-03,24,179.32554045910115,37.94733192202055,141.37820853708058,41.32040946214988,26.243154761904762
FR,perfect_foresight,2024-07-03,24,238.64594992125103,55.947331922020545,182.69861799923046,0.0,0.0
FR,latest_same_hour,2024-07-04,24,132.29843105940034,38.46049894151541,93.8379321178849,21.792019732774364,41.657916666666665
FR,seven_day_same_hour,2024-07-04,24,136.48275619160745,37.94733192202055,98.53542426958687,17.0945275810724,41.09154761904762
FR,perfect_foresight,2024-07-04,24,144.0904507921747,28.460498941515414,115.62995185065927,0.0,0.0
FR,latest_same_hour,2024-07-05,24,64.12880882118534,55.947331922020545,8.181476899164807,135.21646086792262,41.497083333333336
FR,seven_day_same_hour,2024-07-05,24,161.99328583486246,37.94733192202055,124.0459539128419,19.351983854245532,20.996607142857144
FR,perfect_foresight,2024-07-05,24,172.37160372809768,28.973665961010276,143.39793776708743,0.0,0.0
FR,latest_same_hour,2024-07-06,24,125.73334862332925,28.460498941515414,97.27284968181382,53.98860298498255,22.3275
FR,seven_day_same_hour,2024-07-06,24,169.11445935827714,37.94733192202055,131.1671274362566,20.094325230539766,37.948571428571434
FR,perfect_foresight,2024-07-06,24,170.23511862780666,18.973665961010276,151.26145266679637,0.0,0.0
FR,latest_same_hour,2024-07-07,24,138.32806514054786,28.973665961010276,109.35439917953758,15.284360161118187,16.943749999999998
FR,seven_day_same_hour,2024-07-07,24,128.45967171666197,37.94733192202055,90.5123397946414,34.12641954601436,25.957023809523815
FR,perfect_foresight,2024-07-07,24,143.61242530166604,18.973665961010276,124.63875934065577,0.0,0.0
FR,latest_same_hour,2024-07-08,24,106.87213637649313,18.973665961010276,87.89847041548285,51.05151849078703,74.51875
FR,seven_day_same_hour,2024-07-08,24,153.94885982342828,37.94733192202055,116.0015279014077,22.94846100486218,41.797976190476184
FR,perfect_foresight,2024-07-08,24,184.92365486728016,45.97366596101027,138.94998890626988,0.0,0.0
FR,latest_same_hour,2024-07-09,24,119.35100521221884,18.973665961010276,100.37733925120857,101.2176602265843,37.702916666666674
FR,seven_day_same_hour,2024-07-09,24,195.78337422736226,37.94733192202055,157.83604230534172,43.75895717245115,21.24434523809524
FR,perfect_foresight,2024-07-09,24,248.5423313998134,46.94733192202055,201.59499947779287,0.0,0.0
FR,latest_same_hour,2024-07-10,24,110.17611487856323,45.97366596101027,64.20244891755294,57.32482313997605,9.097083333333332
FR,seven_day_same_hour,2024-07-10,24,149.37943613478643,37.94733192202055,111.43210421276586,10.095167844763125,38.625952380952384
FR,perfect_foresight,2024-07-10,24,149.9877709990444,28.460498941515414,121.52727205752899,0.0,0.0
FR,latest_same_hour,2024-07-11,24,143.22888525618686,46.94733192202055,96.2815533341663,19.019334190026328,32.08375
FR,seven_day_same_hour,2024-07-11,24,126.13722021471918,37.94733192202055,88.18988829269861,27.11099923149402,49.90464285714287
FR,perfect_foresight,2024-07-11,24,161.27455348520294,45.973665961010276,115.30088752419263,0.0,0.0
FR,latest_same_hour,2024-07-12,24,79.172480049201,28.460498941515414,50.711981107685574,64.19954156324116,15.885
FR,seven_day_same_hour,2024-07-12,24,127.5406151117796,37.94733192202055,89.59328318975905,25.31823948116768,22.345952380952383
FR,perfect_foresight,2024-07-12,24,151.885188631937,36.97366596101027,114.91152267092673,0.0,0.0
FR,latest_same_hour,2024-07-13,24,130.53088295165676,45.973665961010276,84.55721699064648,60.20742826117774,48.18458333333333
FR,seven_day_same_hour,2024-07-13,24,140.02168313171526,37.94733192202055,102.0743512096947,42.69029404212952,16.656011904761908
FR,perfect_foresight,2024-07-13,24,163.7383112128345,18.973665961010276,144.76464525182422,0.0,0.0
FR,latest_same_hour,2024-07-14,24,190.13451547550102,36.97366596101027,153.16084951449074,167.43226036261603,39.64458333333334
FR,seven_day_same_hour,2024-07-14,24,245.80373188520247,37.94733192202055,207.85639996318193,112.73670991392484,36.389880952380956
FR,perfect_foresight,2024-07-14,24,339.56677583811705,18.973665961010276,320.59310987710677,0.0,0.0
FR,latest_same_hour,2024-07-15,24,151.5388473965337,18.973665961010276,132.5651814355234,24.4310234100638,19.780416666666667
FR,seven_day_same_hour,2024-07-15,24,189.75452621533486,37.94733192202055,151.80719429331432,5.18901055227289,10.743809523809523
FR,perfect_foresight,2024-07-15,24,194.94353676760778,37.94733192202055,156.99620484558722,0.0,0.0
FR,latest_same_hour,2024-07-16,24,145.95509049417035,18.973665961010276,126.98142453316007,19.41130776780031,33.717083333333335
FR,seven_day_same_hour,2024-07-16,24,167.76419070322402,28.973665961010276,138.79052474221373,7.602207558746642,18.80327380952381
FR,perfect_foresight,2024-07-16,24,183.87956528146552,37.486832980505135,146.39273230096038,0.0,0.0
FR,latest_same_hour,2024-07-17,24,189.84162067987035,37.94733192202055,151.89428875784978,27.79169347618941,24.255416666666672
FR,seven_day_same_hour,2024-07-17,24,170.1934548161782,28.973665961010276,141.2197888551679,38.46619337887128,24.771607142857146
FR,perfect_foresight,2024-07-17,24,217.1464811755546,37.46049894151541,179.6859822340392,0.0,0.0
FR,latest_same_hour,2024-07-18,24,136.35263840826556,37.486832980505135,98.8658054277604,50.48272582851878,41.695
FR,seven_day_same_hour,2024-07-18,24,139.7786472400238,28.973665961010276,110.8049812790135,38.543549977265684,33.38375
FR,perfect_foresight,2024-07-18,24,196.29586317829975,46.94733192202055,149.3485312562792,0.0,0.0
FR,latest_same_hour,2024-07-19,24,145.27434648711,37.46049894151541,107.81384754559457,11.476629488373774,8.764583333333334
FR,seven_day_same_hour,2024-07-19,24,125.34828487780767,27.973665961010276,97.37461891679739,21.915858117170956,29.040952380952387
FR,perfect_foresight,2024-07-19,24,156.77731001447347,37.486832980505135,119.29047703396834,0.0,0.0
FR,latest_same_hour,2024-07-20,24,101.49193713749666,46.94733192202055,54.5446052154761,100.57494673370269,34.60125
FR,seven_day_same_hour,2024-07-20,24,156.4940420437442,27.973665961010276,128.52037608273392,26.59917586644488,16.045059523809524
FR,perfect_foresight,2024-07-20,24,174.09321791018908,18.973665961010276,155.1195519491788,0.0,0.0
FR,latest_same_hour,2024-07-21,24,91.67934822489903,37.486832980505135,54.192515244393896,53.34080562042093,52.782916666666665
FR,seven_day_same_hour,2024-07-21,24,120.96636620063438,19.486832980505138,101.47953322012924,6.053787644685585,27.696488095238095
FR,perfect_foresight,2024-07-21,24,126.50698682582511,18.973665961010276,107.53332086481483,0.0,0.0
FR,latest_same_hour,2024-07-22,24,79.76787211656064,18.973665961010276,60.79420615555036,29.539835542521054,24.78375
FR,seven_day_same_hour,2024-07-22,24,57.40653929320621,19.486832980505138,37.91970631270107,52.41433538537035,14.063452380952382
FR,perfect_foresight,2024-07-22,24,110.33404169807142,20.0,90.33404169807142,0.0,0.0
FR,latest_same_hour,2024-07-23,24,139.82465147489654,18.973665961010276,120.85098551388626,41.54734541653079,28.07916666666667
FR,seven_day_same_hour,2024-07-23,24,172.28262024491582,28.486832980505138,143.79578726441068,18.60254366600637,10.477321428571429
FR,perfect_foresight,2024-07-23,24,200.3456628524376,37.94733192202055,162.39833093041705,0.0,0.0
FR,latest_same_hour,2024-07-24,24,185.68902586151881,20.0,165.68902586151881,39.17994381482697,19.234166666666667
FR,seven_day_same_hour,2024-07-24,24,215.62460583590905,27.973665961010276,187.65093987489877,17.218029801447017,11.563690476190478
FR,perfect_foresight,2024-07-24,24,250.84263563735604,45.97366596101027,204.86896967634578,0.0,0.0
FR,latest_same_hour,2024-07-25,24,98.08580597322239,37.94733192202055,60.13847405120183,47.19418278299877,9.189166666666667
FR,seven_day_same_hour,2024-07-25,24,101.67438393511695,27.973665961010276,73.70071797410668,33.631938860093925,10.711904761904762
FR,perfect_foresight,2024-07-25,24,127.3326568342006,20.0,107.3326568342006,0.0,0.0
FR,latest_same_hour,2024-07-26,24,5.696203306599543,45.97366596101027,-40.27746265441075,104.98703469431834,25.110416666666666
FR,seven_day_same_hour,2024-07-26,24,35.33993200030223,27.973665961010276,7.3662660392919435,57.34330600061564,18.232678571428572
FR,perfect_foresight,2024-07-26,24,111.65690396192812,46.94733192202055,64.70957203990758,0.0,0.0
FR,latest_same_hour,2024-07-27,24,46.42241660986437,20.0,26.422416609864374,52.85615603023828,17.6675
FR,seven_day_same_hour,2024-07-27,24,80.34904194848195,27.973665961010276,52.375375987471685,26.903196652630967,16.476666666666667
FR,perfect_foresight,2024-07-27,24,107.25223860111294,27.973665961010276,79.27857264010265,0.0,0.0
FR,latest_same_hour,2024-07-28,24,108.11416803429971,46.94733192202055,61.166836112279164,80.45169735524365,47.08583333333333
FR,seven_day_same_hour,2024-07-28,24,154.13465542897524,27.973665961010276,126.16098946796495,15.457543999557856,35.084583333333335
FR,perfect_foresight,2024-07-28,24,178.5921994285331,36.973665961010276,141.6185334675228,0.0,0.0
FR,latest_same_hour,2024-07-29,24,82.96908586388437,27.973665961010276,54.9954199028741,46.81033347729471,27.242916666666662
FR,seven_day_same_hour,2024-07-29,24,118.47708586388437,27.973665961010276,90.5034199028741,11.30233347729471,25.465952380952384
FR,perfect_foresight,2024-07-29,24,130.26625232168422,28.460498941515414,101.80575338016881,0.0,0.0
FR,latest_same_hour,2024-07-30,24,138.7029361824176,36.973665961010276,101.72927022140732,48.07788811429549,35.14666666666667
FR,seven_day_same_hour,2024-07-30,24,160.3681939749546,27.973665961010273,132.39452801394432,17.412630321758485,12.837797619047619
FR,perfect_foresight,2024-07-30,24,178.7808242967131,28.973665961010276,149.8071583357028,0.0,0.0
FR,latest_same_hour,2024-07-31,24,173.09642618270863,28.460498941515414,144.6359272411932,28.769817761421876,33.92791666666667
FR,seven_day_same_hour,2024-07-31,24,172.28369486309913,28.973665961010276,143.31002890208885,30.095716100526232,19.232916666666664
FR,perfect_foresight,2024-07-31,24,211.35307692463564,37.94733192202055,173.40574500261508,0.0,0.0
FR,latest_same_hour,2024-08-01,24,94.28212404897246,28.973665961010276,65.30845808796218,38.586912857577275,28.054999999999996
FR,seven_day_same_hour,2024-08-01,24,97.82639220013405,27.973665961010273,69.85272623912377,34.042644706415686,33.223035714285714
FR,perfect_foresight,2024-08-01,24,141.84270286756004,37.94733192202055,103.89537094553945,0.0,0.0
FR,latest_same_hour,2024-08-02,24,130.30085106877706,37.94733192202055,92.3535191467565,30.826545930941748,19.570416666666667
FR,seven_day_same_hour,2024-08-02,24,110.50149775324665,28.973665961010276,81.52783179223637,41.652233285461875,32.12446428571429
FR,perfect_foresight,2024-08-02,24,161.12739699971877,37.94733192202055,123.18006507769825,0.0,0.0
FR,latest_same_hour,2024-08-03,24,90.87531837173589,37.94733192202055,52.92798644971533,36.181216276927024,45.615
FR,seven_day_same_hour,2024-08-03,24,97.32669221086708,28.973665961010276,68.35302624985678,20.75617647678557,16.76892857142857
FR,perfect_foresight,2024-08-03,24,108.08286868765263,18.973665961010276,89.10920272664235,0.0,0.0
FR,latest_same_hour,2024-08-04,24,137.33253305587658,37.94733192202055,99.385201133856,18.06613913018171,46.27208333333334
FR,seven_day_same_hour,2024-08-04,24,145.8339676476171,28.973665961010276,116.86030168660682,0.5910385774308935,21.11232142857143
FR,perfect_foresight,2024-08-04,24,145.93817324454284,28.486832980505138,117.45134026403771,0.0,0.0
FR,latest_same_hour,2024-08-05,24,109.61007458061768,18.973665961010276,90.6364086196074,44.51944923492481,21.19875
FR,seven_day_same_hour,2024-08-05,24,138.07563013617323,28.973665961010276,109.10196417516295,26.053893679369253,15.011309523809524
FR,perfect_foresight,2024-08-05,24,163.61635679604763,28.460498941515414,135.1558578545322,0.0,0.0
FR,latest_same_hour,2024-08-06,24,158.40067580455636,28.486832980505138,129.91384282405124,11.775271529341296,13.606666666666664
FR,seven_day_same_hour,2024-08-06,24,168.19773416850688,36.97366596101027,131.2240682074966,10.46504614589594,9.811130952380951
FR,perfect_foresight,2024-08-06,24,179.6364462754131,37.94733192202055,141.68911435339254,0.0,0.0
FR,latest_same_hour,2024-08-07,24,79.54675559141238,28.460498941515414,51.08625664989697,40.083782112024466,18.001666666666665
FR,seven_day_same_hour,2024-08-07,24,107.11491515190829,37.94733192202055,69.16758322988775,22.00245553203368,21.146190476190476
FR,perfect_foresight,2024-08-07,24,129.117370683942,37.94733192202055,91.17003876192143,0.0,0.0
FR,latest_same_hour,2024-08-08,24,141.084686129727,37.94733192202055,103.13735420770644,3.0726984430971953,14.197916666666666
FR,seven_day_same_hour,2024-08-08,24,134.82354073994864,37.94733192202055,96.87620881792807,9.333843832875559,23.212619047619047
FR,perfect_foresight,2024-08-08,24,144.15738457282418,37.94733192202055,106.21005265080363,0.0,0.0
FR,latest_same_hour,2024-08-09,24,159.3695541421602,37.94733192202055,121.42222222013964,11.278818510677866,17.449583333333333
FR,seven_day_same_hour,2024-08-09,24,165.7403726528381,37.94733192202055,127.79304073081754,4.907999999999973,26.37845238095238
FR,perfect_foresight,2024-08-09,24,179.64837265283808,46.94733192202055,132.7010407308175,0.0,0.0
FR,latest_same_hour,2024-08-10,24,196.3878093665939,37.94733192202055,158.44047744457336,23.569772582726358,22.292916666666667
FR,seven_day_same_hour,2024-08-10,24,190.3579664340109,37.94733192202055,152.4106345119904,29.599615515309324,23.40089285714286
FR,perfect_foresight,2024-08-10,24,219.98391598831,37.973665961010276,182.01025002729972,0.0,0.0
FR,latest_same_hour,2024-08-11,24,150.03329944092147,46.94733192202055,103.08596751890093,90.00601694563187,22.234166666666667
FR,seven_day_same_hour,2024-08-11,24,182.70903036610562,37.94733192202055,144.76169844408506,48.330286020447744,23.322738095238094
FR,perfect_foresight,2024-08-11,24,212.06565042554308,18.973665961010276,193.0919844645328,0.0,0.0
FR,latest_same_hour,2024-08-12,24,115.13566270545932,37.973665961010276,77.16199674444904,107.48978520124017,31.801666666666666
FR,seven_day_same_hour,2024-08-12,24,183.4047740720805,36.97366596101027,146.43110811107022,38.22067383461899,23.197619047619046
FR,perfect_foresight,2024-08-12,24,231.59911386770978,46.94733192202055,184.6517819456892,0.0,0.0
FR,latest_same_hour,2024-08-13,24,95.60845980644774,18.973665961010276,76.63479384543746,81.58526724066994,70.11583333333333
FR,seven_day_same_hour,2024-08-13,24,169.72975744678405,36.97366596101027,132.75609148577377,25.463969600333627,52.41619047619048
FR,perfect_foresight,2024-08-13,24,196.16739300812793,37.94733192202055,158.2200610861074,0.0,0.0
FR,latest_same_hour,2024-08-14,24,78.11792187991341,46.94733192202055,31.170589957892844,41.697512109549464,44.98541666666667
FR,seven_day_same_hour,2024-08-14,24,75.32893134532063,37.94733192202055,37.38159942330006,35.48650264414225,55.803452380952386
FR,perfect_foresight,2024-08-14,24,110.35493504794745,37.486832980505135,72.86810206744231,0.0,0.0
FR,latest_same_hour,2024-08-15,24,144.3787491452426,37.94733192202055,106.43141722322207,31.31818463837041,40.72875
FR,seven_day_same_hour,2024-08-15,24,120.66799304790956,37.94733192202055,82.72066112588901,55.02894073570347,15.78940476190476
FR,perfect_foresight,2024-08-15,24,165.72326782260276,27.973665961010276,137.74960186159248,0.0,0.0
FR,latest_same_hour,2024-08-16,24,61.904058898225514,37.486832980505135,24.417225917720373,48.03186502462053,13.77125
FR,seven_day_same_hour,2024-08-16,24,102.23734984099366,37.94733192202055,64.29001791897309,8.15907302336781,32.171726190476186
FR,perfect_foresight,2024-08-16,24,100.42275690335119,27.973665961010276,72.4490909423409,0.0,0.0
FR,latest_same_hour,2024-08-17,24,127.99298193394162,27.973665961010276,100.01931597293135,14.625354469303957,32.96625
FR,seven_day_same_hour,2024-08-17,24,130.94106620207614,37.94733192202055,92.99373428005558,21.650936162179732,30.192678571428573
FR,perfect_foresight,2024-08-17,24,133.6183364032456,18.973665961010276,114.64467044223531,0.0,0.0
FR,latest_same_hour,2024-08-18,24,150.6327926855231,27.973665961010276,122.65912672451282,47.3773038634086,26.269583333333333
FR,seven_day_same_hour,2024-08-18,24,169.86983463202938,37.94733192202055,131.9225027100088,38.1139278779126,17.056785714285716
FR,perfect_foresight,2024-08-18,24,189.0100965489317,18.973665961010276,170.03643058792142,0.0,0.0
FR,latest_same_hour,2024-08-19,24,55.67871036407114,18.973665961010276,36.70504440306085,69.15307844042196,19.972916666666666
FR,seven_day_same_hour,2024-08-19,24,85.21914323529697,36.97366596101027,48.245477274286685,57.61264556919613,28.487857142857138
FR,perfect_foresight,2024-08-19,24,151.8317888044931,45.97366596101027,105.85812284348282,0.0,0.0
FR,latest_same_hour,2024-08-20,24,90.42106693306994,18.973665961010276,71.44740097205965,118.56725479046702,27.054166666666664
FR,seven_day_same_hour,2024-08-20,24,194.4475363347358,36.97366596101027,157.4738703737255,32.54078538880117,16.103511904761906
FR,perfect_foresight,2024-08-20,24,228.4751547040421,38.46049894151541,190.01465576252667,0.0,0.0
FR,latest_same_hour,2024-08-21,24,149.206200591411,45.97366596101027,103.23253463040072,137.85975667421977,48.48749999999999
FR,seven_day_same_hour,2024-08-21,24,229.98617459399387,36.97366596101027,193.01250863298358,48.079782671636906,32.86976190476191
FR,perfect_foresight,2024-08-21,24,278.57912428512566,37.486832980505135,241.0922913046205,0.0,0.0
FR,latest_same_hour,2024-08-22,24,259.9778069748646,38.46049894151541,221.51730803334917,19.57272128439078,34.73791666666667
FR,seven_day_same_hour,2024-08-22,24,211.0841008213701,36.97366596101027,174.11043486035982,66.97959445738013,37.19988095238095
FR,perfect_foresight,2024-08-22,24,288.03736123976046,46.94733192202055,241.09002931773995,0.0,0.0
FR,latest_same_hour,2024-08-23,24,130.80555446660728,37.486832980505135,93.31872148610213,78.60941385014186,22.6975
FR,seven_day_same_hour,2024-08-23,24,181.91539733831638,37.94733192202055,143.96806541629581,27.960069919948182,32.74077380952381
FR,perfect_foresight,2024-08-23,24,200.90180129725428,28.973665961010276,171.928135336244,0.0,0.0
FR,latest_same_hour,2024-08-24,24,178.10603437694647,46.94733192202055,131.1587024549259,87.90895000137499,33.51791666666667
FR,seven_day_same_hour,2024-08-24,24,207.0570336094283,37.94733192202055,169.10970168740775,49.95795076889314,33.0647619047619
FR,perfect_foresight,2024-08-24,24,238.55448543680603,19.486832980505138,219.0676524563009,0.0,0.0
FR,latest_same_hour,2024-08-25,24,135.62157968438493,28.973665961010276,106.64791372337464,12.9145068172067,16.803750000000004
FR,seven_day_same_hour,2024-08-25,24,135.40253633572365,37.94733192202055,97.45520441370309,22.107216126878257,36.67821428571429
FR,perfect_foresight,2024-08-25,24,138.53608650159163,18.973665961010276,119.56242054058134,0.0,0.0
FR,latest_same_hour,2024-08-26,24,91.11865905558983,19.486832980505138,71.63182607508469,105.91193388402831,45.24458333333333
FR,seven_day_same_hour,2024-08-26,24,166.61139235018283,37.94733192202055,128.66406042816226,48.879699530950745,21.833273809523813
FR,perfect_foresight,2024-08-26,24,223.5174259201233,45.97366596101027,177.543759959113,0.0,0.0
FR,latest_same_hour,2024-08-27,24,174.81596090540805,18.973665961010276,155.84229494439776,77.7067681481179,50.64208333333334
FR,seven_day_same_hour,2024-08-27,24,244.95883755699242,37.94733192202055,207.01150563497185,26.537557457543812,26.475654761904764
FR,perfect_foresight,2024-08-27,24,280.49639501453623,46.94733192202055,233.54906309251567,0.0,0.0
FR,latest_same_hour,2024-08-28,24,194.85747746481115,45.97366596101027,148.88381150380087,52.141722320581664,23.24666666666667
FR,seven_day_same_hour,2024-08-28,24,223.94976453362463,37.94733192202055,186.0024326116041,15.023101212778442,48.611607142857146
FR,perfect_foresight,2024-08-28,24,238.486032765898,37.46049894151541,201.02553382438253,0.0,0.0
FR,latest_same_hour,2024-08-29,24,144.34659299539243,46.94733192202055,97.39926107337186,37.76011219693555,29.995416666666667
FR,seven_day_same_hour,2024-08-29,24,154.86273821280162,38.46049894151541,116.40223927128623,18.75713399902118,56.587559523809524
FR,perfect_foresight,2024-08-29,24,172.61987221182284,37.46049894151541,135.1593732703074,0.0,0.0
FR,latest_same_hour,2024-08-30,24,68.4300658269542,37.46049894151541,30.96956688543878,42.3189480233745,16.182916666666667
FR,seven_day_same_hour,2024-08-30,24,83.85831137916969,45.97366596101027,37.88464541815941,35.403869490653875,46.983511904761905
FR,perfect_foresight,2024-08-30,24,111.74901385032871,38.46049894151541,73.28851490881328,0.0,0.0
FR,latest_same_hour,2024-08-31,24,171.48950818382514,37.46049894151541,134.0290092423097,71.87148606546242,31.38291666666667
FR,seven_day_same_hour,2024-08-31,24,202.01338104355443,38.46049894151541,163.552882102039,42.347613205733126,14.863511904761902
FR,perfect_foresight,2024-08-31,24,252.8478272297927,46.94733192202055,205.90049530777213,0.0,0.0
FR,latest_same_hour,2024-09-01,24,172.6237727854791,38.46049894151541,134.16327384396368,54.04240872605652,36.86541666666667
FR,seven_day_same_hour,2024-09-01,24,161.5628093169069,38.46049894151541,123.10231037539151,65.10337219462869,16.309285714285714
FR,perfect_foresight,2024-09-01,24,216.17934853103048,27.973665961010276,188.2056825700202,0.0,0.0
FR,latest_same_hour,2024-09-02,24,101.67817670997516,46.94733192202055,54.730844787954595,27.84868967215948,37.3075
FR,seven_day_same_hour,2024-09-02,24,95.0709109525186,38.46049894151541,56.61041201100318,25.9691224491109,32.086011904761904
FR,perfect_foresight,2024-09-02,24,120.04003340162949,37.46049894151541,82.57953446011408,0.0,0.0
FR,latest_same_hour,2024-09-03,24,42.731643807110956,27.973665961010276,14.757977846100673,61.95150209056375,42.671666666666674
FR,seven_day_same_hour,2024-09-03,24,103.89593837441114,46.94733192202055,56.94860645239058,19.760873484273844,25.346666666666664
FR,perfect_foresight,2024-09-03,24,105.16997887817985,28.460498941515414,76.70947993666442,0.0,0.0
FR,latest_same_hour,2024-09-04,24,89.24047974910343,37.46049894151541,51.779980807588004,22.10698971031246,5.419166666666666
FR,seven_day_same_hour,2024-09-04,24,108.00365486629232,46.94733192202055,61.056322944271756,12.83064757362871,20.82797619047619
FR,perfect_foresight,2024-09-04,24,120.83430243992103,46.947331922020545,73.88697051790047,0.0,0.0
FR,latest_same_hour,2024-09-05,24,106.0919464143551,28.460498941515414,77.6314474728397,33.58118703816281,18.44583333333333
FR,seven_day_same_hour,2024-09-05,24,123.21561561770027,37.46049894151541,85.75511667618485,25.45751783481765,12.656309523809526
FR,perfect_foresight,2024-09-05,24,157.1863004720128,45.97366596101027,111.2126345110025,0.0,0.0
FR,latest_same_hour,2024-09-06,24,162.34905118881602,46.947331922020545,115.40171926679545,36.45009361689347,25.897499999999997
FR,seven_day_same_hour,2024-09-06,24,160.23674863833406,45.97366596101027,114.26308267732378,37.58873020636514,14.01357142857143
FR,perfect_foresight,2024-09-06,24,189.33864586419404,37.486832980505135,151.85181288368892,0.0,0.0
FR,latest_same_hour,2024-09-07,24,202.36464901932976,45.97366596101027,156.3909830583195,59.60492943318681,26.888333333333335
FR,seven_day_same_hour,2024-09-07,24,249.2695057667584,46.94733192202055,202.32217384473788,13.673738646768442,28.65625
FR,perfect_foresight,2024-09-07,24,262.9432444135269,46.947331922020545,215.99591249150632,0.0,0.0
FR,latest_same_hour,2024-09-08,24,107.0947469188607,37.486832980505135,69.60791393835555,93.77147576661699,45.61249999999999
FR,seven_day_same_hour,2024-09-08,24,143.62108363437864,46.94733192202055,96.67375171235805,66.70563799261448,50.11345238095239
FR,perfect_foresight,2024-09-08,24,182.86622268547768,19.486832980505138,163.37938970497254,0.0,0.0
FR,latest_same_hour,2024-09-09,24,247.30905928848574,46.947331922020545,200.36172736646517,72.46395186793359,19.955833333333334
FR,seven_day_same_hour,2024-09-09,24,299.84883354615147,46.94733192202055,252.90150162413093,19.924177610267833,28.855833333333333
FR,perfect_foresight,2024-09-09,24,319.2861781759142,46.46049894151541,272.82567923439876,0.0,0.0
FR,latest_same_hour,2024-09-10,24,134.2189147879199,19.486832980505138,114.73208180741476,108.18068503172783,18.30125
FR,seven_day_same_hour,2024-09-10,24,247.70377529270849,38.46049894151541,209.24327635119306,13.669490487949531,38.299345238095235
FR,perfect_foresight,2024-09-10,24,270.34693174166824,47.434164902525694,222.9127668391426,0.0,0.0
FR,latest_same_hour,2024-09-11,24,186.7328036311801,46.46049894151541,140.27230468966468,38.576381272739184,24.010833333333334
FR,seven_day_same_hour,2024-09-11,24,198.8495768212302,46.94733192202055,151.90224489920962,26.946441063194243,22.56202380952381
FR,perfect_foresight,2024-09-11,24,216.79601788442443,37.94733192202055,178.84868596240386,0.0,0.0
FR,latest_same_hour,2024-09-12,24,207.83446745695903,47.434164902525694,160.40030255443332,73.8435780551811,24.905
FR,seven_day_same_hour,2024-09-12,24,238.03372594100193,46.94733192202055,191.0863940189814,43.15748659063303,14.28190476190476
FR,perfect_foresight,2024-09-12,24,271.2175465706247,36.97366596101027,234.24388060961442,0.0,0.0
FR,latest_same_hour,2024-09-13,24,276.1886154888772,37.94733192202055,238.24128356685662,81.75401130251674,23.057916666666667
FR,seven_day_same_hour,2024-09-13,24,313.0706546229036,38.46049894151541,274.61015568138816,45.3851391879852,12.223571428571427
FR,perfect_foresight,2024-09-13,24,366.9426267913939,46.94733192202055,319.99529486937337,0.0,0.0
FR,latest_same_hour,2024-09-14,24,154.5635218283842,36.97366596101027,117.58985586737393,29.33944834982401,22.375416666666666
FR,seven_day_same_hour,2024-09-14,24,173.33264053329782,38.46049894151541,134.8721415917824,12.057162625415543,12.642738095238096
FR,perfect_foresight,2024-09-14,24,175.90297017820822,28.973665961010276,146.92930421719794,0.0,0.0
FR,latest_same_hour,2024-09-15,24,118.7905456885943,46.94733192202055,71.84321376657375,31.53052213259342,32.625
FR,seven_day_same_hour,2024-09-15,24,103.63784726173014,38.46049894151541,65.17734832021472,38.196387578952454,25.054642857142856
FR,perfect_foresight,2024-09-15,24,132.34740186017746,28.973665961010276,103.37373589916717,0.0,0.0
FR,latest_same_hour,2024-09-16,24,265.09371023217767,28.973665961010276,236.1200442711674,44.48891969000249,27.93541666666667
FR,seven_day_same_hour,2024-09-16,24,309.49455800289894,38.46049894151541,271.0340590613835,9.574904899786361,21.912261904761905
FR,perfect_foresight,2024-09-16,24,328.04312886369553,47.434164902525694,280.6089639611699,0.0,0.0
FR,latest_same_hour,2024-09-17,24,114.09639704233055,28.973665961010276,85.12273108132028,44.171740309479546,13.050416666666669
FR,seven_day_same_hour,2024-09-17,24,153.04771575776357,38.46049894151541,114.58721681624816,14.70725457455167,29.466547619047617
FR,perfect_foresight,2024-09-17,24,167.24180331282037,37.94733192202055,129.29447139079983,0.0,0.0
FR,latest_same_hour,2024-09-18,24,305.9887010151519,47.434164902525694,258.5545361126262,64.5398341008248,20.517083333333336
FR,seven_day_same_hour,2024-09-18,24,275.6579479614593,38.46049894151541,237.19744901994386,85.89692119350713,15.172440476190479
FR,perfect_foresight,2024-09-18,24,371.04170213547155,47.94733192202055,323.094370213451,0.0,0.0
FR,latest_same_hour,2024-09-19,24,226.214255603507,37.94733192202055,188.26692368148645,85.89598854842234,32.69708333333333
FR,seven_day_same_hour,2024-09-19,24,278.2349194769972,38.46049894151541,239.7744205354818,34.38849169442699,15.146726190476192
FR,perfect_foresight,2024-09-19,24,321.5970771324345,47.434164902525694,274.1629122299088,0.0,0.0
FR,latest_same_hour,2024-09-20,24,237.84744860319807,47.94733192202055,189.9001166811775,46.25128297686075,14.705833333333333
FR,seven_day_same_hour,2024-09-20,24,203.53345083166255,46.94733192202055,156.58611890964198,79.56528074839628,16.464047619047616
FR,perfect_foresight,2024-09-20,24,284.0987315800588,47.94733192202055,236.15139965803826,0.0,0.0
FR,latest_same_hour,2024-09-21,24,158.49684769663122,47.434164902525694,111.06268279410551,67.09172599480064,24.522083333333338
FR,seven_day_same_hour,2024-09-21,24,135.7718644334764,46.94733192202055,88.82453251145586,89.3298762774503,14.346904761904762
FR,perfect_foresight,2024-09-21,24,235.64124176941127,57.486832980505135,178.15440878890615,0.0,0.0
FR,latest_same_hour,2024-09-22,24,201.47417323845545,47.94733192202055,153.52684131643494,32.2967911343606,18.17
FR,seven_day_same_hour,2024-09-22,24,186.0569079554947,47.434164902525694,138.62274305296904,47.2008893978265,14.866011904761905
FR,perfect_foresight,2024-09-22,24,223.7709643728161,37.94733192202055,185.82363245079554,0.0,0.0
FR,latest_same_hour,2024-09-23,24,142.4531374096136,57.486832980505135,84.96630442910845,151.34388233018254,25.62291666666667
FR,seven_day_same_hour,2024-09-23,24,259.73918381705363,47.434164902525694,212.30501891452792,24.005167844763065,19.309285714285714
FR,perfect_foresight,2024-09-23,24,274.2575186813115,37.94733192202055,236.31018675929099,0.0,0.0
FR,latest_same_hour,2024-09-24,24,189.55997741619225,37.94733192202055,151.6126454941717,100.10306702734434,18.41
FR,seven_day_same_hour,2024-09-24,24,257.3133673117961,47.434164902525694,209.87920240927045,41.83651011224558,14.140833333333333
FR,perfect_foresight,2024-09-24,24,299.14987742404173,47.434164902525694,251.71571252151602,0.0,0.0
FR,latest_same_hour,2024-09-25,24,144.23866290722418,37.94733192202055,106.29133098520363,51.533475898456985,16.964166666666667
FR,seven_day_same_hour,2024-09-25,24,181.08537683198992,47.43416490252569,133.65121192946424,24.173594954196375,19.508869047619047
FR,perfect_foresight,2024-09-25,24,196.285305825176,38.46049894151541,157.8248068836606,0.0,0.0
FR,latest_same_hour,2024-09-26,24,171.79685682442872,47.434164902525694,124.36269192190304,17.88987884456577,26.10166666666667
FR,seven_day_same_hour,2024-09-26,24,184.46706281068032,47.43416490252569,137.03289790815464,5.219672858314169,22.15845238095238
FR,perfect_foresight,2024-09-26,24,189.19990268848935,46.94733192202055,142.2525707664688,0.0,0.0
FR,latest_same_hour,2024-09-27,24,142.73686516348238,38.46049894151541,104.27636622196695,34.55950002936896,29.6575
FR,seven_day_same_hour,2024-09-27,24,156.91093143959506,47.43416490252569,109.47676653706937,29.35909971426655,33.757738095238096
FR,perfect_foresight,2024-09-27,24,176.78319817335648,37.94733192202055,138.83586625133591,0.0,0.0
FR,latest_same_hour,2024-09-28,24,164.17205797457123,46.94733192202055,117.22472605255066,15.083889022704625,19.714583333333334
FR,seven_day_same_hour,2024-09-28,24,165.8983974123529,47.43416490252569,118.46423250982723,13.844382565428063,26.59767857142857
FR,perfect_foresight,2024-09-28,24,170.25594699727583,37.94733192202055,132.3086150752553,0.0,0.0
FR,latest_same_hour,2024-09-29,24,71.46649841634475,37.94733192202055,33.51916649432418,84.3296509122137,18.47083333333333
FR,seven_day_same_hour,2024-09-29,24,127.50319335452168,47.434164902525694,80.069028451996,37.77978895454187,23.510119047619046
FR,perfect_foresight,2024-09-29,24,154.82248336754816,36.97366596101027,117.84881740653788,0.0,0.0
FR,latest_same_hour,2024-09-30,24,156.58261338819452,37.94733192202055,118.63528146617399,7.521081851067777,18.690416666666668
FR,seven_day_same_hour,2024-09-30,24,168.01419489252152,47.434164902525694,120.58002998999582,5.576333327245948,26.060952380952376
FR,perfect_foresight,2024-09-30,24,164.10369523926232,37.94733192202055,126.15636331724177,0.0,0.0
FR,latest_same_hour,2024-10-01,24,82.31869456206718,36.97366596101027,45.345028601056896,176.4127493713036,58.164583333333326
FR,seven_day_same_hour,2024-10-01,24,259.6920345472331,47.434164902525694,212.2578696447074,9.499908327653088,37.628035714285716
FR,perfect_foresight,2024-10-01,24,259.70510989438105,37.94733192202055,221.7577779723605,0.0,0.0
FR,latest_same_hour,2024-10-02,24,135.66902742288033,37.94733192202055,97.72169550085977,31.886123611000983,78.28416666666668
FR,seven_day_same_hour,2024-10-02,24,156.31912404387293,46.94733192202055,109.37179212185237,20.236026990008384,61.37892857142857
FR,perfect_foresight,2024-10-02,24,176.06831805337617,46.46049894151541,129.60781911186075,0.0,0.0
FR,latest_same_hour,2024-10-03,24,234.8900987419131,37.94733192202055,196.94276681989257,54.03712079956233,23.34375
FR,seven_day_same_hour,2024-10-03,24,272.98694637980645,46.94733192202055,226.0396144577859,24.940273161669012,27.483392857142857
FR,perfect_foresight,2024-10-03,24,298.4140525219806,47.434164902525694,250.9798876194549,0.0,0.0
FR,latest_same_hour,2024-10-04,24,213.11629678150732,46.46049894151541,166.65579783999192,22.667203455660456,9.826666666666668
FR,seven_day_same_hour,2024-10-04,24,217.09017528846334,46.46049894151541,170.62967634694797,18.6933249487044,51.28922619047619
FR,perfect_foresight,2024-10-04,24,227.27033321767294,37.94733192202055,189.32300129565238,0.0,0.0
FR,latest_same_hour,2024-10-05,24,204.44930362303683,47.434164902525694,157.01513872051112,21.327541993149566,25.770416666666666
FR,seven_day_same_hour,2024-10-05,24,200.63233588005062,47.434164902525694,153.1981709775249,25.144509736135774,27.993690476190476
FR,perfect_foresight,2024-10-05,24,215.8031796551761,37.46049894151541,178.34268071366068,0.0,0.0
FR,latest_same_hour,2024-10-06,24,83.8214116926435,37.94733192202055,45.87407977062295,73.0145109131642,63.76708333333334
FR,seven_day_same_hour,2024-10-06,24,118.95696470845013,46.94733192202055,72.00963278642959,46.87895789735755,27.550952380952385
FR,perfect_foresight,2024-10-06,24,156.37542366429227,37.48683298050514,118.88859068378714,0.0,0.0
FR,latest_same_hour,2024-10-07,24,169.68210889981407,37.46049894151541,132.22160995829864,43.14497509043642,25.094583333333333
FR,seven_day_same_hour,2024-10-07,24,185.40295496318322,46.94733192202055,138.45562304116268,36.91096200757238,10.590892857142858
FR,perfect_foresight,2024-10-07,24,213.31391697075563,37.94733192202055,175.36658504873506,0.0,0.0
FR,latest_same_hour,2024-10-08,24,147.03410290488534,37.48683298050514,109.5472699243802,116.45505497151342,19.163333333333334
FR,seven_day_same_hour,2024-10-08,24,264.3825856874302,46.46049894151541,217.92208674591478,8.08023814997884,24.813392857142855
FR,perfect_foresight,2024-10-08,24,273.43648979841925,47.43416490252569,226.00232489589362,0.0,0.0
FR,latest_same_hour,2024-10-09,24,144.24411088598453,37.94733192202055,106.29677896396399,28.087860401409785,24.746250000000003
FR,seven_day_same_hour,2024-10-09,24,148.77094536500158,46.46049894151541,102.31044642348618,32.07419294188759,30.452440476190475
FR,perfect_foresight,2024-10-09,24,181.33197128739434,46.947331922020545,134.38463936537377,0.0,0.0
FR,latest_same_hour,2024-10-10,24,206.67552368474378,47.43416490252569,159.24135878221804,54.69782537145747,26.919999999999998
FR,seven_day_same_hour,2024-10-10,24,225.90435415291992,47.434164902525694,178.47018925039424,35.46899490328127,25.013392857142858
FR,perfect_foresight,2024-10-10,24,251.88651607569605,37.94733192202055,213.9391841536755,0.0,0.0
FR,latest_same_hour,2024-10-11,24,219.75124703542883,46.947331922020545,172.80391511340827,44.37538116119052,53.40500000000001
FR,seven_day_same_hour,2024-10-11,24,248.74269670223777,47.434164902525694,201.30853179971206,15.870764474886727,36.16297619047619
FR,perfect_foresight,2024-10-11,24,255.12662819661935,37.94733192202055,217.17929627459878,0.0,0.0
FR,latest_same_hour,2024-10-12,24,132.84046318056923,37.94733192202055,94.89313125854868,41.377703016621,28.378749999999997
FR,seven_day_same_hour,2024-10-12,24,157.29627126977297,47.434164902525694,109.86210636724728,26.408727907922398,15.750476190476192
FR,perfect_foresight,2024-10-12,24,183.70499917769533,47.434164902525694,136.27083427516968,0.0,0.0
FR,latest_same_hour,2024-10-13,24,96.09348336656029,37.94733192202055,58.14615144453974,10.525172151643218,69.33333333333333
FR,seven_day_same_hour,2024-10-13,24,96.93895691085365,47.434164902525694,49.504792008327954,19.166531587855005,31.56571428571429
FR,perfect_foresight,2024-10-13,24,88.67132359618296,20.0,68.67132359618296,0.0,0.0
FR,latest_same_hour,2024-10-14,24,201.1396370810815,47.434164902525694,153.7054721785558,60.8603572249682,43.26916666666667
FR,seven_day_same_hour,2024-10-14,24,246.13459159115496,47.434164902525694,198.70042668862925,15.865402714894742,41.868571428571435
FR,perfect_foresight,2024-10-14,24,252.51316132554456,37.94733192202055,214.565829403524,0.0,0.0
FR,latest_same_hour,2024-10-15,24,123.05022177207591,20.0,103.05022177207591,65.30129075921202,54.007083333333334
FR,seven_day_same_hour,2024-10-15,24,157.30758973380756,46.46049894151541,110.84709079229215,57.50442173899579,27.267023809523806
FR,perfect_foresight,2024-10-15,24,214.81201147280336,46.46049894151541,168.35151253128794,0.0,0.0
FR,latest_same_hour,2024-10-16,24,156.92296587132805,37.94733192202055,118.97563394930748,80.10968849101934,58.4575
FR,seven_day_same_hour,2024-10-16,24,218.89434041408649,46.46049894151541,172.43384147257106,26.65148096775576,20.364047619047618
FR,perfect_foresight,2024-10-16,24,246.51948734285253,47.434164902525694,199.08532244032682,0.0,0.0
FR,latest_same_hour,2024-10-17,24,107.79896712551687,46.46049894151541,61.338468184001385,29.322203827711974,25.085000000000004
FR,seven_day_same_hour,2024-10-17,24,119.1749191627492,37.94733192202055,81.22758724072864,9.43308477098472,15.90196428571429
FR,perfect_foresight,2024-10-17,24,119.63433797272364,28.973665961010276,90.66067201171336,0.0,0.0
FR,latest_same_hour,2024-10-18,24,192.1493772801605,47.434164902525694,144.7152123776348,29.992309862395643,36.48666666666667
FR,seven_day_same_hour,2024-10-18,24,208.05692069976118,46.46049894151541,161.59642175824578,13.11110048178466,12.136428571428572
FR,perfect_foresight,2024-10-18,24,221.1680211815458,46.46049894151541,174.70752224003044,0.0,0.0
FR,latest_same_hour,2024-10-19,24,52.621295678462,28.973665961010276,23.64762971745173,111.73091996273342,29.872500000000002
FR,seven_day_same_hour,2024-10-19,24,98.63477150397722,46.46049894151541,52.174272562461795,83.20427711772336,23.52160714285714
FR,perfect_foresight,2024-10-19,24,173.32588160220573,37.94733192202055,135.37854968018516,0.0,0.0
FR,latest_same_hour,2024-10-20,24,111.46746019983182,46.46049894151541,65.00696125831641,22.551253838458337,53.862500000000004
FR,seven_day_same_hour,2024-10-20,24,112.45070575303518,46.46049894151541,65.99020681151977,21.568008285254976,41.641309523809525
FR,perfect_foresight,2024-10-20,24,116.01871403829017,28.460498941515414,87.55821509677475,0.0,0.0
FR,latest_same_hour,2024-10-21,24,55.57811469100229,37.94733192202055,17.630782768981742,185.72944121324306,44.805
FR,seven_day_same_hour,2024-10-21,24,234.24476434606362,47.43416490252569,186.81059944353797,16.549624538686828,29.278809523809525
FR,perfect_foresight,2024-10-21,24,241.30755590424536,37.94733192202055,203.3602239822248,0.0,0.0
FR,latest_same_hour,2024-10-22,24,102.66586585696399,28.460498941515414,74.20536691544856,107.70009062398123,72.92541666666666
FR,seven_day_same_hour,2024-10-22,24,206.41099719053705,47.43416490252569,158.97683228801134,22.928625251418453,33.622142857142855
FR,perfect_foresight,2024-10-22,24,219.85278946145036,37.94733192202055,181.9054575394298,0.0,0.0
FR,latest_same_hour,2024-10-23,24,200.49835357197486,37.94733192202055,162.55102164995435,6.467955841262295,24.588333333333335
FR,seven_day_same_hour,2024-10-23,24,208.16431554203513,46.947331922020545,161.21698362001456,7.801993871202086,35.4110119047619
FR,perfect_foresight,2024-10-23,24,206.479476432732,37.46049894151541,169.01897749121665,0.0,0.0
FR,latest_same_hour,2024-10-24,24,196.89517631856683,37.94733192202055,158.94784439654626,30.603777313427543,21.355833333333333
FR,seven_day_same_hour,2024-10-24,24,224.3880872883597,46.947331922020545,177.4407553663392,12.110866343634598,14.639583333333333
FR,perfect_foresight,2024-10-24,24,235.52528767098408,45.97366596101027,189.5516217099738,0.0,0.0
FR,latest_same_hour,2024-10-25,24,125.28968691748298,37.46049894151541,87.82918797596756,31.50987119701807,25.809583333333332
FR,seven_day_same_hour,2024-10-25,24,146.0192241505357,45.97366596101027,100.04555818952542,19.293500983460206,7.115535714285715
FR,perfect_foresight,2024-10-25,24,166.77322407551134,47.434164902525694,119.33905917298563,0.0,0.0
FR,latest_same_hour,2024-10-26,24,61.58032277497301,45.97366596101027,15.60665681396273,52.70092428277623,15.012500000000001
FR,seven_day_same_hour,2024-10-26,24,91.07580825850246,45.97366596101027,45.10214229749221,23.20543879924675,11.762023809523809
FR,perfect_foresight,2024-10-26,24,106.28124705774923,37.973665961010276,68.30758109673896,0.0,0.0
FR,latest_same_hour,2024-10-27,25,83.00065235396339,47.434164902525694,35.56648745143768,107.6632679341515,21.9732
FR,seven_day_same_hour,2024-10-27,25,93.38469308280524,37.46049894151541,55.92419414128982,87.30556124429937,20.86457142857143
FR,perfect_foresight,2024-10-27,25,190.17708730760975,46.94733192202055,143.2297553855892,0.0,0.0
FR,latest_same_hour,2024-10-28,24,104.35156584924793,37.973665961010276,66.37789988823765,83.0477026475864,25.4475
FR,seven_day_same_hour,2024-10-28,24,101.33198631792868,37.46049894151541,63.87148737641331,85.55411515941074,20.416190476190476
FR,perfect_foresight,2024-10-28,24,196.85976743834976,47.43416490252569,149.42560253582405,0.0,0.0
FR,latest_same_hour,2024-10-29,24,92.86375637818054,46.94733192202055,45.91642445615997,142.79775109390084,24.477083333333336
FR,seven_day_same_hour,2024-10-29,24,142.13772370244521,37.486832980505135,104.65089072194007,84.06328482812074,17.84940476190476
FR,perfect_foresight,2024-10-29,24,235.17467449157624,46.46049894151541,188.71417555006082,0.0,0.0
FR,latest_same_hour,2024-10-30,24,157.72398197145387,47.43416490252569,110.28981706892816,35.1577146932718,7.96125
FR,seven_day_same_hour,2024-10-30,24,140.89285877209915,46.947331922020545,93.94552685007858,51.50200491212138,11.71470238095238
FR,perfect_foresight,2024-10-30,24,191.90803070371533,46.46049894151541,145.44753176219996,0.0,0.0
FR,latest_same_hour,2024-10-31,24,40.254705828059514,46.46049894151541,-6.205793113455854,92.11852079630503,17.925416666666667
FR,seven_day_same_hour,2024-10-31,24,73.43136314794305,46.947331922020545,26.48403122592248,59.4286964569267,24.292202380952386
FR,perfect_foresight,2024-10-31,24,123.86005960486975,37.94733192202055,85.91272768284918,0.0,0.0
FR,latest_same_hour,2024-11-01,24,80.5881133963378,46.46049894151541,34.12761445482238,55.563160310739704,16.048333333333332
FR,seven_day_same_hour,2024-11-01,24,71.9666971696584,47.434164902525694,24.532532267132694,65.15824249842939,15.274285714285716
FR,perfect_foresight,2024-11-01,24,117.66444072657237,27.973665961010273,89.69077476556208,0.0,0.0
FR,latest_same_hour,2024-11-02,24,53.14188979121059,37.94733192202055,15.194557869190021,22.32318677557751,13.807916666666666
FR,seven_day_same_hour,2024-11-02,24,53.42367218408259,47.434164902525694,5.989507281556882,31.52823736321065,16.33369047619048
FR,perfect_foresight,2024-11-02,24,56.491410605777816,18.973665961010276,37.51774464476753,0.0,0.0
FR,latest_same_hour,2024-11-03,24,122.07186357069605,27.973665961010273,94.09819760968577,24.278629501536358,8.96625
FR,seven_day_same_hour,2024-11-03,24,108.49103553883651,47.43416490252569,61.056870636310805,57.31995647491132,16.5775
FR,perfect_foresight,2024-11-03,24,137.86366009172727,19.486832980505138,118.37682711122213,0.0,0.0
FR,latest_same_hour,2024-11-04,24,60.178406126528444,18.973665961010276,41.20474016551813,65.24933162192303,17.077083333333334
FR,seven_day_same_hour,2024-11-04,24,139.43006252884496,47.43416490252569,91.99589762631925,14.458174161121917,23.398988095238096
FR,perfect_foresight,2024-11-04,24,144.40140370946173,37.94733192202055,106.45407178744117,0.0,0.0
FR,latest_same_hour,2024-11-05,24,62.19489440937525,19.486832980505138,42.70806142887011,121.74418526993679,36.21083333333333
FR,seven_day_same_hour,2024-11-05,24,191.85862986443,46.46049894151541,145.39813092291456,19.054115775892342,30.053749999999997
FR,perfect_foresight,2024-11-05,24,202.39957862082747,37.94733192202055,164.4522466988069,0.0,0.0
FR,latest_same_hour,2024-11-06,24,116.26158596728982,37.94733192202055,78.31425404526925,18.994989143571274,10.873333333333335
FR,seven_day_same_hour,2024-11-06,24,122.92142158993477,37.94733192202055,84.97408966791426,12.33515352092627,27.53815476190476
FR,perfect_foresight,2024-11-06,24,126.28290914985081,28.973665961010276,97.30924318884053,0.0,0.0
FR,latest_same_hour,2024-11-07,24,102.55417078897611,37.94733192202055,64.60683886695556,28.615004254176213,9.517916666666663
FR,seven_day_same_hour,2024-11-07,24,122.58520259584358,37.94733192202055,84.63787067382304,8.583972447308724,16.44279761904762
FR,perfect_foresight,2024-11-07,24,130.19550908214205,36.973665961010276,93.22184312113177,0.0,0.0
FR,latest_same_hour,2024-11-08,24,48.071590493209214,28.973665961010276,19.09792453219893,12.073167931962246,9.114583333333332
FR,seven_day_same_hour,2024-11-08,24,56.4746955941464,37.94733192202055,18.52736367212583,12.643728792035347,16.421071428571427
FR,perfect_foresight,2024-11-08,24,59.65792544466632,28.486832980505135,31.171092464161177,0.0,0.0
FR,latest_same_hour,2024-11-09,24,18.239970948796724,36.973665961010276,-18.73369501221356,36.18922276159687,7.983333333333334
FR,seven_day_same_hour,2024-11-09,24,17.42674350113964,37.94733192202055,-20.520588420880927,37.976116170264234,13.296607142857141
FR,perfect_foresight,2024-11-09,24,35.94236072988846,18.486832980505135,17.455527749383307,0.0,0.0
FR,latest_same_hour,2024-11-10,24,-3.752178342302898,28.486832980505135,-32.23901132280804,51.782284353678264,10.00625
FR,seven_day_same_hour,2024-11-10,24,2.1818616383242784,37.94733192202055,-35.76547028369629,55.30874331456651,9.756785714285712
FR,perfect_foresight,2024-11-10,24,38.030106011375366,18.486832980505138,19.543273030870225,0.0,0.0
FR,latest_same_hour,2024-11-11,24,39.078229603126346,18.486832980505135,20.591396622621204,25.96167728178918,12.357083333333334
FR,seven_day_same_hour,2024-11-11,24,54.1672986714276,37.94733192202055,16.219966749407035,30.333107155003347,10.782976190476193
FR,perfect_foresight,2024-11-11,24,75.01357284592581,28.460498941515414,46.55307390441038,0.0,0.0
FR,latest_same_hour,2024-11-12,24,63.9354652427519,18.486832980505138,45.44863226224676,103.18295315250587,13.1925
FR,seven_day_same_hour,2024-11-12,24,107.4960028509265,18.973665961010276,88.52233688991622,60.10924852483642,9.943809523809527
FR,perfect_foresight,2024-11-12,24,187.09208435626806,38.46049894151541,148.63158541475264,0.0,0.0
FR,latest_same_hour,2024-11-13,24,99.03896420154166,28.460498941515414,70.57846526002623,42.52625957387221,24.478333333333335
FR,seven_day_same_hour,2024-11-13,24,113.85026266714613,18.973665961010276,94.87659670613584,18.228128127762602,13.600476190476193
FR,perfect_foresight,2024-11-13,24,150.07839079490873,36.973665961010276,113.10472483389844,0.0,0.0
FR,latest_same_hour,2024-11-14,24,60.63915762198326,38.46049894151541,22.178658680467834,43.83628930841144,21.9675
FR,seven_day_same_hour,2024-11-14,24,76.81708978045083,27.486832980505135,49.33025679994569,16.684691188933584,16.80428571428571
FR,perfect_foresight,2024-11-14,24,84.98861394988955,18.973665961010276,66.01494798887927,0.0,0.0
FR,latest_same_hour,2024-11-15,24,72.31703540606202,36.973665961010276,35.343369445051735,11.552148670613384,11.618749999999999
FR,seven_day_same_hour,2024-11-15,24,30.204370513655363,18.973665961010276,11.23070455264508,35.66481356302004,15.676607142857144
FR,perfect_foresight,2024-11-15,24,65.8691840766754,18.973665961010276,46.89551811566512,0.0,0.0
FR,latest_same_hour,2024-11-16,24,41.063801848857054,18.973665961010276,22.09013588784677,7.135320862839166,18.090416666666666
FR,seven_day_same_hour,2024-11-16,24,39.27620587470284,18.973665961010276,20.302539913692556,8.92291683699338,6.581785714285715
FR,perfect_foresight,2024-11-16,24,48.19912271169622,18.973665961010276,29.225456750685936,0.0,0.0
FR,latest_same_hour,2024-11-17,24,-37.59735310159077,18.973665961010276,-56.57101906260104,151.39092572343125,34.2075
FR,seven_day_same_hour,2024-11-17,24,84.34944378134634,18.973665961010276,65.37577782033608,29.44412884049413,23.403214285714284
FR,perfect_foresight,2024-11-17,24,132.28040560234564,37.46049894151541,94.81990666083021,0.0,0.0
FR,latest_same_hour,2024-11-18,24,94.23813221560346,18.973665961010276,75.26446625459317,41.8260517870354,15.349583333333333
FR,seven_day_same_hour,2024-11-18,24,124.00480996580103,18.973665961010276,105.03114400479075,12.059374036837823,10.250416666666666
FR,perfect_foresight,2024-11-18,24,144.5773510221337,27.486832980505135,117.09051804162857,0.0,0.0
FR,latest_same_hour,2024-11-19,24,174.33716044153851,37.46049894151541,136.8766615000231,52.51478548713382,16.75333333333333
FR,seven_day_same_hour,2024-11-19,24,214.17414158772416,28.460498941515414,185.71364264620874,3.677804340948171,22.86160714285714
FR,perfect_foresight,2024-11-19,24,226.85194592867228,37.46049894151541,189.3914469871569,0.0,0.0
FR,latest_same_hour,2024-11-20,24,89.54815708666706,27.486832980505135,62.06132410616189,44.539014226491844,9.492499999999998
FR,seven_day_same_hour,2024-11-20,24,89.54815708666706,27.486832980505135,62.06132410616189,44.539014226491844,5.825833333333331
FR,perfect_foresight,2024-11-20,24,153.0608372741691,46.46049894151541,106.60033833265373,0.0,0.0
FR,latest_same_hour,2024-11-21,24,60.69845390173509,37.46049894151541,23.237954960219668,20.144474294537204,25.857083333333335
FR,seven_day_same_hour,2024-11-21,24,61.47853073012067,27.486832980505135,33.991697749615525,9.390731505141346,7.3082738095238104
FR,perfect_foresight,2024-11-21,24,62.356095215767155,18.973665961010276,43.38242925475687,0.0,0.0
FR,latest_same_hour,2024-11-22,24,112.6689364622772,46.46049894151541,66.20843752076183,17.12041403468578,6.146666666666664
FR,seven_day_same_hour,2024-11-22,24,65.26144091314552,28.460498941515414,36.80094197163007,46.52790958381755,7.217440476190475
FR,perfect_foresight,2024-11-22,24,129.30251751645784,45.97366596101027,83.32885155544761,0.0,0.0
FR,latest_same_hour,2024-11-23,24,51.587293198599134,18.973665961010276,32.61362723758885,113.01038046770896,45.745000000000005
FR,seven_day_same_hour,2024-11-23,24,70.9568910463872,27.486832980505135,43.470058065882085,102.15394963941571,42.16934523809524
FR,perfect_foresight,2024-11-23,24,183.08450664681322,37.46049894151541,145.6240077052978,0.0,0.0
FR,latest_same_hour,2024-11-24,24,45.082263284615514,45.97366596101027,-0.8914026763947476,35.57498828583702,100.09875
FR,seven_day_same_hour,2024-11-24,24,57.112066990873444,38.46049894151541,18.651568049358012,16.032017560084263,94.39184523809524
FR,perfect_foresight,2024-11-24,24,63.144084550957686,28.460498941515414,34.683585609442275,0.0,0.0
FR,latest_same_hour,2024-11-25,24,77.31471441143631,37.46049894151541,39.854215469920945,109.3387956845227,48.86916666666667
FR,seven_day_same_hour,2024-11-25,24,179.1290910000909,47.434164902525694,131.69492609756526,17.49808505687838,33.58827380952381
FR,perfect_foresight,2024-11-25,24,168.1666771154539,18.973665961010276,149.19301115444364,0.0,0.0
FR,latest_same_hour,2024-11-26,24,-15.419640659050572,28.460498941515414,-43.88013960056597,155.55107833084898,103.58250000000002
FR,seven_day_same_hour,2024-11-26,24,131.7328427662478,47.434164902525694,84.29867786372205,27.372260866560964,25.769523809523808
FR,perfect_foresight,2024-11-26,24,149.61827065230358,37.94733192202055,111.67093873028301,0.0,0.0
FR,latest_same_hour,2024-11-27,24,123.4653285863991,18.973665961010276,104.49166262538881,96.09304251017699,23.920416666666664
FR,seven_day_same_hour,2024-11-27,24,212.09494767150733,47.434164902525694,164.66078276898168,35.92392236658412,9.995357142857143
FR,perfect_foresight,2024-11-27,24,248.0188700380915,47.434164902525694,200.5847051355658,0.0,0.0
FR,latest_same_hour,2024-11-28,24,159.04160238577532,37.94733192202055,121.09427046375478,5.513070980435117,7.038333333333335
FR,seven_day_same_hour,2024-11-28,24,149.2516581471274,46.46049894151541,102.79115920561196,23.816182238577937,26.563928571428573
FR,perfect_foresight,2024-11-28,24,164.55467336621047,37.94733192202055,126.6073414441899,0.0,0.0
FR,latest_same_hour,2024-11-29,24,109.77676070836895,47.434164902525694,62.342595805843246,14.19777377099524,32.19
FR,seven_day_same_hour,2024-11-29,24,119.22310790524705,47.434164902525694,71.78894300272134,4.751426574117147,33.05255952380953
FR,perfect_foresight,2024-11-29,24,114.00086851835385,37.46049894151541,76.54036957683849,0.0,0.0
FR,latest_same_hour,2024-11-30,24,62.562813112873755,37.94733192202055,24.61548119085319,14.743156237049277,18.27125
FR,seven_day_same_hour,2024-11-30,24,55.891912807890265,47.43416490252569,8.457747905364556,30.90088952253791,24.72827380952381
FR,perfect_foresight,2024-11-30,24,67.8454704084076,28.486832980505135,39.358637427902465,0.0,0.0
FR,latest_same_hour,2024-12-01,24,66.5519321878632,37.46049894151541,29.091433246347776,19.7791547061247,22.726250000000004
FR,seven_day_same_hour,2024-12-01,24,64.42967641999655,47.43416490252569,16.995511517470845,31.87507643500163,11.498571428571429
FR,perfect_foresight,2024-12-01,24,85.35742093297756,36.48683298050514,48.870587952472476,0.0,0.0
FR,latest_same_hour,2024-12-02,24,108.67244952185973,28.486832980505135,80.18561654135459,40.38040162194173,18.612916666666663
FR,seven_day_same_hour,2024-12-02,24,145.65301708251798,37.486832980505135,108.16618410201283,12.399834061283485,21.828750000000003
FR,perfect_foresight,2024-12-02,24,149.02651710481175,28.460498941515414,120.56601816329632,0.0,0.0
FR,latest_same_hour,2024-12-03,24,91.77306558263103,36.48683298050514,55.28623260212589,66.63174438317003,51.240416666666675
FR,seven_day_same_hour,2024-12-03,24,136.548587814545,37.486832980505135,99.06175483403985,22.856222151256077,45.05416666666667
FR,perfect_foresight,2024-12-03,24,140.8916429463062,18.973665961010276,121.91797698529592,0.0,0.0
FR,latest_same_hour,2024-12-04,24,111.65366599951025,28.460498941515414,83.19316705799483,130.88732686281392,37.94291666666666
FR,seven_day_same_hour,2024-12-04,24,157.4821695013867,37.486832980505135,119.99533652088161,94.08515739992714,41.13511904761905
FR,perfect_foresight,2024-12-04,24,252.02782584282932,37.94733192202055,214.08049392080875,0.0,0.0
FR,latest_same_hour,2024-12-05,24,81.55130504454871,18.973665961010276,62.57763908353844,27.77750298986841,35.31875
FR,seven_day_same_hour,2024-12-05,24,116.35424394215477,37.486832980505135,78.86741096164963,11.487731111757228,17.22309523809524
FR,perfect_foresight,2024-12-05,24,117.841975053912,27.486832980505135,90.35514207340685,0.0,0.0
FR,latest_same_hour,2024-12-06,24,179.8197718243125,37.94733192202055,141.87243990229194,13.1097415332315,57.26291666666666
FR,seven_day_same_hour,2024-12-06,24,180.65921395512254,36.973665961010276,143.68554799411226,11.296633441411188,29.128452380952382
FR,perfect_foresight,2024-12-06,24,191.46901441602859,36.486832980505135,154.98218143552344,0.0,0.0
FR,latest_same_hour,2024-12-07,24,43.92518278201092,27.486832980505135,16.43834980150578,80.65440063746692,66.21249999999999
FR,seven_day_same_hour,2024-12-07,24,52.39385230470363,36.973665961010276,15.420186343693345,81.67256409527936,73.9952380952381
FR,perfect_foresight,2024-12-07,24,153.5532493804881,56.46049894151541,97.0927504389727,0.0,0.0
FR,latest_same_hour,2024-12-08,24,40.798312841157326,36.486832980505135,4.311479860652199,57.871406182302835,50.42208333333334
FR,seven_day_same_hour,2024-12-08,24,15.948385421454105,28.973665961010276,-13.025280539556164,75.2081665825112,75.16809523809525
FR,perfect_foresight,2024-12-08,24,89.66971902346017,27.486832980505138,62.18288604295503,0.0,0.0
FR,latest_same_hour,2024-12-09,24,99.10755100736918,56.46049894151541,42.647052065853785,138.09496487977808,58.90208333333334
FR,seven_day_same_hour,2024-12-09,24,220.47302828467292,45.486832980505135,174.98619530416778,5.755821641464081,17.28744047619048
FR,perfect_foresight,2024-12-09,24,227.20251588714723,46.46049894151541,180.74201694563186,0.0,0.0
FR,latest_same_hour,2024-12-10,24,22.507133620828853,27.486832980505138,-4.979699359676289,122.11833070336829,89.01791666666668
FR,seven_day_same_hour,2024-12-10,24,113.79378258142077,36.486832980505135,77.30694960091563,39.83168174277637,30.636369047619052
FR,perfect_foresight,2024-12-10,24,154.11229730470228,36.973665961010276,117.138631343692,0.0,0.0
FR,latest_same_hour,2024-12-11,24,349.5040873461097,46.46049894151541,303.0435884045943,37.61994223619115,75.46458333333334
FR,seven_day_same_hour,2024-12-11,24,368.8680526720293,46.46049894151541,322.4075537305139,18.255976910271556,71.08642857142858
FR,perfect_foresight,2024-12-11,24,378.610862562806,37.94733192202055,340.66353064078544,0.0,0.0
FR,latest_same_hour,2024-12-12,24,354.96489806017917,36.973665961010276,317.9912320991689,28.216276761851418,46.9125
FR,seven_day_same_hour,2024-12-12,24,374.8778544093376,47.434164902525694,327.4436895068119,18.763819354208408,82.48041666666667
FR,perfect_foresight,2024-12-12,24,384.15484078304087,37.94733192202055,346.2075088610203,0.0,0.0
FR,latest_same_hour,2024-12-13,24,373.8285991858919,37.94733192202055,335.88126726387134,22.782549358861843,21.16708333333333
FR,seven_day_same_hour,2024-12-13,24,323.2326454230987,46.46049894151541,276.77214648158326,81.89167014114992,83.24648809523809
FR,perfect_foresight,2024-12-13,24,396.61114854475375,37.94733192202055,358.6638166227332,0.0,0.0
FR,latest_same_hour,2024-12-14,24,29.240384983482613,37.94733192202055,-8.706946938537953,27.349469683501184,63.65541666666667
FR,seven_day_same_hour,2024-12-14,24,40.160821734750584,46.46049894151541,-6.299677206764784,24.942199951728014,21.32315476190476
FR,perfect_foresight,2024-12-14,24,47.103021686478655,28.460498941515414,18.64252274496323,0.0,0.0
FR,latest_same_hour,2024-12-15,24,46.04427046375474,37.94733192202055,8.096938541734232,76.14987254745694,103.18541666666665
FR,seven_day_same_hour,2024-12-15,24,72.47045298318037,46.46049894151541,26.00995404166494,58.23685704752623,41.95291666666667
FR,perfect_foresight,2024-12-15,24,112.7073100307066,28.460498941515414,84.24681108919117,0.0,0.0
FR,latest_same_hour,2024-12-16,24,98.36730453862806,28.460498941515414,69.90680559711264,31.87285153718544,32.94541666666667
FR,seven_day_same_hour,2024-12-16,24,124.18458459858874,37.94733192202055,86.23725267656823,15.542404457729845,48.534880952380945
FR,perfect_foresight,2024-12-16,24,129.75332309530836,27.973665961010276,101.77965713429808,0.0,0.0
FR,latest_same_hour,2024-12-17,24,34.10416124755665,28.460498941515414,5.643662306041222,88.3376489615798,28.1875
FR,seven_day_same_hour,2024-12-17,24,97.10584469664377,37.94733192202055,59.158512774623205,34.82279849299782,37.10875
FR,perfect_foresight,2024-12-17,24,112.95497722863131,18.973665961010276,93.98131126762102,0.0,0.0
FR,latest_same_hour,2024-12-18,24,109.90265291664629,27.973665961010276,81.928986955636,51.37038269721465,28.652500000000003
FR,seven_day_same_hour,2024-12-18,24,115.22174299620679,37.94733192202055,77.27441107418628,56.02495857866438,69.78
FR,perfect_foresight,2024-12-18,24,161.75986859436605,28.460498941515414,133.29936965285066,0.0,0.0
FR,latest_same_hour,2024-12-19,24,123.78296219710904,18.973665961010276,104.80929623609876,19.67507184222768,34.195
FR,seven_day_same_hour,2024-12-19,24,145.22005450716313,37.94733192202055,107.27272258514256,17.21164549318388,64.84904761904762
FR,perfect_foresight,2024-12-19,24,170.94486701984187,46.46049894151541,124.48436807832644,0.0,0.0
FR,latest_same_hour,2024-12-20,24,125.39275840383885,28.460498941515414,96.93225946232343,48.48959897315376,24.448333333333334
FR,seven_day_same_hour,2024-12-20,24,184.06495861716434,46.46049894151541,137.6044596756489,7.817398759828279,28.41261904761905
FR,perfect_foresight,2024-12-20,24,183.88235737699262,38.46049894151541,145.4218584354772,0.0,0.0
FR,latest_same_hour,2024-12-21,24,62.384913576396286,46.46049894151541,15.92441463488089,24.8086253071928,34.612500000000004
FR,seven_day_same_hour,2024-12-21,24,72.10861003842258,38.46049894151541,33.648111096907186,7.084928845166502,60.18238095238095
FR,perfect_foresight,2024-12-21,24,59.70670590308396,18.973665961010276,40.73303994207369,0.0,0.0
FR,latest_same_hour,2024-12-22,24,39.3319425627208,38.46049894151541,0.8714436212053727,86.7855865938636,55.59458333333333
FR,seven_day_same_hour,2024-12-22,24,92.12289970676412,28.460498941515414,63.6624007652487,23.994629449820273,53.929880952380955
FR,perfect_foresight,2024-12-22,24,115.63069617607925,27.973665961010276,87.65703021506897,0.0,0.0
FR,latest_same_hour,2024-12-23,24,96.64533042350858,18.973665961010276,77.67166446249833,24.940125298061716,40.68875
FR,seven_day_same_hour,2024-12-23,24,104.41406828252097,27.486832980505135,76.92723530201583,25.684554458544213,22.4960119047619
FR,perfect_foresight,2024-12-23,24,112.09862274106518,9.486832980505138,102.61178976056004,0.0,0.0
FR,latest_same_hour,2024-12-24,24,18.173568253151984,27.973665961010276,-9.800097707858242,42.26868058088627,77.75333333333333
FR,seven_day_same_hour,2024-12-24,24,37.97070772094344,27.486832980505135,10.483874740438296,21.98470813258973,41.82226190476191
FR,perfect_foresight,2024-12-24,24,51.44224883403831,18.973665961010276,32.468582873028026,0.0,0.0
FR,latest_same_hour,2024-12-25,24,31.564436264597376,9.486832980505138,22.077603284092234,2.3906819110872846,31.933333333333326
FR,seven_day_same_hour,2024-12-25,24,37.080223174230895,28.460498941515414,8.61972423271547,15.848560962464049,37.68910714285714
FR,perfect_foresight,2024-12-25,24,33.95511817568466,9.486832980505138,24.46828519517952,0.0,0.0
FR,latest_same_hour,2024-12-26,24,10.766931231796264,18.973665961010276,-8.206734729214034,35.13024071808212,14.42375
FR,seven_day_same_hour,2024-12-26,24,42.299759320417934,28.460498941515414,13.839260378902509,13.084245609965578,52.208988095238105
FR,perfect_foresight,2024-12-26,24,36.41033896937323,9.486832980505138,26.923505988868087,0.0,0.0
FR,latest_same_hour,2024-12-27,24,36.769155212045334,9.486832980505138,27.282322231540192,23.033197346112573,22.755416666666672
FR,seven_day_same_hour,2024-12-27,24,66.97560542129926,18.973665961010276,48.00193946028898,2.3135801173637844,53.67333333333334
FR,perfect_foresight,2024-12-27,24,88.26285149967333,37.94733192202055,50.315519577652765,0.0,0.0
FR,latest_same_hour,2024-12-28,24,29.201986580514102,9.486832980505138,19.71515360000896,7.327646767610503,8.742500000000003
FR,seven_day_same_hour,2024-12-28,24,44.77288741066823,18.486832980505135,26.28605443016309,0.7567459374563725,46.78452380952382
FR,perfect_foresight,2024-12-28,24,45.529633348124605,18.486832980505135,27.042800367619463,0.0,0.0
FR,latest_same_hour,2024-12-29,24,24.4654607615268,37.94733192202055,-13.48187116049371,44.50876777398378,9.52875
FR,seven_day_same_hour,2024-12-29,24,41.474717935606606,18.486832980505135,22.987884955101464,8.039011658388603,34.73291666666666
FR,perfect_foresight,2024-12-29,24,59.00056257450035,27.973665961010273,31.026896613490067,0.0,0.0
FR,latest_same_hour,2024-12-30,24,38.83642498133065,18.486832980505135,20.34959200082551,19.26406009055259,9.255
FR,seven_day_same_hour,2024-12-30,24,48.34048507188322,18.486832980505135,29.85365209137808,9.76000000000002,25.820714285714285
FR,perfect_foresight,2024-12-30,24,49.10048507188324,9.486832980505138,39.6136520913781,0.0,0.0
FR,latest_same_hour,2024-12-31,24,30.94156171172,27.973665961010273,2.9678957507097152,79.80617273763437,21.62625
FR,seven_day_same_hour,2024-12-31,24,46.930421419648184,18.486832980505135,28.443588439143042,54.33048004920104,21.62571428571429
FR,perfect_foresight,2024-12-31,24,111.23456742985951,28.460498941515414,82.77406848834408,0.0,0.0
