zone,stage,model,day_cet,hours,gross_margin_eur,degradation_eur,net_margin_eur,oracle_gap_eur,discharged_mwh
DE-LU,independent_2025,latest_same_hour,2025-01-09,24,73.70190478620833,47.434164902525694,26.267739883682736,65.56741484169197,4.743416490252569
DE-LU,independent_2025,latest_same_hour,2025-01-10,24,99.10355057948988,28.973665961010276,70.1298846184796,10.973369595100621,2.8973665961010275
DE-LU,independent_2025,latest_same_hour,2025-01-11,24,-5.290005847950425,18.973665961010276,-24.26367180896068,37.92967641999664,1.8973665961010275
DE-LU,independent_2025,latest_same_hour,2025-01-12,24,71.11197709684467,37.46049894151541,33.651478155329244,13.43328011573513,3.7460498941515414
DE-LU,independent_2025,latest_same_hour,2025-01-13,24,-4.3354439294194265,9.486832980505138,-13.822276909924568,212.4670178641866,0.9486832980505138
DE-LU,independent_2025,latest_same_hour,2025-01-14,24,70.52193829839885,18.486832980505135,52.03510531789371,102.86993949878902,1.8486832980505137
DE-LU,independent_2025,latest_same_hour,2025-01-15,24,251.33435450879188,37.94733192202055,213.3870225867713,199.81915427917966,3.794733192202055
DE-LU,independent_2025,latest_same_hour,2025-01-16,24,163.91415984331914,37.94733192202055,125.9668279212986,20.69322838447391,3.794733192202055
DE-LU,independent_2025,latest_same_hour,2025-01-17,24,72.52393589959436,18.973665961010276,53.55026993858408,94.10135070278622,1.8973665961010275
DE-LU,independent_2025,latest_same_hour,2025-01-18,24,81.22575701588772,37.94733192202055,43.278425093867156,5.520718797399184,3.794733192202055
DE-LU,independent_2025,latest_same_hour,2025-01-19,24,39.099732648769134,37.94733192202055,1.1524007267485672,35.83406957520987,3.794733192202055
DE-LU,independent_2025,latest_same_hour,2025-01-20,24,778.0138015991138,37.94733192202055,740.0664696770932,289.28651266109887,3.794733192202055
DE-LU,independent_2025,latest_same_hour,2025-01-21,24,150.2156277262352,18.973665961010276,131.24196176522491,237.31945263027194,1.8973665961010275
DE-LU,independent_2025,latest_same_hour,2025-01-22,24,184.8054414575662,37.94733192202055,146.85810953554562,25.00367979411817,3.794733192202055
DE-LU,independent_2025,latest_same_hour,2025-01-23,24,147.65148115630444,37.94733192202055,109.70414923428388,10.873110040478537,3.794733192202055
DE-LU,independent_2025,latest_same_hour,2025-01-24,24,72.53953071185853,36.973665961010276,35.56586475084825,46.0296990423044,3.6973665961010274
DE-LU,independent_2025,latest_same_hour,2025-01-25,24,9.989613574821078,28.973665961010276,-18.984052386189205,92.19588459917617,2.8973665961010275
DE-LU,independent_2025,latest_same_hour,2025-01-26,24,3.260979233063914,28.460498941515414,-25.199519708451497,142.67993796177703,2.846049894151541
DE-LU,independent_2025,latest_same_hour,2025-01-27,24,92.73380241153993,18.486832980505135,74.24696943103478,91.12189620184395,1.8486832980505137
DE-LU,independent_2025,latest_same_hour,2025-01-28,24,34.60478214953656,28.460498941515414,6.144283208021136,136.39415593185223,2.846049894151541
DE-LU,independent_2025,latest_same_hour,2025-01-29,24,177.4958067234661,47.434164902525694,130.06164182094045,20.47544471816326,4.743416490252569
DE-LU,independent_2025,latest_same_hour,2025-01-30,24,130.03647273114655,28.973665961010276,101.06280677013626,30.10675865430281,2.8973665961010275
DE-LU,independent_2025,latest_same_hour,2025-01-31,24,143.48019110675372,37.94733192202055,105.53285918473313,1.355349352347389,3.794733192202055
DE-LU,independent_2025,latest_same_hour,2025-02-01,24,92.48587352277383,37.94733192202055,54.53854160075326,18.746156917368296,3.794733192202055
DE-LU,independent_2025,latest_same_hour,2025-02-02,24,58.72279305866931,37.94733192202055,20.775461136648744,29.659632897978327,3.794733192202055
DE-LU,independent_2025,latest_same_hour,2025-02-03,24,306.56349918880204,37.94733192202055,268.6161672667815,3.3589294697111427,3.794733192202055
DE-LU,independent_2025,latest_same_hour,2025-02-04,24,70.27360242229963,18.486832980505135,51.78676944179449,120.89211920776387,1.8486832980505137
DE-LU,independent_2025,latest_same_hour,2025-02-05,24,172.9276829816664,37.94733192202055,134.98035105964584,13.983879632321845,3.794733192202055
DE-LU,independent_2025,latest_same_hour,2025-02-06,24,135.3785464003381,37.94733192202055,97.43121447831754,11.450571195389372,3.794733192202055
DE-LU,independent_2025,latest_same_hour,2025-02-07,24,122.80609742799857,37.94733192202055,84.858765505978,11.849360111431338,3.794733192202055
DE-LU,independent_2025,latest_same_hour,2025-02-08,24,5.486658705858815,27.973665961010276,-22.487007255151468,117.25310292512317,2.7973665961010274
DE-LU,independent_2025,latest_same_hour,2025-02-09,24,59.96928232796648,37.94733192202055,22.021950405945915,40.55096510084638,3.794733192202055
DE-LU,independent_2025,latest_same_hour,2025-02-10,24,44.21266019521293,19.486832980505138,24.72582721470779,92.3720852565606,1.9486832980505138
DE-LU,independent_2025,latest_same_hour,2025-02-11,24,110.78331739740673,27.973665961010273,82.80965143639645,69.25582199733594,2.7973665961010274
DE-LU,independent_2025,latest_same_hour,2025-02-12,24,116.92735047771305,36.973665961010276,79.95368451670276,10.718040935652766,3.6973665961010274
DE-LU,independent_2025,latest_same_hour,2025-02-13,24,101.99260577815897,37.46049894151541,64.53210683664358,69.8073307601305,3.7460498941515414
DE-LU,independent_2025,latest_same_hour,2025-02-14,24,355.25586119212926,37.94733192202055,317.3085292701087,77.81810668857054,3.794733192202055
DE-LU,independent_2025,latest_same_hour,2025-02-15,24,81.05604337295728,37.94733192202055,43.10871145093671,34.401227222584026,3.794733192202055
DE-LU,independent_2025,latest_same_hour,2025-02-16,24,28.46659303191683,37.94733192202055,-9.480738890103737,40.26150514533771,3.794733192202055
DE-LU,independent_2025,latest_same_hour,2025-02-17,24,358.95955823000116,37.94733192202055,321.0122263079806,13.245003130786074,3.794733192202055
DE-LU,independent_2025,latest_same_hour,2025-02-18,24,97.40186827403062,18.486832980505135,78.91503529352548,143.16266928133314,1.8486832980505137
DE-LU,independent_2025,latest_same_hour,2025-02-19,24,177.25943688503025,37.94733192202055,139.3121049630097,17.147374281160978,3.794733192202055
DE-LU,independent_2025,latest_same_hour,2025-02-20,24,82.86430187723818,37.94733192202055,44.91696995521761,14.18389312683206,3.794733192202055
DE-LU,independent_2025,latest_same_hour,2025-02-21,24,137.4465547606174,37.94733192202055,99.49922283859684,31.424116656934928,3.794733192202055
DE-LU,independent_2025,latest_same_hour,2025-02-22,24,77.19165351684134,37.94733192202055,39.2443215948208,39.325716641929915,3.794733192202055
DE-LU,independent_2025,latest_same_hour,2025-02-23,24,121.20384248638807,37.94733192202055,83.2565105643675,78.09424740857504,3.794733192202055
DE-LU,independent_2025,latest_same_hour,2025-02-24,24,86.95145795107607,36.486832980505135,50.464624970570924,72.65934183658622,3.6486832980505133
DE-LU,independent_2025,latest_same_hour,2025-02-25,24,225.83207947447676,37.94733192202055,187.88474755245625,36.09098213778907,3.794733192202055
DE-LU,independent_2025,latest_same_hour,2025-02-26,24,91.02305041625169,37.486832980505135,53.53621743574655,53.01911808546862,3.748683298050514
DE-LU,independent_2025,latest_same_hour,2025-02-27,24,159.6655105076053,37.94733192202055,121.71817858558472,8.286999531591533,3.794733192202055
DE-LU,independent_2025,latest_same_hour,2025-02-28,24,121.4269769285338,37.94733192202055,83.47964500651318,9.872718160679824,3.794733192202055
DE-LU,independent_2025,latest_same_hour,2025-03-01,24,98.19883856685803,37.94733192202055,60.25150664483746,7.911075291373578,3.794733192202055
DE-LU,independent_2025,latest_same_hour,2025-03-02,24,220.74151482051946,37.94733192202055,182.79418289849883,52.62496178249924,3.794733192202055
DE-LU,independent_2025,latest_same_hour,2025-03-03,24,285.70210436676604,37.94733192202055,247.75477244474547,115.99078020087842,3.794733192202055
DE-LU,independent_2025,latest_same_hour,2025-03-04,24,256.32342110523985,27.973665961010273,228.34975514422953,99.46908717384756,2.7973665961010274
DE-LU,independent_2025,latest_same_hour,2025-03-05,24,315.06205867002853,37.94733192202055,277.1147267480079,26.98692249837069,3.794733192202055
DE-LU,independent_2025,latest_same_hour,2025-03-06,24,351.16278991357234,37.94733192202055,313.2154579915518,38.6769013188005,3.794733192202055
DE-LU,independent_2025,latest_same_hour,2025-03-07,24,406.07880438339953,37.94733192202055,368.13147246137896,2.6111180256359603,3.794733192202055
DE-LU,independent_2025,latest_same_hour,2025-03-08,24,300.7742490630628,37.94733192202055,262.82691714104226,31.786194178802077,3.794733192202055
DE-LU,independent_2025,latest_same_hour,2025-03-09,24,231.8332727347241,37.94733192202055,193.88594081270352,23.496032369550363,3.794733192202055
DE-LU,independent_2025,latest_same_hour,2025-03-10,24,182.40409373650527,28.460498941515414,153.94359479498985,54.521729107324546,2.846049894151541
DE-LU,independent_2025,latest_same_hour,2025-03-11,24,150.8345236472316,28.460498941515414,122.37402470571618,69.2750053045174,2.846049894151541
DE-LU,independent_2025,latest_same_hour,2025-03-12,24,219.78349476433928,37.94733192202055,181.8361628423187,8.213420876215338,3.794733192202055
DE-LU,independent_2025,latest_same_hour,2025-03-13,24,145.98853545468108,37.94733192202055,108.04120353266052,30.17139999674268,3.794733192202055
DE-LU,independent_2025,latest_same_hour,2025-03-14,24,141.89338260491593,37.94733192202055,103.94605068289536,1.8481708620248583,3.794733192202055
DE-LU,independent_2025,latest_same_hour,2025-03-15,24,132.23881776240975,37.94733192202055,94.2914858403892,23.88774428889566,3.794733192202055
DE-LU,independent_2025,latest_same_hour,2025-03-16,24,239.04827582701023,37.94733192202055,201.10094390498966,26.604748543071878,3.794733192202055
DE-LU,independent_2025,latest_same_hour,2025-03-17,24,222.42563147745426,28.460498941515414,193.96513253593884,125.95893899188053,2.846049894151541
DE-LU,independent_2025,latest_same_hour,2025-03-18,24,299.8755927925329,28.460498941515414,271.4150938510175,71.42818259642564,2.846049894151541
DE-LU,independent_2025,latest_same_hour,2025-03-19,24,460.7993008145617,37.94733192202055,422.85196889254115,51.93256990368843,3.794733192202055
DE-LU,independent_2025,latest_same_hour,2025-03-20,24,547.656502398564,37.94733192202055,509.7091704765434,0.6703772984227498,3.794733192202055
DE-LU,independent_2025,latest_same_hour,2025-03-21,24,344.64643139591533,37.94733192202055,306.69909947389476,22.2997319370254,3.794733192202055
DE-LU,independent_2025,latest_same_hour,2025-03-22,24,114.22398230807572,37.94733192202055,76.27665038605517,19.872473806878702,3.794733192202055
DE-LU,independent_2025,latest_same_hour,2025-03-23,24,132.4365021290638,37.94733192202055,94.48917020704323,32.99182983244464,3.794733192202055
DE-LU,independent_2025,latest_same_hour,2025-03-24,24,154.16001321563846,28.460498941515414,125.69951427412303,91.50786229626934,2.846049894151541
DE-LU,independent_2025,latest_same_hour,2025-03-25,24,135.4347142441133,27.973665961010276,107.46104828310301,69.59910593733885,2.7973665961010274
DE-LU,independent_2025,latest_same_hour,2025-03-26,24,171.90523112385182,37.94733192202055,133.9578992018313,6.077635034197442,3.794733192202055
DE-LU,independent_2025,latest_same_hour,2025-03-27,24,322.3170833170068,37.94733192202055,284.3697513949862,2.431751729632424,3.794733192202055
DE-LU,independent_2025,latest_same_hour,2025-03-28,24,306.0092181160122,37.94733192202055,268.06188619399165,47.076804606497035,3.794733192202055
DE-LU,independent_2025,latest_same_hour,2025-03-29,24,227.00989425614918,37.94733192202055,189.06256233412861,92.83846524077617,3.794733192202055
DE-LU,independent_2025,latest_same_hour,2025-03-30,23,38.569705659748635,37.94733192202055,0.6223737377280969,136.71215463208813,3.794733192202055
DE-LU,independent_2025,latest_same_hour,2025-03-31,24,100.45324594757528,28.460498941515414,71.99274700605986,205.6052698665232,2.846049894151541
DE-LU,independent_2025,latest_same_hour,2025-04-01,24,146.60430795026173,27.973665961010273,118.63064198925144,239.5242374787108,2.7973665961010274
DE-LU,independent_2025,latest_same_hour,2025-04-02,24,373.9801080044607,37.94733192202055,336.03277608244014,11.723067267716146,3.794733192202055
DE-LU,independent_2025,latest_same_hour,2025-04-03,24,414.6516631930109,37.94733192202055,376.70433127099034,4.099530298236687,3.794733192202055
DE-LU,independent_2025,latest_same_hour,2025-04-04,24,404.2415616426226,37.94733192202055,366.29422972060206,11.908054730260687,3.794733192202055
DE-LU,independent_2025,latest_same_hour,2025-04-05,24,294.0678422998151,37.94733192202055,256.1205103777945,34.236269432663335,3.794733192202055
DE-LU,independent_2025,latest_same_hour,2025-04-06,24,453.9680604340894,37.94733192202055,416.02072851206884,3.1000386524552255,3.794733192202055
DE-LU,independent_2025,latest_same_hour,2025-04-07,24,274.3372768378637,28.460498941515414,245.8767778963483,133.0632142744701,2.846049894151541
DE-LU,independent_2025,latest_same_hour,2025-04-08,24,343.19712895703555,28.486832980505135,314.7102959765304,46.53972100957719,2.8486832980505135
DE-LU,independent_2025,latest_same_hour,2025-04-09,24,324.41358139672957,37.94733192202055,286.46624947470906,19.895337319824648,3.794733192202055
DE-LU,independent_2025,latest_same_hour,2025-04-10,24,335.36230563043296,37.94733192202055,297.4149737084124,39.964911064067394,3.794733192202055
DE-LU,independent_2025,latest_same_hour,2025-04-11,24,306.04160066416597,37.94733192202055,268.0942687421454,0.4349041292512652,3.794733192202055
DE-LU,independent_2025,latest_same_hour,2025-04-12,24,336.4477897452614,37.94733192202055,298.5004578232408,49.02203111338588,3.794733192202055
DE-LU,independent_2025,latest_same_hour,2025-04-13,24,192.3205499620205,37.46049894151541,154.8600510205051,48.989921373992786,3.7460498941515414
DE-LU,independent_2025,latest_same_hour,2025-04-14,24,174.63266598124812,28.460498941515414,146.1721670397327,105.05922430058448,2.846049894151541
DE-LU,independent_2025,latest_same_hour,2025-04-15,24,225.8635288574747,27.973665961010276,197.88986289646442,43.91266656219321,2.7973665961010274
DE-LU,independent_2025,latest_same_hour,2025-04-16,24,251.26439402095704,37.94733192202055,213.3170620989365,19.92945761247853,3.794733192202055
DE-LU,independent_2025,latest_same_hour,2025-04-17,24,122.11912057646487,37.94733192202055,84.17178865444431,6.783061458265777,3.794733192202055
DE-LU,independent_2025,latest_same_hour,2025-04-18,24,74.15915959800812,37.94733192202055,36.21182767598758,20.81076638702058,3.794733192202055
DE-LU,independent_2025,latest_same_hour,2025-04-19,24,237.99215838330724,37.94733192202055,200.04482646128668,25.187501583655262,3.794733192202055
DE-LU,independent_2025,latest_same_hour,2025-04-20,24,294.1257101227115,27.973665961010276,266.1520441617012,56.911540384076716,2.7973665961010274
DE-LU,independent_2025,latest_same_hour,2025-04-21,24,218.3768184953792,27.973665961010273,190.40315253436893,10.919344760561444,2.7973665961010274
DE-LU,independent_2025,latest_same_hour,2025-04-22,24,253.86775045619362,27.973665961010273,225.89408449518334,102.3830499528894,2.7973665961010274
DE-LU,independent_2025,latest_same_hour,2025-04-23,24,81.51003767406786,27.973665961010273,53.53637171305758,97.12634832323172,2.7973665961010274
DE-LU,independent_2025,latest_same_hour,2025-04-24,24,95.21744809228474,37.94733192202055,57.270116170264174,0.8733768300142657,3.794733192202055
DE-LU,independent_2025,latest_same_hour,2025-04-25,24,129.70827578851018,37.94733192202055,91.76094386648963,31.73590227289172,3.794733192202055
DE-LU,independent_2025,latest_same_hour,2025-04-26,24,191.6145850497229,37.46049894151541,154.1540861082075,58.98311007897851,3.7460498941515414
DE-LU,independent_2025,latest_same_hour,2025-04-27,24,410.0688252618844,37.46049894151541,372.608326320369,49.73119695772118,3.7460498941515414
DE-LU,independent_2025,latest_same_hour,2025-04-28,24,325.2190779192027,27.973665961010276,297.2454119581924,73.98636223037607,2.7973665961010274
DE-LU,independent_2025,latest_same_hour,2025-04-29,24,274.333778256225,19.486832980505138,254.84694527571986,33.02902076589481,1.9486832980505138
DE-LU,independent_2025,latest_same_hour,2025-04-30,24,329.0575556061235,37.94733192202055,291.11022368410295,0.5162460216118347,3.794733192202055
DE-LU,independent_2025,latest_same_hour,2025-05-01,24,503.50864885497026,37.94733192202055,465.5613169329497,44.153365378436604,3.794733192202055
DE-LU,independent_2025,latest_same_hour,2025-05-02,24,257.62430855243247,37.94733192202055,219.67697663041193,11.942962645279664,3.794733192202055
DE-LU,independent_2025,latest_same_hour,2025-05-03,24,188.33471649484477,28.460498941515414,159.87421755332934,9.010745188200417,2.846049894151541
DE-LU,independent_2025,latest_same_hour,2025-05-04,24,157.48034333806166,46.94733192202055,110.53301141604112,43.417419302679065,4.694733192202055
DE-LU,independent_2025,latest_same_hour,2025-05-05,24,86.12389488990503,27.973665961010273,58.15022892889475,85.51622645506582,2.7973665961010274
DE-LU,independent_2025,latest_same_hour,2025-05-06,24,164.2228992951178,27.973665961010273,136.24923333410752,56.54858223630865,2.7973665961010274
DE-LU,independent_2025,latest_same_hour,2025-05-07,24,193.2413668616499,37.94733192202055,155.29403493962934,3.291765673301086,3.794733192202055
DE-LU,independent_2025,latest_same_hour,2025-05-08,24,216.65184522181448,37.46049894151541,179.19134628029906,1.937325398850703,3.7460498941515414
DE-LU,independent_2025,latest_same_hour,2025-05-09,24,317.0091316376219,37.46049894151541,279.5486326961065,9.426757370771952,3.7460498941515414
DE-LU,independent_2025,latest_same_hour,2025-05-10,24,441.31165959579204,37.94733192202055,403.3643276737714,78.45512829508556,3.794733192202055
DE-LU,independent_2025,latest_same_hour,2025-05-11,24,668.2390106006515,37.94733192202055,630.2916786786309,78.4091373690843,3.794733192202055
DE-LU,independent_2025,latest_same_hour,2025-05-12,24,328.4295079982399,27.973665961010273,300.4558420372296,109.20030780120084,2.7973665961010274
DE-LU,independent_2025,latest_same_hour,2025-05-13,24,357.61786447296436,27.973665961010276,329.6441985119541,64.6200081919684,2.7973665961010274
DE-LU,independent_2025,latest_same_hour,2025-05-14,24,355.90420925277573,37.94733192202055,317.95687733075516,17.323421251337265,3.794733192202055
DE-LU,independent_2025,latest_same_hour,2025-05-15,24,283.97093408469846,37.94733192202055,246.0236021626779,17.302754072662538,3.794733192202055
DE-LU,independent_2025,latest_same_hour,2025-05-16,24,308.143981711832,37.94733192202055,270.19664978981143,1.8805434743871956,3.794733192202055
DE-LU,independent_2025,latest_same_hour,2025-05-17,24,220.50696062456052,37.46049894151541,183.0464616830451,32.108312916181774,3.7460498941515414
DE-LU,independent_2025,latest_same_hour,2025-05-18,24,208.46805267202936,37.94733192202055,170.5207207500088,60.6055943438557,3.794733192202055
DE-LU,independent_2025,latest_same_hour,2025-05-19,24,228.22156482621972,18.973665961010276,209.24789886520944,144.58411013574073,1.8973665961010275
DE-LU,independent_2025,latest_same_hour,2025-05-20,24,305.54942731004996,27.973665961010273,277.5757613490397,48.33484585655822,2.7973665961010274
DE-LU,independent_2025,latest_same_hour,2025-05-21,24,238.87536483796728,37.94733192202055,200.92803291594672,3.457621031737432,3.794733192202055
DE-LU,independent_2025,latest_same_hour,2025-05-22,24,262.72302948703873,37.94733192202055,224.7756975650182,13.75558787744805,3.794733192202055
DE-LU,independent_2025,latest_same_hour,2025-05-23,24,266.10180139761604,28.486832980505135,237.6149684171109,23.705258453552574,2.8486832980505135
DE-LU,independent_2025,latest_same_hour,2025-05-24,24,166.52041493289587,28.973665961010276,137.54674897188553,54.49631108411833,2.8973665961010275
DE-LU,independent_2025,latest_same_hour,2025-05-25,24,102.80496736983999,37.46049894151541,65.34446842832456,50.52268530445882,3.7460498941515414
DE-LU,independent_2025,latest_same_hour,2025-05-26,24,256.8384954395587,27.973665961010276,228.86482947854842,129.40328096124114,2.7973665961010274
DE-LU,independent_2025,latest_same_hour,2025-05-27,24,186.1914304196105,18.973665961010276,167.21776445860021,48.04535118945685,1.8973665961010275
DE-LU,independent_2025,latest_same_hour,2025-05-28,24,154.27733346100823,37.94733192202055,116.3300015389877,15.493019923405697,3.794733192202055
DE-LU,independent_2025,latest_same_hour,2025-05-29,24,183.40032956270392,28.460498941515414,154.9398306211885,3.474119843495373,2.846049894151541
DE-LU,independent_2025,latest_same_hour,2025-05-30,24,238.61943418711604,37.46049894151541,201.15893524560065,25.230126029055498,3.746049894151541
DE-LU,independent_2025,latest_same_hour,2025-05-31,24,306.27814312769965,27.973665961010276,278.30447716668937,71.69391486908512,2.7973665961010274
DE-LU,independent_2025,latest_same_hour,2025-06-01,24,89.00005431861437,37.46049894151541,51.53955537709895,156.06357489083416,3.7460498941515414
DE-LU,independent_2025,latest_same_hour,2025-06-02,24,355.09098304203303,28.460498941515414,326.6304841005176,48.852354020145526,2.846049894151541
DE-LU,independent_2025,latest_same_hour,2025-06-03,24,218.27090375808075,18.973665961010276,199.29723779707047,42.17375671480238,1.8973665961010275
DE-LU,independent_2025,latest_same_hour,2025-06-04,24,313.92823897919834,37.94733192202055,275.9809070571778,25.93901602510141,3.794733192202055
DE-LU,independent_2025,latest_same_hour,2025-06-05,24,247.7869380195271,28.486832980505135,219.30010503902196,16.109084925091736,2.8486832980505135
DE-LU,independent_2025,latest_same_hour,2025-06-06,24,152.36504845240177,37.94733192202055,114.41771653038123,78.79237201310173,3.794733192202055
DE-LU,independent_2025,latest_same_hour,2025-06-07,24,174.28212621859214,37.46049894151541,136.82162727707674,42.65130866200553,3.7460498941515414
DE-LU,independent_2025,latest_same_hour,2025-06-08,24,201.55461457333945,37.97366596101027,163.58094861232917,82.53654080893907,3.7973665961010274
DE-LU,independent_2025,latest_same_hour,2025-06-09,24,178.9924954578209,27.973665961010273,151.0188294968106,91.45025168298912,2.7973665961010274
DE-LU,independent_2025,latest_same_hour,2025-06-10,24,174.17122591563782,19.486832980505138,154.68439293513268,25.814268192732044,1.9486832980505138
DE-LU,independent_2025,latest_same_hour,2025-06-11,24,397.30148895686455,37.46049894151541,359.8409900153491,11.1066886958547,3.7460498941515414
DE-LU,independent_2025,latest_same_hour,2025-06-12,24,230.9679193522858,37.94733192202055,193.02058743026524,84.23394483983097,3.794733192202055
DE-LU,independent_2025,latest_same_hour,2025-06-13,24,224.99187967279755,37.94733192202055,187.04454775077699,24.095317227120177,3.794733192202055
DE-LU,independent_2025,latest_same_hour,2025-06-14,24,194.07009784260833,36.97366596101027,157.0964318815981,91.36766922259517,3.697366596101027
DE-LU,independent_2025,latest_same_hour,2025-06-15,24,160.27154327152755,37.46049894151541,122.81104433001217,85.30490167873064,3.7460498941515414
DE-LU,independent_2025,latest_same_hour,2025-06-16,24,275.1547600371009,18.973665961010276,256.18109407609063,87.5652096422084,1.8973665961010275
DE-LU,independent_2025,latest_same_hour,2025-06-17,24,343.3817993800208,19.486832980505138,323.8949663995157,106.47904257500232,1.9486832980505138
DE-LU,independent_2025,latest_same_hour,2025-06-18,24,302.9425981335748,46.46049894151541,256.4820991920594,8.756316496126374,4.646049894151541
DE-LU,independent_2025,latest_same_hour,2025-06-19,24,380.7237115745001,28.973665961010276,351.7500456134898,13.506574826008773,2.8973665961010275
DE-LU,independent_2025,latest_same_hour,2025-06-20,24,340.0204063180408,27.973665961010273,312.0467403570305,8.151782055262231,2.7973665961010274
DE-LU,independent_2025,latest_same_hour,2025-06-21,24,349.36082871201813,27.973665961010273,321.38716275100785,0.0,2.7973665961010274
DE-LU,independent_2025,latest_same_hour,2025-06-22,24,391.56926535173744,28.460498941515414,363.108766410222,38.72609857063867,2.846049894151541
DE-LU,independent_2025,latest_same_hour,2025-06-23,24,198.60793320266802,27.973665961010273,170.63426724165774,66.94118891278455,2.7973665961010274
DE-LU,independent_2025,latest_same_hour,2025-06-24,24,224.45818747202264,27.973665961010273,196.48452151101236,47.1647996558757,2.7973665961010274
DE-LU,independent_2025,latest_same_hour,2025-06-25,24,298.78685727655073,28.460498941515414,270.3263583350353,118.64538991287822,2.846049894151541
DE-LU,independent_2025,latest_same_hour,2025-06-26,24,64.16507585504426,37.94733192202055,26.217743933023698,66.56813763068195,3.794733192202055
DE-LU,independent_2025,latest_same_hour,2025-06-27,24,215.90164572023264,37.46049894151541,178.4411467787172,30.484916488196802,3.7460498941515414
DE-LU,independent_2025,latest_same_hour,2025-06-28,24,179.02796682838286,36.97366596101027,142.05430086737258,51.52552175138416,3.697366596101028
DE-LU,independent_2025,latest_same_hour,2025-06-29,24,177.01155083900483,28.973665961010276,148.03788487799454,80.97226720721596,2.8973665961010275
DE-LU,independent_2025,latest_same_hour,2025-06-30,24,278.9376432098794,18.973665961010276,259.9639772488691,164.5871767687131,1.8973665961010275
DE-LU,independent_2025,latest_same_hour,2025-07-01,24,382.92974564328597,18.973665961010276,363.9560796822757,317.3688831959797,1.8973665961010275
DE-LU,independent_2025,latest_same_hour,2025-07-02,24,330.6647128783757,37.94733192202055,292.71738095635516,13.91738410041097,3.794733192202055
DE-LU,independent_2025,latest_same_hour,2025-07-03,24,208.24647774664658,47.434164902525694,160.81231284412087,32.34218909836977,4.743416490252569
DE-LU,independent_2025,latest_same_hour,2025-07-04,24,229.75937198266476,38.46049894151541,191.29887304114933,53.04423445848548,3.846049894151541
DE-LU,independent_2025,latest_same_hour,2025-07-05,24,134.29040995178406,37.46049894151541,96.82991101026865,104.29110048277256,3.7460498941515414
DE-LU,independent_2025,latest_same_hour,2025-07-06,24,167.5259456508952,28.486832980505135,139.03911267039007,33.55612357041838,2.8486832980505135
DE-LU,independent_2025,latest_same_hour,2025-07-07,24,103.80964868073224,18.973665961010276,84.83598271972195,58.85939922922455,1.8973665961010275
DE-LU,independent_2025,latest_same_hour,2025-07-08,24,94.90424675458132,18.973665961010276,75.93058079357104,34.50788879763145,1.8973665961010275
DE-LU,independent_2025,latest_same_hour,2025-07-09,24,118.9495764278461,28.460498941515414,90.48907748633067,60.56946943917805,2.846049894151541
DE-LU,independent_2025,latest_same_hour,2025-07-10,24,149.3268351572,37.46049894151541,111.86633621568461,18.972450996022076,3.746049894151541
DE-LU,independent_2025,latest_same_hour,2025-07-11,24,138.0589273729798,37.46049894151541,100.59842843146436,19.645418383136445,3.7460498941515414
DE-LU,independent_2025,latest_same_hour,2025-07-12,24,173.19574176126807,36.97366596101027,136.22207580025776,69.855569977725,3.6973665961010274
DE-LU,independent_2025,latest_same_hour,2025-07-13,24,212.0307171142898,18.973665961010276,193.05705115327953,18.546758476887533,1.8973665961010275
DE-LU,independent_2025,latest_same_hour,2025-07-14,24,113.47498526956309,18.973665961010276,94.50131930855281,20.55425166373911,1.8973665961010275
DE-LU,independent_2025,latest_same_hour,2025-07-15,24,147.4760112669802,18.973665961010276,128.50234530596992,10.740589705453203,1.8973665961010275
DE-LU,independent_2025,latest_same_hour,2025-07-16,24,93.26862328351012,36.97366596101027,56.29495732249984,16.972554308495475,3.6973665961010274
DE-LU,independent_2025,latest_same_hour,2025-07-17,24,116.90471695009055,28.973665961010276,87.93105098908026,12.565047525783996,2.8973665961010275
DE-LU,independent_2025,latest_same_hour,2025-07-18,24,97.8742997035068,28.460498941515414,69.41380076199138,16.706215666586303,2.846049894151541
DE-LU,independent_2025,latest_same_hour,2025-07-19,24,153.05029119515441,28.460498941515414,124.58979225363899,67.12064178342831,2.846049894151541
DE-LU,independent_2025,latest_same_hour,2025-07-20,24,174.96810131204555,28.486832980505135,146.4812683315404,41.08341969304615,2.8486832980505135
DE-LU,independent_2025,latest_same_hour,2025-07-21,24,19.45432997237444,18.973665961010276,0.48066401136415493,65.69711842812436,1.8973665961010275
DE-LU,independent_2025,latest_same_hour,2025-07-22,24,169.16976338900886,18.973665961010276,150.19609742799858,44.81937184583202,1.8973665961010275
DE-LU,independent_2025,latest_same_hour,2025-07-23,24,149.6348216414106,28.973665961010276,120.66115568040034,16.499107736989615,2.8973665961010275
DE-LU,independent_2025,latest_same_hour,2025-07-24,24,77.391493900571,28.460498941515414,48.930994959055596,30.017757914204665,2.846049894151541
DE-LU,independent_2025,latest_same_hour,2025-07-25,24,65.22853431006533,28.460498941515414,36.7680353685499,2.8161463275831693,2.846049894151541
DE-LU,independent_2025,latest_same_hour,2025-07-26,24,95.17128412756382,37.46049894151541,57.7107851860484,38.000509643837106,3.7460498941515414
DE-LU,independent_2025,latest_same_hour,2025-07-27,24,165.1988587173126,18.973665961010276,146.2251927563023,17.133220362792315,1.8973665961010275
DE-LU,independent_2025,latest_same_hour,2025-07-28,24,48.64231822069929,18.973665961010276,29.668652259689004,46.61880254233868,1.8973665961010275
DE-LU,independent_2025,latest_same_hour,2025-07-29,24,196.4821101377164,18.973665961010276,177.50844417670612,21.29605989893335,1.8973665961010275
DE-LU,independent_2025,latest_same_hour,2025-07-30,24,159.8833219891927,45.97366596101027,113.90965602818241,34.746485990438,4.597366596101027
DE-LU,independent_2025,latest_same_hour,2025-07-31,24,138.16702885547227,28.486832980505135,109.68019587496715,2.461070147050421,2.8486832980505135
DE-LU,independent_2025,latest_same_hour,2025-08-01,24,94.96086821825631,18.973665961010276,75.98720225724603,18.398898529682285,1.8973665961010275
DE-LU,independent_2025,latest_same_hour,2025-08-02,24,174.57299664809202,37.46049894151541,137.1124977065766,46.894114783301035,3.7460498941515414
DE-LU,independent_2025,latest_same_hour,2025-08-03,24,131.09342241416178,19.486832980505138,111.60658943365662,63.509602648414116,1.9486832980505138
DE-LU,independent_2025,latest_same_hour,2025-08-04,24,151.8665189611712,18.973665961010276,132.89285300016093,54.03406631362492,1.8973665961010275
DE-LU,independent_2025,latest_same_hour,2025-08-05,24,128.17189715889867,18.973665961010276,109.19823119788838,145.81680275013753,1.8973665961010275
DE-LU,independent_2025,latest_same_hour,2025-08-06,24,219.2343812006784,37.46049894151541,181.77388225916297,137.7464923077847,3.7460498941515414
DE-LU,independent_2025,latest_same_hour,2025-08-07,24,223.28376823926845,28.973665961010276,194.31010227825817,30.821841683493744,2.8973665961010275
DE-LU,independent_2025,latest_same_hour,2025-08-08,24,264.5628523654172,37.94733192202055,226.61552044339663,17.43397829525918,3.794733192202055
DE-LU,independent_2025,latest_same_hour,2025-08-09,24,257.402609116744,27.973665961010273,229.42894315573372,4.4303510018959,2.7973665961010274
DE-LU,independent_2025,latest_same_hour,2025-08-10,24,212.66559481720336,37.46049894151541,175.20509587568793,118.90844245119885,3.7460498941515414
DE-LU,independent_2025,latest_same_hour,2025-08-11,24,308.5127032446576,27.973665961010273,280.5390372836473,69.2968889861803,2.7973665961010274
DE-LU,independent_2025,latest_same_hour,2025-08-12,24,213.99853187775346,19.486832980505138,194.51169889724832,55.79441334016289,1.9486832980505138
DE-LU,independent_2025,latest_same_hour,2025-08-13,24,328.63090049748365,37.94733192202055,290.6835685754631,0.1385550952635981,3.794733192202055
DE-LU,independent_2025,latest_same_hour,2025-08-14,24,392.47033374481924,37.46049894151541,355.0098348033038,1.0728981312520887,3.746049894151541
DE-LU,independent_2025,latest_same_hour,2025-08-15,24,222.11449043513866,37.94733192202055,184.16715851311812,11.31899697867999,3.794733192202055
DE-LU,independent_2025,latest_same_hour,2025-08-16,24,177.72558200712376,28.973665961010276,148.7519160461135,20.82733166552262,2.8973665961010275
DE-LU,independent_2025,latest_same_hour,2025-08-17,24,192.29209577433835,19.486832980505138,172.8052627938332,1.9998134748330472,1.9486832980505138
DE-LU,independent_2025,latest_same_hour,2025-08-18,24,200.11895921933512,18.973665961010276,181.14529325832484,150.3017305693122,1.8973665961010275
DE-LU,independent_2025,latest_same_hour,2025-08-19,24,191.14411604144118,18.973665961010276,172.1704500804309,15.986339568580405,1.8973665961010275
DE-LU,independent_2025,latest_same_hour,2025-08-20,24,179.3811228637207,37.94733192202055,141.43379094170012,0.9278059712467268,3.794733192202055
DE-LU,independent_2025,latest_same_hour,2025-08-21,24,100.25263415513062,37.46049894151541,62.79213521361522,12.26460429593353,3.7460498941515414
DE-LU,independent_2025,latest_same_hour,2025-08-22,24,222.72821701088432,37.94733192202055,184.78088508886378,10.30121080409856,3.794733192202055
DE-LU,independent_2025,latest_same_hour,2025-08-23,24,185.7023340236911,28.460498941515414,157.24183508217567,31.273336888928384,2.846049894151541
DE-LU,independent_2025,latest_same_hour,2025-08-24,24,194.86060898495742,28.460498941515414,166.40011004344206,36.32313965535235,2.846049894151541
DE-LU,independent_2025,latest_same_hour,2025-08-25,24,297.47113902258434,18.973665961010276,278.49747306157406,75.04233973689134,1.8973665961010275
DE-LU,independent_2025,latest_same_hour,2025-08-26,24,202.42659751412975,18.973665961010276,183.45293155311947,100.07081526933081,1.8973665961010275
DE-LU,independent_2025,latest_same_hour,2025-08-27,24,324.79870174614564,37.94733192202055,286.8513698241251,4.148247933745722,3.794733192202055
DE-LU,independent_2025,latest_same_hour,2025-08-28,24,195.4235908033989,37.94733192202055,157.47625888137833,34.4373256989482,3.794733192202055
DE-LU,independent_2025,latest_same_hour,2025-08-29,24,181.64112758630537,37.94733192202055,143.6937956642848,3.2368954323500247,3.794733192202055
DE-LU,independent_2025,latest_same_hour,2025-08-30,24,206.87777834748243,37.94733192202055,168.93044642546187,44.088382003733045,3.794733192202055
DE-LU,independent_2025,latest_same_hour,2025-08-31,24,158.60243075524454,37.94733192202055,120.65509883322399,94.99614604871128,3.794733192202055
DE-LU,independent_2025,latest_same_hour,2025-09-01,24,334.898091155079,28.460498941515414,306.43759221356356,70.01181884631188,2.846049894151541
DE-LU,independent_2025,latest_same_hour,2025-09-02,24,374.36499783120786,28.460498941515414,345.90449888969243,92.07315868044117,2.846049894151541
DE-LU,independent_2025,latest_same_hour,2025-09-03,24,264.44120837074536,37.94733192202055,226.49387644872476,6.200722096496321,3.794733192202055
DE-LU,independent_2025,latest_same_hour,2025-09-04,24,598.8720391064461,37.94733192202055,560.9247071844255,31.267110190527205,3.794733192202055
DE-LU,independent_2025,latest_same_hour,2025-09-05,24,187.22138474212295,37.94733192202055,149.27405282010238,0.47464772367743535,3.794733192202055
DE-LU,independent_2025,latest_same_hour,2025-09-06,24,277.9638823351752,37.94733192202055,240.01655041315462,26.73065270983534,3.794733192202055
DE-LU,independent_2025,latest_same_hour,2025-09-07,24,177.40867748860012,37.94733192202055,139.4613455665796,137.34010733538213,3.794733192202055
DE-LU,independent_2025,latest_same_hour,2025-09-08,24,537.3922498152823,28.460498941515414,508.9317508737669,66.76391104580523,2.846049894151541
DE-LU,independent_2025,latest_same_hour,2025-09-09,24,307.8094548851685,19.486832980505138,288.3226219046634,318.3925150942383,1.9486832980505138
DE-LU,independent_2025,latest_same_hour,2025-09-10,24,414.42816846717164,37.94733192202055,376.4808365451511,5.5144669278369065,3.794733192202055
DE-LU,independent_2025,latest_same_hour,2025-09-11,24,336.06354342355206,37.94733192202055,298.1162115015315,0.3494378948959138,3.794733192202055
DE-LU,independent_2025,latest_same_hour,2025-09-12,24,340.8456979786401,37.94733192202055,302.8983660566196,44.096467791605164,3.794733192202055
DE-LU,independent_2025,latest_same_hour,2025-09-13,24,198.81006586644207,37.94733192202055,160.86273394442156,28.18520572465411,3.794733192202055
DE-LU,independent_2025,latest_same_hour,2025-09-14,24,359.6515170327508,37.94733192202055,321.70418511073024,9.385583116363364,3.794733192202055
DE-LU,independent_2025,latest_same_hour,2025-09-15,24,137.1895952633983,27.973665961010276,109.21592930238802,77.93350941975177,2.7973665961010274
DE-LU,independent_2025,latest_same_hour,2025-09-16,24,176.47768047131325,37.94733192202055,138.53034854929268,23.967983013785556,3.794733192202055
DE-LU,independent_2025,latest_same_hour,2025-09-17,24,321.7133198164492,47.434164902525694,274.2791549139235,14.732351509792295,4.743416490252569
DE-LU,independent_2025,latest_same_hour,2025-09-18,24,269.8478679647219,28.973665961010276,240.87420200371164,54.65577640902322,2.8973665961010275
DE-LU,independent_2025,latest_same_hour,2025-09-19,24,640.54909364717,46.46049894151541,594.0885947056546,96.22151337580624,4.646049894151542
DE-LU,independent_2025,latest_same_hour,2025-09-20,24,266.31271636404597,46.46049894151541,219.85221742253057,46.73102170572875,4.646049894151542
DE-LU,independent_2025,latest_same_hour,2025-09-21,24,134.70212835481132,37.94733192202055,96.75479643279077,16.683627612710808,3.794733192202055
DE-LU,independent_2025,latest_same_hour,2025-09-22,24,120.37016990793353,28.460498941515414,91.9096709664181,46.19769132072017,2.846049894151541
DE-LU,independent_2025,latest_same_hour,2025-09-23,24,86.5546546969936,18.973665961010276,67.58098873598333,146.26423582817444,1.8973665961010275
DE-LU,independent_2025,latest_same_hour,2025-09-24,24,264.371932640973,37.94733192202055,226.4246007189525,1.472399303261085,3.794733192202055
DE-LU,independent_2025,latest_same_hour,2025-09-25,24,259.4747625474542,37.94733192202055,221.52743062543362,11.805110490624742,3.794733192202055
DE-LU,independent_2025,latest_same_hour,2025-09-26,24,142.6556909283239,37.94733192202055,104.70835900630334,3.8414536766619847,3.794733192202055
DE-LU,independent_2025,latest_same_hour,2025-09-27,24,176.5873619505164,37.94733192202055,138.64003002849583,12.565908158354347,3.794733192202055
DE-LU,independent_2025,latest_same_hour,2025-09-28,24,225.3233633009553,37.94733192202055,187.37603137893473,15.413472738275175,3.794733192202055
DE-LU,independent_2025,latest_same_hour,2025-09-29,24,683.4259944255011,37.94733192202055,645.4786625034806,9.841276814662365,3.794733192202055
DE-LU,independent_2025,latest_same_hour,2025-09-30,24,572.7111030020164,28.460498941515414,544.250604060501,90.47612516726292,2.846049894151541
DE-LU,independent_2025,seven_day_same_hour,2025-01-09,24,57.42475549713798,18.973665961010276,38.4510895361277,53.38406518924701,1.8973665961010275
DE-LU,independent_2025,seven_day_same_hour,2025-01-10,24,80.79355057948992,18.973665961010276,61.819884618479634,19.28336959510058,1.8973665961010275
DE-LU,independent_2025,seven_day_same_hour,2025-01-11,24,24.089432797189303,18.973665961010276,5.1157668361790485,8.55023777485691,1.8973665961010275
DE-LU,independent_2025,seven_day_same_hour,2025-01-12,24,62.74790047527006,27.973665961010276,34.77423451425983,12.310523756804542,2.7973665961010274
DE-LU,independent_2025,seven_day_same_hour,2025-01-13,24,176.8502244182206,28.973665961010276,147.8765584572103,50.768182497051725,2.8973665961010275
DE-LU,independent_2025,seven_day_same_hour,2025-01-14,24,151.5644086632069,28.973665961010276,122.59074270219662,32.31430211448611,2.8973665961010275
DE-LU,independent_2025,seven_day_same_hour,2025-01-15,24,357.12320567579457,37.94733192202055,319.175873753774,94.03030311217697,3.794733192202055
DE-LU,independent_2025,seven_day_same_hour,2025-01-16,24,183.8643223835645,37.94733192202055,145.91699046154395,0.7430658442285676,3.794733192202055
DE-LU,independent_2025,seven_day_same_hour,2025-01-17,24,179.64158926638686,37.94733192202055,141.6942573443663,5.957363297004008,3.794733192202055
DE-LU,independent_2025,seven_day_same_hour,2025-01-18,24,80.82444031393828,37.94733192202055,42.877108391917716,5.922035499348624,3.794733192202055
DE-LU,independent_2025,seven_day_same_hour,2025-01-19,24,38.138057654235695,37.94733192202055,0.19072573221518496,36.79574456974325,3.794733192202055
DE-LU,independent_2025,seven_day_same_hour,2025-01-20,24,1066.8275453435886,37.94733192202055,1028.880213421568,0.4727689166240907,3.794733192202055
DE-LU,independent_2025,seven_day_same_hour,2025-01-21,24,406.2060559346021,37.94733192202055,368.2587240125815,0.3026903829153298,3.794733192202055
DE-LU,independent_2025,seven_day_same_hour,2025-01-22,24,184.05030941224936,37.94733192202055,146.1029774902288,25.758811839434998,3.794733192202055
DE-LU,independent_2025,seven_day_same_hour,2025-01-23,24,147.65148115630444,37.94733192202055,109.70414923428388,10.873110040478537,3.794733192202055
DE-LU,independent_2025,seven_day_same_hour,2025-01-24,24,71.39041677208795,37.94733192202055,33.44308485006738,48.15247894308527,3.794733192202055
DE-LU,independent_2025,seven_day_same_hour,2025-01-25,24,64.9452810910521,37.94733192202055,26.99794916903153,46.213883043955434,3.794733192202055
DE-LU,independent_2025,seven_day_same_hour,2025-01-26,24,137.25826442923125,37.94733192202055,99.31093250721068,18.169485746114844,3.794733192202055
DE-LU,independent_2025,seven_day_same_hour,2025-01-27,24,184.215493338876,37.94733192202055,146.26816141685543,19.100704216023303,3.794733192202055
DE-LU,independent_2025,seven_day_same_hour,2025-01-28,24,153.21053807855873,37.94733192202055,115.26320615653822,27.275232983335144,3.794733192202055
DE-LU,independent_2025,seven_day_same_hour,2025-01-29,24,178.54095886148758,37.94733192202055,140.59362693946701,9.943459599636697,3.794733192202055
DE-LU,independent_2025,seven_day_same_hour,2025-01-30,24,166.84776953705682,37.94733192202055,128.9004376150362,2.2691278094028746,3.794733192202055
DE-LU,independent_2025,seven_day_same_hour,2025-01-31,24,140.73354038407672,37.94733192202055,102.7862084620561,4.102000075024421,3.794733192202055
DE-LU,independent_2025,seven_day_same_hour,2025-02-01,24,107.94091241450616,37.94733192202055,69.9935804924857,3.2911180256358534,3.794733192202055
DE-LU,independent_2025,seven_day_same_hour,2025-02-02,24,62.99022281835897,37.94733192202055,25.042890896338406,25.392203138288664,3.794733192202055
DE-LU,independent_2025,seven_day_same_hour,2025-02-03,24,282.61067764062454,37.94733192202055,244.66334571860398,27.31175101788864,3.794733192202055
DE-LU,independent_2025,seven_day_same_hour,2025-02-04,24,183.23857818894328,37.94733192202055,145.2912462669227,27.387642382635647,3.794733192202055
DE-LU,independent_2025,seven_day_same_hour,2025-02-05,24,173.4820859956709,37.94733192202055,135.53475407365033,13.429476618317352,3.794733192202055
DE-LU,independent_2025,seven_day_same_hour,2025-02-06,24,136.3624694786659,37.94733192202055,98.41513755664533,10.466648117061581,3.794733192202055
DE-LU,independent_2025,seven_day_same_hour,2025-02-07,24,122.3043070134448,37.94733192202055,84.35697509142423,12.351150525985105,3.794733192202055
DE-LU,independent_2025,seven_day_same_hour,2025-02-08,24,98.42167904387435,37.94733192202055,60.47434712185378,34.29174854811792,3.794733192202055
DE-LU,independent_2025,seven_day_same_hour,2025-02-09,24,84.31410608639973,37.94733192202055,46.36677416437925,16.206141342413048,3.794733192202055
DE-LU,independent_2025,seven_day_same_hour,2025-02-10,24,135.12435447029182,37.94733192202055,97.17702254827125,19.920889922997134,3.794733192202055
DE-LU,independent_2025,seven_day_same_hour,2025-02-11,24,161.1862983550436,37.94733192202055,123.23896643302302,28.82650700070937,3.794733192202055
DE-LU,independent_2025,seven_day_same_hour,2025-02-12,24,111.23191903096262,37.94733192202055,73.28458710894205,17.387138343413483,3.794733192202055
DE-LU,independent_2025,seven_day_same_hour,2025-02-13,24,120.66103293223313,37.94733192202055,82.71370101021256,51.625736586561516,3.794733192202055
DE-LU,independent_2025,seven_day_same_hour,2025-02-14,24,355.19744123446867,37.94733192202055,317.2501093124481,77.87652664623113,3.794733192202055
DE-LU,independent_2025,seven_day_same_hour,2025-02-15,24,104.61603422590974,37.94733192202055,66.66870230388923,10.841236369631503,3.794733192202055
DE-LU,independent_2025,seven_day_same_hour,2025-02-16,24,32.673612992834705,37.94733192202055,-5.273718929185861,36.05448518441983,3.794733192202055
DE-LU,independent_2025,seven_day_same_hour,2025-02-17,24,336.0169920005317,37.94733192202055,298.0696600785111,36.187569360255566,3.794733192202055
DE-LU,independent_2025,seven_day_same_hour,2025-02-18,24,215.08109362396863,37.94733192202055,177.13376170194806,44.943942872910554,3.794733192202055
DE-LU,independent_2025,seven_day_same_hour,2025-02-19,24,179.11127295782154,37.94733192202055,141.16394103580097,15.295538208369692,3.794733192202055
DE-LU,independent_2025,seven_day_same_hour,2025-02-20,24,81.71420216395944,37.94733192202055,43.766870241938875,15.333992840110795,3.794733192202055
DE-LU,independent_2025,seven_day_same_hour,2025-02-21,24,157.84977621027537,37.94733192202055,119.90244428825481,11.02089520727695,3.794733192202055
DE-LU,independent_2025,seven_day_same_hour,2025-02-22,24,94.86205780428458,37.94733192202055,56.91472588226401,21.65531235448671,3.794733192202055
DE-LU,independent_2025,seven_day_same_hour,2025-02-23,24,191.25307949273903,37.94733192202055,153.30574757071847,8.04501040222408,3.794733192202055
DE-LU,independent_2025,seven_day_same_hour,2025-02-24,24,68.02419447889957,37.94733192202055,30.076862556879007,93.04710425027814,3.794733192202055
DE-LU,independent_2025,seven_day_same_hour,2025-02-25,24,253.40126752349306,37.94733192202055,215.4539356014725,8.521794088772822,3.794733192202055
DE-LU,independent_2025,seven_day_same_hour,2025-02-26,24,144.08664457660475,37.94733192202055,106.13931265458419,0.416022866630982,3.794733192202055
DE-LU,independent_2025,seven_day_same_hour,2025-02-27,24,163.88849272041875,37.94733192202055,125.94116079839819,4.06401731877807,3.794733192202055
DE-LU,independent_2025,seven_day_same_hour,2025-02-28,24,125.43158922788695,37.94733192202055,87.48425730586638,5.868105861326626,3.794733192202055
DE-LU,independent_2025,seven_day_same_hour,2025-03-01,24,92.61502029951544,37.94733192202055,54.66768837749487,13.494893558716171,3.794733192202055
DE-LU,independent_2025,seven_day_same_hour,2025-03-02,24,198.2041733378294,37.94733192202055,160.25684141580882,75.16230326518925,3.794733192202055
DE-LU,independent_2025,seven_day_same_hour,2025-03-03,24,369.7994091842659,37.94733192202055,331.85207726224536,31.89347538337853,3.794733192202055
DE-LU,independent_2025,seven_day_same_hour,2025-03-04,24,357.98218106336503,37.94733192202055,320.0348491413444,7.783993176732679,3.794733192202055
DE-LU,independent_2025,seven_day_same_hour,2025-03-05,24,309.5281510003205,37.94733192202055,271.58081907829995,32.520830168078646,3.794733192202055
DE-LU,independent_2025,seven_day_same_hour,2025-03-06,24,356.4841559094783,37.94733192202055,318.53682398745775,33.355535322894525,3.794733192202055
DE-LU,independent_2025,seven_day_same_hour,2025-03-07,24,394.16911555575837,37.94733192202055,356.2217836337378,14.520806853277122,3.794733192202055
DE-LU,independent_2025,seven_day_same_hour,2025-03-08,24,282.0183371919895,37.94733192202055,244.07100526996894,50.5421060498754,3.794733192202055
DE-LU,independent_2025,seven_day_same_hour,2025-03-09,24,230.30447547864077,37.94733192202055,192.3571435566202,25.024829625633686,3.794733192202055
DE-LU,independent_2025,seven_day_same_hour,2025-03-10,24,244.09637107930178,37.94733192202055,206.1490391572812,2.3162847450331867,3.794733192202055
DE-LU,independent_2025,seven_day_same_hour,2025-03-11,24,228.0653797944651,37.94733192202055,190.11804787244452,1.530982137789067,3.794733192202055
DE-LU,independent_2025,seven_day_same_hour,2025-03-12,24,221.617907637135,37.94733192202055,183.67057571511444,6.379008003419614,3.794733192202055
DE-LU,independent_2025,seven_day_same_hour,2025-03-13,24,144.80744629367527,37.94733192202055,106.8601143716547,31.352489157748494,3.794733192202055
DE-LU,independent_2025,seven_day_same_hour,2025-03-14,24,130.54252499569472,37.94733192202055,92.59519307367418,13.199028471246038,3.794733192202055
DE-LU,independent_2025,seven_day_same_hour,2025-03-15,24,121.7079638274076,37.94733192202055,83.76063190538703,34.41859822389783,3.794733192202055
DE-LU,independent_2025,seven_day_same_hour,2025-03-16,24,245.78000015400013,37.94733192202055,207.8326682319796,19.873024216081944,3.794733192202055
DE-LU,independent_2025,seven_day_same_hour,2025-03-17,24,354.62566802714434,37.94733192202055,316.6783361051238,3.2457354226955886,3.794733192202055
DE-LU,independent_2025,seven_day_same_hour,2025-03-18,24,350.6762520620624,37.94733192202055,312.72892014004185,30.114356307401295,3.794733192202055
DE-LU,independent_2025,seven_day_same_hour,2025-03-19,24,466.08930081456174,37.94733192202055,428.1419688925412,46.64256990368841,3.794733192202055
DE-LU,independent_2025,seven_day_same_hour,2025-03-20,24,505.68199303458664,37.94733192202055,467.7346611125661,42.6448866624001,3.794733192202055
DE-LU,independent_2025,seven_day_same_hour,2025-03-21,24,350.9339934077329,37.94733192202055,312.9866614857123,16.012169925207843,3.794733192202055
DE-LU,independent_2025,seven_day_same_hour,2025-03-22,24,116.29859861826978,37.94733192202055,78.35126669624921,17.797857496684657,3.794733192202055
DE-LU,independent_2025,seven_day_same_hour,2025-03-23,24,149.10487609186504,37.94733192202055,111.15754416984448,16.323455869643382,3.794733192202055
DE-LU,independent_2025,seven_day_same_hour,2025-03-24,24,234.4608694206221,37.94733192202055,196.51353749860152,20.693839071790848,3.794733192202055
DE-LU,independent_2025,seven_day_same_hour,2025-03-25,24,211.46211306169158,37.94733192202055,173.51478113967104,3.5453730807708155,3.794733192202055
DE-LU,independent_2025,seven_day_same_hour,2025-03-26,24,162.47059618294082,37.94733192202055,124.52326426092026,15.512269975108495,3.794733192202055
DE-LU,independent_2025,seven_day_same_hour,2025-03-27,24,320.0172049600995,37.94733192202055,282.069873038079,4.731630086539667,3.794733192202055
DE-LU,independent_2025,seven_day_same_hour,2025-03-28,24,352.09685292908796,37.94733192202055,314.1495210070674,0.9891697934212971,3.794733192202055
DE-LU,independent_2025,seven_day_same_hour,2025-03-29,24,226.7470745835812,37.94733192202055,188.79974266156063,93.10128491334416,3.794733192202055
DE-LU,independent_2025,seven_day_same_hour,2025-03-30,23,51.16115423870404,37.94733192202055,13.213822316683505,124.12070605313271,3.794733192202055
DE-LU,independent_2025,seven_day_same_hour,2025-03-31,24,210.2837189676858,37.94733192202055,172.33638704566525,105.26162982691781,3.794733192202055
DE-LU,independent_2025,seven_day_same_hour,2025-04-01,24,352.36067325466183,37.94733192202055,314.41334133264127,43.74153813532098,3.794733192202055
DE-LU,independent_2025,seven_day_same_hour,2025-04-02,24,382.9973386742149,37.94733192202055,345.05000675219435,2.705836597961934,3.794733192202055
DE-LU,independent_2025,seven_day_same_hour,2025-04-03,24,414.64571301213806,37.94733192202055,376.6983810901175,4.105480479109531,3.794733192202055
DE-LU,independent_2025,seven_day_same_hour,2025-04-04,24,401.13666482330945,37.94733192202055,363.1893329012889,15.01295154957387,3.794733192202055
DE-LU,independent_2025,seven_day_same_hour,2025-04-05,24,305.6169386957344,37.94733192202055,267.66960677371384,22.687173036744014,3.794733192202055
DE-LU,independent_2025,seven_day_same_hour,2025-04-06,24,416.74044286674297,37.94733192202055,378.79311094472246,40.32765621980161,3.794733192202055
DE-LU,independent_2025,seven_day_same_hour,2025-04-07,24,409.6629228389439,37.94733192202055,371.71559091692336,7.224401253895053,3.794733192202055
DE-LU,independent_2025,seven_day_same_hour,2025-04-08,24,380.3258239691956,37.94733192202055,342.37849204717503,18.871524938932566,3.794733192202055
DE-LU,independent_2025,seven_day_same_hour,2025-04-09,24,324.33027886450986,37.94733192202055,286.3829469424893,19.97863985204441,3.794733192202055
DE-LU,independent_2025,seven_day_same_hour,2025-04-10,24,367.0747307973489,37.94733192202055,329.1273988753283,8.252485897151473,3.794733192202055
DE-LU,independent_2025,seven_day_same_hour,2025-04-11,24,303.6897653416185,37.94733192202055,265.74243341959794,2.7867394517987236,3.794733192202055
DE-LU,independent_2025,seven_day_same_hour,2025-04-12,24,359.51984822278973,37.94733192202055,321.57251630076917,25.949972635857534,3.794733192202055
DE-LU,independent_2025,seven_day_same_hour,2025-04-13,24,180.43935471560278,37.94733192202055,142.49202279358224,61.357949600915646,3.794733192202055
DE-LU,independent_2025,seven_day_same_hour,2025-04-14,24,270.0131580264475,37.94733192202055,232.06582610442695,19.165565235890227,3.794733192202055
DE-LU,independent_2025,seven_day_same_hour,2025-04-15,24,264.81782550620756,37.94733192202055,226.870493584187,14.932035874470643,3.794733192202055
DE-LU,independent_2025,seven_day_same_hour,2025-04-16,24,271.1424637077156,37.94733192202055,233.19513178569503,0.05138792572000739,3.794733192202055
DE-LU,independent_2025,seven_day_same_hour,2025-04-17,24,105.04910374435744,37.94733192202055,67.1017718223369,23.85307829037319,3.794733192202055
DE-LU,independent_2025,seven_day_same_hour,2025-04-18,24,74.42745866281984,37.94733192202055,36.4801267407993,20.542467322208857,3.794733192202055
DE-LU,independent_2025,seven_day_same_hour,2025-04-19,24,240.94064626564125,37.94733192202055,202.99331434362068,22.239013701321255,3.794733192202055
DE-LU,independent_2025,seven_day_same_hour,2025-04-20,24,282.12251157818446,37.94733192202055,244.17517965616392,78.88840488961401,3.794733192202055
DE-LU,independent_2025,seven_day_same_hour,2025-04-21,24,183.01589879018502,37.94733192202055,145.06856686816445,56.25393042676592,3.794733192202055
DE-LU,independent_2025,seven_day_same_hour,2025-04-22,24,358.38403839272655,37.94733192202055,320.436706470706,7.840427977366744,3.794733192202055
DE-LU,independent_2025,seven_day_same_hour,2025-04-23,24,153.31811841189125,28.486832980505135,124.8312854313861,25.831434604903194,2.8486832980505135
DE-LU,independent_2025,seven_day_same_hour,2025-04-24,24,73.43441008669451,28.973665961010276,44.46074412568423,13.68274887459421,2.8973665961010275
DE-LU,independent_2025,seven_day_same_hour,2025-04-25,24,142.75472422152853,28.973665961010276,113.78105826051825,9.715787878863097,2.8973665961010275
DE-LU,independent_2025,seven_day_same_hour,2025-04-26,24,227.46024845782165,28.486832980505135,198.9734154773165,14.163780709869513,2.8486832980505135
DE-LU,independent_2025,seven_day_same_hour,2025-04-27,24,445.1115570325746,37.46049894151541,407.65105809105916,14.688465187031,3.7460498941515414
DE-LU,independent_2025,seven_day_same_hour,2025-04-28,24,363.932575492017,28.486832980505135,335.44574251151187,35.7860316770566,2.8486832980505135
DE-LU,independent_2025,seven_day_same_hour,2025-04-29,24,308.7899400137606,28.973665961010276,279.8162740527503,8.059691988864358,2.8973665961010275
DE-LU,independent_2025,seven_day_same_hour,2025-04-30,24,328.9495027129724,37.94733192202055,291.0021707909518,0.6242989147629601,3.794733192202055
DE-LU,independent_2025,seven_day_same_hour,2025-05-01,24,503.51081255710585,37.94733192202055,465.5634806350853,44.151201676301014,3.794733192202055
DE-LU,independent_2025,seven_day_same_hour,2025-05-02,24,257.6334501939553,37.46049894151541,220.17295125243987,11.44698802325172,3.7460498941515414
DE-LU,independent_2025,seven_day_same_hour,2025-05-03,24,183.14689209058776,28.973665961010276,154.17322612957747,14.71173661195229,2.8973665961010275
DE-LU,independent_2025,seven_day_same_hour,2025-05-04,24,121.71579919657158,28.973665961010276,92.7421332355613,61.20829748315889,2.8973665961010275
DE-LU,independent_2025,seven_day_same_hour,2025-05-05,24,134.80370187398088,28.486832980505135,106.31686889347574,37.349586490484825,2.8486832980505135
DE-LU,independent_2025,seven_day_same_hour,2025-05-06,24,194.15918447203518,27.973665961010276,166.1855185110249,26.612297059391267,2.7973665961010274
DE-LU,independent_2025,seven_day_same_hour,2025-05-07,24,157.6133319422584,27.973665961010276,129.63966598124813,28.9461346316823,2.7973665961010274
DE-LU,independent_2025,seven_day_same_hour,2025-05-08,24,190.97441544287472,27.973665961010273,163.00074948186443,18.12792219728533,2.7973665961010274
DE-LU,independent_2025,seven_day_same_hour,2025-05-09,24,292.17403022614906,28.486832980505135,263.6871972456439,25.28819282123453,2.8486832980505135
DE-LU,independent_2025,seven_day_same_hour,2025-05-10,24,443.557911427842,37.46049894151541,406.09741248632656,75.72204348253041,3.7460498941515414
DE-LU,independent_2025,seven_day_same_hour,2025-05-11,24,665.1278515288018,37.46049894151541,627.6673525872864,81.03346346042883,3.7460498941515414
DE-LU,independent_2025,seven_day_same_hour,2025-05-12,24,425.1180441646648,37.46049894151541,387.6575452231494,21.998604615281067,3.7460498941515414
DE-LU,independent_2025,seven_day_same_hour,2025-05-13,24,429.14107136049637,37.46049894151541,391.6805724189809,2.5836342849415814,3.7460498941515414
DE-LU,independent_2025,seven_day_same_hour,2025-05-14,24,356.2731204668919,37.46049894151541,318.81262152537647,16.467677056715956,3.7460498941515414
DE-LU,independent_2025,seven_day_same_hour,2025-05-15,24,285.9384215736483,37.94733192202055,247.99108965162782,15.33526658371261,3.794733192202055
DE-LU,independent_2025,seven_day_same_hour,2025-05-16,24,308.143981711832,37.94733192202055,270.19664978981143,1.8805434743871956,3.794733192202055
DE-LU,independent_2025,seven_day_same_hour,2025-05-17,24,220.56321103213514,37.46049894151541,183.10271209061972,32.05206250860715,3.7460498941515414
DE-LU,independent_2025,seven_day_same_hour,2025-05-18,24,220.53993792624053,37.46049894151541,183.0794389847251,48.04687610913939,3.7460498941515414
DE-LU,independent_2025,seven_day_same_hour,2025-05-19,24,387.5043132019685,37.46049894151541,350.0438142604531,3.78819474049709,3.7460498941515414
DE-LU,independent_2025,seven_day_same_hour,2025-05-20,24,363.0966946237686,37.46049894151541,325.6361956822532,0.27441152334472463,3.7460498941515414
DE-LU,independent_2025,seven_day_same_hour,2025-05-21,24,235.70084557966203,37.46049894151541,198.2403466381466,6.145307309537543,3.7460498941515414
DE-LU,independent_2025,seven_day_same_hour,2025-05-22,24,264.9165739925172,37.46049894151541,227.45607505100176,11.07521039146448,3.7460498941515414
DE-LU,independent_2025,seven_day_same_hour,2025-05-23,24,293.2442307314556,36.97366596101027,256.27056477044533,5.049662100218143,3.6973665961010274
DE-LU,independent_2025,seven_day_same_hour,2025-05-24,24,200.7840263603108,28.486832980505135,172.29719337980566,19.745866676198204,2.8486832980505135
DE-LU,independent_2025,seven_day_same_hour,2025-05-25,24,100.11001106016926,37.46049894151541,62.64951211865383,53.21764161412955,3.7460498941515414
DE-LU,independent_2025,seven_day_same_hour,2025-05-26,24,376.72646003547226,36.97366596101027,339.752794074462,18.51531636532758,3.6973665961010274
DE-LU,independent_2025,seven_day_same_hour,2025-05-27,24,217.45325976340885,37.46049894151541,179.9927608218934,35.27035482616367,3.7460498941515414
DE-LU,independent_2025,seven_day_same_hour,2025-05-28,24,152.37888212737636,37.46049894151541,114.91838318586096,16.904638276532438,3.7460498941515414
DE-LU,independent_2025,seven_day_same_hour,2025-05-29,24,156.99083392028558,36.97366596101027,120.01716795927531,38.39678250540855,3.6973665961010274
DE-LU,independent_2025,seven_day_same_hour,2025-05-30,24,252.2706323584968,37.46049894151541,214.8101334169814,11.578927857674756,3.7460498941515414
DE-LU,independent_2025,seven_day_same_hour,2025-05-31,24,344.6871753887717,28.486832980505135,316.2003424082666,33.79804962750791,2.8486832980505135
DE-LU,independent_2025,seven_day_same_hour,2025-06-01,24,140.05462571873218,28.486832980505135,111.56779273822706,96.03533752970604,2.8486832980505135
DE-LU,independent_2025,seven_day_same_hour,2025-06-02,24,375.4456223151616,28.486832980505135,346.95878933465644,28.524048786006688,2.8486832980505135
DE-LU,independent_2025,seven_day_same_hour,2025-06-03,24,244.4519037580807,27.973665961010273,216.47823779707042,24.992756714802425,2.7973665961010274
DE-LU,independent_2025,seven_day_same_hour,2025-06-04,24,246.8725628390614,27.973665961010273,218.89889687805112,83.02102620422806,2.7973665961010274
DE-LU,independent_2025,seven_day_same_hour,2025-06-05,24,229.04194943458037,27.973665961010273,201.0682834735701,34.3409064905436,2.7973665961010274
DE-LU,independent_2025,seven_day_same_hour,2025-06-06,24,192.34470920415677,28.460498941515414,163.88421026264135,29.325878280841607,2.846049894151541
DE-LU,independent_2025,seven_day_same_hour,2025-06-07,24,204.43725093570885,28.460498941515414,175.97675199419342,3.4961839448888554,2.846049894151541
DE-LU,independent_2025,seven_day_same_hour,2025-06-08,24,200.35471392674145,28.460498941515414,171.89421498522603,74.2232744360422,2.846049894151541
DE-LU,independent_2025,seven_day_same_hour,2025-06-09,24,240.7104906602118,28.460498941515414,212.24999171869638,30.21908946110335,2.846049894151541
DE-LU,independent_2025,seven_day_same_hour,2025-06-10,24,152.7670584247175,28.460498941515414,124.30655948320208,56.19210164466264,2.846049894151541
DE-LU,independent_2025,seven_day_same_hour,2025-06-11,24,376.3863086659569,27.973665961010273,348.4126427049466,22.5350360062572,2.7973665961010274
DE-LU,independent_2025,seven_day_same_hour,2025-06-12,24,292.8732157557077,27.973665961010273,264.8995497946974,12.3549824753988,2.7973665961010274
DE-LU,independent_2025,seven_day_same_hour,2025-06-13,24,212.17334391999458,27.973665961010273,184.1996779589843,26.940187018912866,2.7973665961010274
DE-LU,independent_2025,seven_day_same_hour,2025-06-14,24,234.4918934674053,27.973665961010273,206.51822750639502,41.945873597798254,2.7973665961010274
DE-LU,independent_2025,seven_day_same_hour,2025-06-15,24,214.44214276985207,27.973665961010273,186.46847680884179,21.647469199901025,2.7973665961010274
DE-LU,independent_2025,seven_day_same_hour,2025-06-16,24,346.865029956435,27.973665961010273,318.89136399542474,24.854939722874292,2.7973665961010274
DE-LU,independent_2025,seven_day_same_hour,2025-06-17,24,454.16384215174185,27.973665961010273,426.19017619073156,4.183832783786443,2.7973665961010274
DE-LU,independent_2025,seven_day_same_hour,2025-06-18,24,284.3806069247504,27.973665961010273,256.4069409637401,8.831474724445684,2.7973665961010274
DE-LU,independent_2025,seven_day_same_hour,2025-06-19,24,382.5321288646834,28.460498941515414,354.07162992316796,11.184990516330629,2.846049894151541
DE-LU,independent_2025,seven_day_same_hour,2025-06-20,24,346.33334842145746,28.460498941515414,317.87284947994203,2.325672932350699,2.846049894151541
DE-LU,independent_2025,seven_day_same_hour,2025-06-21,24,349.3762991822874,28.460498941515414,320.915800240772,0.4713625102358492,2.846049894151541
DE-LU,independent_2025,seven_day_same_hour,2025-06-22,24,426.9536066448908,28.460498941515414,398.49310770337536,3.3417572774853284,2.846049894151541
DE-LU,independent_2025,seven_day_same_hour,2025-06-23,24,197.38381871946456,28.460498941515414,168.92331977794913,68.65213637649316,2.846049894151541
DE-LU,independent_2025,seven_day_same_hour,2025-06-24,24,247.70251304017216,28.460498941515414,219.24201409865674,24.40730706823132,2.846049894151541
DE-LU,independent_2025,seven_day_same_hour,2025-06-25,24,365.71761185414607,28.460498941515414,337.25711291263065,51.71463533528288,2.846049894151541
DE-LU,independent_2025,seven_day_same_hour,2025-06-26,24,82.73302001866796,27.973665961010273,54.759354057657674,38.02652750604797,2.7973665961010274
DE-LU,independent_2025,seven_day_same_hour,2025-06-27,24,191.29924533010586,27.973665961010273,163.32557936909558,45.600483897818435,2.7973665961010274
DE-LU,independent_2025,seven_day_same_hour,2025-06-28,24,188.26874181704244,27.973665961010273,160.29507585603216,33.28474676272458,2.7973665961010274
DE-LU,independent_2025,seven_day_same_hour,2025-06-29,24,239.8437657340147,27.973665961010273,211.87009977300443,17.14005231220608,2.7973665961010274
DE-LU,independent_2025,seven_day_same_hour,2025-06-30,24,299.25927843470834,19.486832980505138,279.7724454542032,144.77870856337904,1.9486832980505138
DE-LU,independent_2025,seven_day_same_hour,2025-07-01,24,367.9543939033744,20.0,347.9543939033744,333.370568974881,2.0
DE-LU,independent_2025,seven_day_same_hour,2025-07-02,24,299.69897728435217,28.486832980505135,271.212144303847,35.4226207529191,2.8486832980505135
DE-LU,independent_2025,seven_day_same_hour,2025-07-03,24,209.8660041141662,28.973665961010276,180.89233815315592,12.262163789334721,2.8973665961010275
DE-LU,independent_2025,seven_day_same_hour,2025-07-04,24,269.4652750219799,28.460498941515414,241.0047760804645,3.3383314191703164,2.846049894151541
DE-LU,independent_2025,seven_day_same_hour,2025-07-05,24,191.20834009671464,28.460498941515414,162.74784115519924,38.37317033784197,2.846049894151541
DE-LU,independent_2025,seven_day_same_hour,2025-07-06,24,171.4097805962382,28.460498941515414,142.94928165472277,29.64595458608568,2.846049894151541
DE-LU,independent_2025,seven_day_same_hour,2025-07-07,24,87.67416160342856,28.460498941515414,59.21366266191314,84.48171928703337,2.846049894151541
DE-LU,independent_2025,seven_day_same_hour,2025-07-08,24,108.03147090314133,28.460498941515414,79.57097196162593,30.86749762957656,2.846049894151541
DE-LU,independent_2025,seven_day_same_hour,2025-07-09,24,164.26503896873237,28.460498941515414,135.804540027217,15.25400689829172,2.846049894151541
DE-LU,independent_2025,seven_day_same_hour,2025-07-10,24,157.4378589231357,27.973665961010273,129.46419296212542,1.3745942495812642,2.7973665961010274
DE-LU,independent_2025,seven_day_same_hour,2025-07-11,24,135.736553812667,19.486832980505138,116.24972083216186,3.994125982438945,1.9486832980505138
DE-LU,independent_2025,seven_day_same_hour,2025-07-12,24,199.30934216904294,19.486832980505138,179.8225091885378,26.25513658944496,1.9486832980505138
DE-LU,independent_2025,seven_day_same_hour,2025-07-13,24,212.0307171142898,18.973665961010276,193.05705115327953,18.546758476887533,1.8973665961010275
DE-LU,independent_2025,seven_day_same_hour,2025-07-14,24,122.3250645535154,18.973665961010276,103.35139859250512,11.704172379786797,1.8973665961010275
DE-LU,independent_2025,seven_day_same_hour,2025-07-15,24,154.41088617572944,18.973665961010276,135.4372202147192,3.8057147967039384,1.8973665961010275
DE-LU,independent_2025,seven_day_same_hour,2025-07-16,24,75.1018832507664,18.973665961010276,56.12821728975612,17.139294341239193,1.8973665961010275
DE-LU,independent_2025,seven_day_same_hour,2025-07-17,24,111.46188398176022,18.973665961010276,92.48821802074995,8.007880494114303,1.8973665961010275
DE-LU,independent_2025,seven_day_same_hour,2025-07-18,24,86.56751530521437,18.973665961010276,67.59384934420409,18.526167084373597,1.8973665961010275
DE-LU,independent_2025,seven_day_same_hour,2025-07-19,24,202.5330955746026,18.973665961010276,183.55942961359233,8.151004423474973,1.8973665961010275
DE-LU,independent_2025,seven_day_same_hour,2025-07-20,24,186.62444623888877,18.973665961010276,167.65078027787848,19.913907746708077,1.8973665961010275
DE-LU,independent_2025,seven_day_same_hour,2025-07-21,24,51.40076668711812,18.973665961010276,32.42710072610784,33.75068171338067,1.8973665961010275
DE-LU,independent_2025,seven_day_same_hour,2025-07-22,24,205.21481476538588,18.973665961010276,186.2411488043756,8.774320469455006,1.8973665961010275
DE-LU,independent_2025,seven_day_same_hour,2025-07-23,24,153.43047928168286,18.973665961010276,134.45681332067258,2.7034500967173756,1.8973665961010275
DE-LU,independent_2025,seven_day_same_hour,2025-07-24,24,68.07193108273529,18.973665961010276,49.098265121725,29.850487751535262,1.8973665961010275
DE-LU,independent_2025,seven_day_same_hour,2025-07-25,24,58.557847657143355,18.973665961010276,39.58418169613307,0.0,1.8973665961010275
DE-LU,independent_2025,seven_day_same_hour,2025-07-26,24,100.51337671846548,18.973665961010276,81.5397107574552,14.171584072430306,1.8973665961010275
DE-LU,independent_2025,seven_day_same_hour,2025-07-27,24,158.78575962249113,18.973665961010276,139.81209366148084,23.546319457613777,1.8973665961010275
DE-LU,independent_2025,seven_day_same_hour,2025-07-28,24,70.33089781388024,18.973665961010276,51.35723185286996,24.930222949157724,1.8973665961010275
DE-LU,independent_2025,seven_day_same_hour,2025-07-29,24,217.10648503733458,18.973665961010276,198.1328190763243,0.6716849993151754,1.8973665961010275
DE-LU,independent_2025,seven_day_same_hour,2025-07-30,24,164.45221200547647,18.973665961010276,145.47854604446619,3.1775959741542295,1.8973665961010275
DE-LU,independent_2025,seven_day_same_hour,2025-07-31,24,124.92673771093929,18.973665961010276,105.95307174992901,6.188194272088566,1.8973665961010275
DE-LU,independent_2025,seven_day_same_hour,2025-08-01,24,100.16661353824328,18.973665961010276,81.192947577233,13.19315320969531,1.8973665961010275
DE-LU,independent_2025,seven_day_same_hour,2025-08-02,24,183.2097185195152,18.973665961010276,164.23605255850492,19.770559931372702,1.8973665961010275
DE-LU,independent_2025,seven_day_same_hour,2025-08-03,24,136.2486373609412,18.973665961010276,117.27497139993092,57.84122068213982,1.8973665961010275
DE-LU,independent_2025,seven_day_same_hour,2025-08-04,24,161.70586044188556,18.973665961010276,142.73219448087528,44.194724832910566,1.8973665961010275
DE-LU,independent_2025,seven_day_same_hour,2025-08-05,24,128.17189715889867,18.973665961010276,109.19823119788838,145.81680275013753,1.8973665961010275
DE-LU,independent_2025,seven_day_same_hour,2025-08-06,24,253.76794640009774,19.486832980505138,234.2811134195926,85.23926114735508,1.9486832980505138
DE-LU,independent_2025,seven_day_same_hour,2025-08-07,24,225.18370956101649,18.973665961010276,206.2100436000062,18.921900361745713,1.8973665961010275
DE-LU,independent_2025,seven_day_same_hour,2025-08-08,24,270.3597244434779,37.46049894151541,232.89922550196246,11.150273236693351,3.7460498941515414
DE-LU,independent_2025,seven_day_same_hour,2025-08-09,24,232.9272254269381,37.46049894151541,195.46672648542267,38.39256767220695,3.7460498941515414
DE-LU,independent_2025,seven_day_same_hour,2025-08-10,24,306.1009667726085,36.97366596101027,269.1273008115982,24.986237515288565,3.6973665961010274
DE-LU,independent_2025,seven_day_same_hour,2025-08-11,24,371.9310845173968,37.46049894151541,334.4705855758814,15.365340693946223,3.7460498941515414
DE-LU,independent_2025,seven_day_same_hour,2025-08-12,24,279.5799658165415,37.46049894151541,242.11946687502612,8.186645362385093,3.7460498941515414
DE-LU,independent_2025,seven_day_same_hour,2025-08-13,24,293.96957899594946,37.94733192202055,256.0222470739289,34.79987659679779,3.794733192202055
DE-LU,independent_2025,seven_day_same_hour,2025-08-14,24,322.51163391278317,37.46049894151541,285.05113497126774,71.03159796328816,3.7460498941515414
DE-LU,independent_2025,seven_day_same_hour,2025-08-15,24,218.81029963045813,28.460498941515414,190.3498006889427,5.136354802855408,2.846049894151541
DE-LU,independent_2025,seven_day_same_hour,2025-08-16,24,179.0723095450238,28.460498941515414,150.6118106035084,18.96743710812774,2.846049894151541
DE-LU,independent_2025,seven_day_same_hour,2025-08-17,24,188.6239768929973,28.460498941515414,160.16347795148187,14.641598317184389,2.846049894151541
DE-LU,independent_2025,seven_day_same_hour,2025-08-18,24,333.75752312502436,28.460498941515414,305.29702418350894,26.149999644128116,2.846049894151541
DE-LU,independent_2025,seven_day_same_hour,2025-08-19,24,212.6105297202551,28.460498941515414,184.15003077873968,4.006758870271625,2.846049894151541
DE-LU,independent_2025,seven_day_same_hour,2025-08-20,24,165.36710408295502,28.460498941515414,136.9066051414396,5.4549917715072525,2.846049894151541
DE-LU,independent_2025,seven_day_same_hour,2025-08-21,24,85.76492169235247,28.460498941515414,57.30442275083705,17.7523167587117,2.846049894151541
DE-LU,independent_2025,seven_day_same_hour,2025-08-22,24,204.79112944266487,28.460498941515414,176.33063050114947,18.75146539181287,2.846049894151541
DE-LU,independent_2025,seven_day_same_hour,2025-08-23,24,195.68317197110406,27.973665961010276,167.70950601009378,20.805665961010277,2.7973665961010274
DE-LU,independent_2025,seven_day_same_hour,2025-08-24,24,194.16982662959762,37.46049894151541,156.70932768808223,46.01392201071218,3.7460498941515414
DE-LU,independent_2025,seven_day_same_hour,2025-08-25,24,388.86533275025226,36.97366596101027,351.891666789242,1.6481460092234101,3.697366596101027
DE-LU,independent_2025,seven_day_same_hour,2025-08-26,24,298.7656134043741,28.486832980505135,270.27878042386897,13.244966398581312,2.8486832980505135
DE-LU,independent_2025,seven_day_same_hour,2025-08-27,24,308.5672736624366,28.486832980505135,280.08044068193146,10.91917707593933,2.8486832980505135
DE-LU,independent_2025,seven_day_same_hour,2025-08-28,24,169.7225901727669,28.973665961010276,140.74892421175662,51.16466036856991,2.8973665961010275
DE-LU,independent_2025,seven_day_same_hour,2025-08-29,24,153.61829382714856,28.973665961010276,124.64462786613828,22.286063230496552,2.8973665961010275
DE-LU,independent_2025,seven_day_same_hour,2025-08-30,24,245.38889674824026,37.94733192202055,207.4415648262197,5.577263602975222,3.794733192202055
DE-LU,independent_2025,seven_day_same_hour,2025-08-31,24,209.91385272030124,37.94733192202055,171.96652079828073,43.684724083654544,3.794733192202055
DE-LU,independent_2025,seven_day_same_hour,2025-09-01,24,410.41924855813,37.94733192202055,372.4719166361094,3.977494423766018,3.794733192202055
DE-LU,independent_2025,seven_day_same_hour,2025-09-02,24,460.86972047212475,37.94733192202055,422.92238855010424,15.055269020029357,3.794733192202055
DE-LU,independent_2025,seven_day_same_hour,2025-09-03,24,264.85705190352337,37.94733192202055,226.9097199815028,5.78487856371828,3.794733192202055
DE-LU,independent_2025,seven_day_same_hour,2025-09-04,24,586.2119280723884,37.94733192202055,548.2645961503679,43.927221224584855,3.794733192202055
DE-LU,independent_2025,seven_day_same_hour,2025-09-05,24,181.68610185246138,37.94733192202055,143.73876993044084,6.00993061333898,3.794733192202055
DE-LU,independent_2025,seven_day_same_hour,2025-09-06,24,285.12513257443885,37.94733192202055,247.1778006524183,19.569402470571646,3.794733192202055
DE-LU,independent_2025,seven_day_same_hour,2025-09-07,24,246.17535902851688,37.94733192202055,208.22802710649637,68.57342579546537,3.794733192202055
DE-LU,independent_2025,seven_day_same_hour,2025-09-08,24,594.5771539445336,37.94733192202055,556.629822022513,19.06583989705905,3.794733192202055
DE-LU,independent_2025,seven_day_same_hour,2025-09-09,24,629.5603103164932,37.94733192202055,591.6129783944726,15.102158604429064,3.794733192202055
DE-LU,independent_2025,seven_day_same_hour,2025-09-10,24,382.9987915236329,37.94733192202055,345.05145960161235,36.943843871375634,3.794733192202055
DE-LU,independent_2025,seven_day_same_hour,2025-09-11,24,321.08196739205357,37.94733192202055,283.134635470033,15.331013926394405,3.794733192202055
DE-LU,independent_2025,seven_day_same_hour,2025-09-12,24,373.60698697982525,37.94733192202055,335.65965505780474,11.335178790420002,3.794733192202055
DE-LU,independent_2025,seven_day_same_hour,2025-09-13,24,200.8381143736304,37.94733192202055,162.89078245160988,26.157157217465794,3.794733192202055
DE-LU,independent_2025,seven_day_same_hour,2025-09-14,24,352.7148732448899,37.94733192202055,314.7675413228693,16.322226904224294,3.794733192202055
DE-LU,independent_2025,seven_day_same_hour,2025-09-15,24,215.53474901444386,37.94733192202055,177.58741709242332,9.562021629716469,3.794733192202055
DE-LU,independent_2025,seven_day_same_hour,2025-09-16,24,186.9688685953539,37.94733192202055,149.02153667333334,13.476794889744895,3.794733192202055
DE-LU,independent_2025,seven_day_same_hour,2025-09-17,24,323.31250393162463,37.94733192202055,285.3651720096041,3.6463344141116636,3.794733192202055
DE-LU,independent_2025,seven_day_same_hour,2025-09-18,24,333.1575936178011,37.94733192202055,295.2102616957805,0.31971671695436044,3.794733192202055
DE-LU,independent_2025,seven_day_same_hour,2025-09-19,24,647.8348378975656,37.94733192202055,609.8875059755451,80.42260210591576,3.794733192202055
DE-LU,independent_2025,seven_day_same_hour,2025-09-20,24,262.9774467072972,37.94733192202055,225.03011478527668,41.55312434298264,3.794733192202055
DE-LU,independent_2025,seven_day_same_hour,2025-09-21,24,138.16287163087785,37.94733192202055,100.2155397088573,13.22288433664427,3.794733192202055
DE-LU,independent_2025,seven_day_same_hour,2025-09-22,24,174.33175034464486,37.94733192202055,136.3844184226243,1.7229438645139794,3.794733192202055
DE-LU,independent_2025,seven_day_same_hour,2025-09-23,24,247.5284854874809,37.94733192202055,209.58115356546034,4.264070998697406,3.794733192202055
DE-LU,independent_2025,seven_day_same_hour,2025-09-24,24,248.00158203344904,37.94733192202055,210.05425011142847,17.842749910785102,3.794733192202055
DE-LU,independent_2025,seven_day_same_hour,2025-09-25,24,264.68476254745417,37.94733192202055,226.73743062543363,6.595110490624734,3.794733192202055
DE-LU,independent_2025,seven_day_same_hour,2025-09-26,24,146.1561796359261,37.94733192202055,108.20884771390556,0.3409649690597689,3.794733192202055
DE-LU,independent_2025,seven_day_same_hour,2025-09-27,24,188.71605180826108,37.94733192202055,150.76871988624055,0.4372183006096293,3.794733192202055
DE-LU,independent_2025,seven_day_same_hour,2025-09-28,24,228.73968601916613,37.94733192202055,190.79235409714556,11.997150020064339,3.794733192202055
DE-LU,independent_2025,seven_day_same_hour,2025-09-29,24,689.0903319866854,37.94733192202055,651.1430000646649,4.176939253478054,3.794733192202055
DE-LU,independent_2025,seven_day_same_hour,2025-09-30,24,672.6470148730898,37.94733192202055,634.6996829510692,0.02704627669470483,3.794733192202055
DE-LU,independent_2025,ridge_alpha_0.1,2025-01-09,24,54.230437614048384,18.486832980505135,35.74360463354324,56.091550091831465,1.8486832980505137
DE-LU,independent_2025,ridge_alpha_0.1,2025-01-10,24,80.86928015423516,18.973665961010276,61.89561419322487,19.207640020355342,1.8973665961010275
DE-LU,independent_2025,ridge_alpha_0.1,2025-01-11,24,27.84054390830039,28.973665961010276,-1.133122052709865,14.799126663745824,2.8973665961010275
DE-LU,independent_2025,ridge_alpha_0.1,2025-01-12,24,70.83939958509649,37.94733192202055,32.89206766307592,14.192690607988453,3.794733192202055
DE-LU,independent_2025,ridge_alpha_0.1,2025-01-13,24,175.78455607058055,28.486832980505135,147.2977230900754,51.347017864186626,2.8486832980505135
DE-LU,independent_2025,ridge_alpha_0.1,2025-01-14,24,150.0349958086734,28.486832980505135,121.54816282816824,33.35688198851449,2.8486832980505135
DE-LU,independent_2025,ridge_alpha_0.1,2025-01-15,24,246.54072003826502,37.94733192202055,208.59338811624445,204.6127887497065,3.794733192202055
DE-LU,independent_2025,ridge_alpha_0.1,2025-01-16,24,182.10548385520661,37.94733192202055,144.15815193318605,2.5019043725864663,3.794733192202055
DE-LU,independent_2025,ridge_alpha_0.1,2025-01-17,24,139.19325520715932,27.973665961010276,111.21958924614904,36.43203139522126,2.7973665961010274
DE-LU,independent_2025,ridge_alpha_0.1,2025-01-18,24,80.82444031393828,37.94733192202055,42.877108391917716,5.922035499348624,3.794733192202055
DE-LU,independent_2025,ridge_alpha_0.1,2025-01-19,24,34.071381741147604,37.94733192202055,-3.8759501808729055,40.86242048283134,3.794733192202055
DE-LU,independent_2025,ridge_alpha_0.1,2025-01-20,24,1042.3472782519798,36.973665961010276,1005.3736122909695,23.979370047222574,3.6973665961010274
DE-LU,independent_2025,ridge_alpha_0.1,2025-01-21,24,357.1373605270289,28.973665961010276,328.1636945660186,40.39771982947826,2.8973665961010275
DE-LU,independent_2025,ridge_alpha_0.1,2025-01-22,24,169.32557003547504,37.94733192202055,131.37823811345447,40.48355121620932,3.794733192202055
DE-LU,independent_2025,ridge_alpha_0.1,2025-01-23,24,155.7402422378197,37.94733192202055,117.79291031579913,2.784348958963278,3.794733192202055
DE-LU,independent_2025,ridge_alpha_0.1,2025-01-24,24,61.912915038383915,37.94733192202055,23.965583116363348,57.6299806767893,3.794733192202055
DE-LU,independent_2025,ridge_alpha_0.1,2025-01-25,24,64.9452810910521,37.94733192202055,26.99794916903153,46.213883043955434,3.794733192202055
DE-LU,independent_2025,ridge_alpha_0.1,2025-01-26,24,144.9759232861266,46.46049894151541,98.51542434461118,18.964993908714348,4.646049894151542
DE-LU,independent_2025,ridge_alpha_0.1,2025-01-27,24,184.215493338876,37.94733192202055,146.26816141685543,19.100704216023303,3.794733192202055
DE-LU,independent_2025,ridge_alpha_0.1,2025-01-28,24,152.15086495765922,37.94733192202055,114.20353303563866,28.334906104234705,3.794733192202055
DE-LU,independent_2025,ridge_alpha_0.1,2025-01-29,24,175.18231829769934,37.94733192202055,137.23498637567877,13.302100163424939,3.794733192202055
DE-LU,independent_2025,ridge_alpha_0.1,2025-01-30,24,153.46524386811836,37.94733192202055,115.51791194609774,15.65165347834133,3.794733192202055
DE-LU,independent_2025,ridge_alpha_0.1,2025-01-31,24,140.54043289245152,37.94733192202055,102.59310097043095,4.295107566649563,3.794733192202055
DE-LU,independent_2025,ridge_alpha_0.1,2025-02-01,24,110.29587352277383,37.94733192202055,72.34854160075326,0.9361569173682938,3.794733192202055
DE-LU,independent_2025,ridge_alpha_0.1,2025-02-02,24,61.410123105080345,37.94733192202055,23.462791183059778,26.972302851567292,3.794733192202055
DE-LU,independent_2025,ridge_alpha_0.1,2025-02-03,24,306.3611930391255,37.94733192202055,268.41386111710494,3.5612356193876735,3.794733192202055
DE-LU,independent_2025,ridge_alpha_0.1,2025-02-04,24,209.81622057157892,37.94733192202055,171.86888864955836,0.8100000000000023,3.794733192202055
DE-LU,independent_2025,ridge_alpha_0.1,2025-02-05,24,173.4820859956709,37.94733192202055,135.53475407365033,13.429476618317352,3.794733192202055
DE-LU,independent_2025,ridge_alpha_0.1,2025-02-06,24,136.3624694786659,37.94733192202055,98.41513755664533,10.466648117061581,3.794733192202055
DE-LU,independent_2025,ridge_alpha_0.1,2025-02-07,24,122.3043070134448,37.94733192202055,84.35697509142423,12.351150525985105,3.794733192202055
DE-LU,independent_2025,ridge_alpha_0.1,2025-02-08,24,77.60027290105938,37.94733192202055,39.65294097903882,55.11315469093289,3.794733192202055
DE-LU,independent_2025,ridge_alpha_0.1,2025-02-09,24,76.70892512224827,37.94733192202055,38.761593200227765,23.811322306564534,3.794733192202055
DE-LU,independent_2025,ridge_alpha_0.1,2025-02-10,24,136.14940835702208,37.94733192202055,98.20207643500152,18.89583603626687,3.794733192202055
DE-LU,independent_2025,ridge_alpha_0.1,2025-02-11,24,148.73335407690763,37.94733192202055,110.78602215488706,41.27945127884533,3.794733192202055
DE-LU,independent_2025,ridge_alpha_0.1,2025-02-12,24,109.19821802075,37.94733192202055,71.25088609872944,19.420839353626093,3.794733192202055
DE-LU,independent_2025,ridge_alpha_0.1,2025-02-13,24,107.65837178906986,37.94733192202055,69.71103986704927,64.62839772972481,3.794733192202055
DE-LU,independent_2025,ridge_alpha_0.1,2025-02-14,24,355.19744123446867,37.94733192202055,317.2501093124481,77.87652664623113,3.794733192202055
DE-LU,independent_2025,ridge_alpha_0.1,2025-02-15,24,104.65770266074901,37.94733192202055,66.71037073872844,10.799567934792293,3.794733192202055
DE-LU,independent_2025,ridge_alpha_0.1,2025-02-16,24,30.325097707858163,37.94733192202055,-7.622234214162347,38.40300046939632,3.794733192202055
DE-LU,independent_2025,ridge_alpha_0.1,2025-02-17,24,366.59831204007844,37.94733192202055,328.6509801180579,5.606249320708798,3.794733192202055
DE-LU,independent_2025,ridge_alpha_0.1,2025-02-18,24,216.3100764369771,37.94733192202055,178.36274451495655,43.71496005990207,3.794733192202055
DE-LU,independent_2025,ridge_alpha_0.1,2025-02-19,24,179.55266819347952,37.94733192202055,141.605336271459,14.854142972711657,3.794733192202055
DE-LU,independent_2025,ridge_alpha_0.1,2025-02-20,24,81.71420216395944,37.94733192202055,43.766870241938875,15.333992840110795,3.794733192202055
DE-LU,independent_2025,ridge_alpha_0.1,2025-02-21,24,158.79568365688596,37.94733192202055,120.84835173486539,10.074987760666374,3.794733192202055
DE-LU,independent_2025,ridge_alpha_0.1,2025-02-22,24,94.86205780428458,37.94733192202055,56.91472588226401,21.65531235448671,3.794733192202055
DE-LU,independent_2025,ridge_alpha_0.1,2025-02-23,24,191.11352070499422,37.94733192202055,153.16618878297365,8.184569189968897,3.794733192202055
DE-LU,independent_2025,ridge_alpha_0.1,2025-02-24,24,68.34442239496519,37.94733192202055,30.397090472944626,92.72687633421252,3.794733192202055
DE-LU,independent_2025,ridge_alpha_0.1,2025-02-25,24,253.40126752349306,37.94733192202055,215.4539356014725,8.521794088772822,3.794733192202055
DE-LU,independent_2025,ridge_alpha_0.1,2025-02-26,24,144.08664457660475,37.94733192202055,106.13931265458419,0.416022866630982,3.794733192202055
DE-LU,independent_2025,ridge_alpha_0.1,2025-02-27,24,163.93230768866422,37.94733192202055,125.98497576664366,4.0202023505326,3.794733192202055
DE-LU,independent_2025,ridge_alpha_0.1,2025-02-28,24,125.28824396140485,37.94733192202055,87.34091203938428,6.011451127808726,3.794733192202055
DE-LU,independent_2025,ridge_alpha_0.1,2025-03-01,24,93.01205964139407,37.94733192202055,55.064727719373565,13.097854216837476,3.794733192202055
DE-LU,independent_2025,ridge_alpha_0.1,2025-03-02,24,198.2041733378294,37.94733192202055,160.25684141580882,75.16230326518925,3.794733192202055
DE-LU,independent_2025,ridge_alpha_0.1,2025-03-03,24,369.7994091842659,37.94733192202055,331.85207726224536,31.89347538337853,3.794733192202055
DE-LU,independent_2025,ridge_alpha_0.1,2025-03-04,24,329.6403037567991,37.94733192202055,291.6929718347785,36.12587048329857,3.794733192202055
DE-LU,independent_2025,ridge_alpha_0.1,2025-03-05,24,309.54113321313395,37.94733192202055,271.5938012911134,32.50784795526522,3.794733192202055
DE-LU,independent_2025,ridge_alpha_0.1,2025-03-06,24,350.3925119533064,37.94733192202055,312.4451800312858,39.44717927906646,3.794733192202055
DE-LU,independent_2025,ridge_alpha_0.1,2025-03-07,24,394.16911555575837,37.94733192202055,356.2217836337378,14.520806853277122,3.794733192202055
DE-LU,independent_2025,ridge_alpha_0.1,2025-03-08,24,308.9582846374359,37.94733192202055,271.0109527154154,23.60215860442895,3.794733192202055
DE-LU,independent_2025,ridge_alpha_0.1,2025-03-09,24,230.29798437223405,37.94733192202055,192.3506524502135,25.0313207320404,3.794733192202055
DE-LU,independent_2025,ridge_alpha_0.1,2025-03-10,24,242.09813806454176,37.46049894151541,204.63763912302633,3.827684779288063,3.7460498941515414
DE-LU,independent_2025,ridge_alpha_0.1,2025-03-11,24,226.25295470059785,37.46049894151541,188.79245575908243,2.8565742511511587,3.7460498941515414
DE-LU,independent_2025,ridge_alpha_0.1,2025-03-12,24,224.11099649804328,37.94733192202055,186.1636645760227,3.885919142511341,3.794733192202055
DE-LU,independent_2025,ridge_alpha_0.1,2025-03-13,24,150.17056364409174,37.94733192202055,112.22323172207118,25.98937180733202,3.794733192202055
DE-LU,independent_2025,ridge_alpha_0.1,2025-03-14,24,130.65449658121096,37.94733192202055,92.70716465919037,13.08705688572985,3.794733192202055
DE-LU,independent_2025,ridge_alpha_0.1,2025-03-15,24,127.09177842053116,37.94733192202055,89.14444649851058,29.034783630774285,3.794733192202055
DE-LU,independent_2025,ridge_alpha_0.1,2025-03-16,24,245.83517455845737,37.94733192202055,207.8878426364368,19.81784981162474,3.794733192202055
DE-LU,independent_2025,ridge_alpha_0.1,2025-03-17,24,349.95288524088824,37.94733192202055,312.00555331886767,7.918518208951696,3.794733192202055
DE-LU,independent_2025,ridge_alpha_0.1,2025-03-18,24,379.7329824438137,37.94733192202055,341.7856505217931,1.0576259256500293,3.794733192202055
DE-LU,independent_2025,ridge_alpha_0.1,2025-03-19,24,465.7972010262587,37.94733192202055,427.8498691042381,46.93466969199147,3.794733192202055
DE-LU,independent_2025,ridge_alpha_0.1,2025-03-20,24,545.8596862116663,37.94733192202055,507.9123542896457,2.467193485320479,3.794733192202055
DE-LU,independent_2025,ridge_alpha_0.1,2025-03-21,24,351.1308903020705,37.94733192202055,313.18355838004993,15.81527303087023,3.794733192202055
DE-LU,independent_2025,ridge_alpha_0.1,2025-03-22,24,116.2955196161528,37.94733192202055,78.34818769413224,17.800936498801633,3.794733192202055
DE-LU,independent_2025,ridge_alpha_0.1,2025-03-23,24,148.8403635057906,37.94733192202055,110.89303158377004,16.587968455717828,3.794733192202055
DE-LU,independent_2025,ridge_alpha_0.1,2025-03-24,24,234.45654201635094,37.94733192202055,196.50921009433037,20.698166476062,3.794733192202055
DE-LU,independent_2025,ridge_alpha_0.1,2025-03-25,24,211.46211306169158,37.94733192202055,173.51478113967104,3.5453730807708155,3.794733192202055
DE-LU,independent_2025,ridge_alpha_0.1,2025-03-26,24,163.913042567927,37.94733192202055,125.96571064590643,14.069823590122326,3.794733192202055
DE-LU,independent_2025,ridge_alpha_0.1,2025-03-27,24,320.0566925240738,37.94733192202055,282.10936060205324,4.692142522565405,3.794733192202055
DE-LU,independent_2025,ridge_alpha_0.1,2025-03-28,24,350.6677276685384,37.94733192202055,312.72039574651785,2.418295053970837,3.794733192202055
DE-LU,independent_2025,ridge_alpha_0.1,2025-03-29,24,226.7470745835812,37.94733192202055,188.79974266156063,93.10128491334416,3.794733192202055
DE-LU,independent_2025,ridge_alpha_0.1,2025-03-30,23,53.256626657631685,37.94733192202055,15.309294735611118,122.0252336342051,3.794733192202055
DE-LU,independent_2025,ridge_alpha_0.1,2025-03-31,24,200.3467549374186,37.94733192202055,162.39942301539807,115.19859385718499,3.794733192202055
DE-LU,independent_2025,ridge_alpha_0.1,2025-04-01,24,362.7333441106259,46.973665961010276,315.75967814961564,42.39520131834661,4.697366596101027
DE-LU,independent_2025,ridge_alpha_0.1,2025-04-02,24,380.3688972003622,37.94733192202055,342.42156527834163,5.334278071814651,3.794733192202055
DE-LU,independent_2025,ridge_alpha_0.1,2025-04-03,24,414.54618271390143,37.94733192202055,376.59885079188086,4.2050107773461605,3.794733192202055
DE-LU,independent_2025,ridge_alpha_0.1,2025-04-04,24,401.13666482330945,37.94733192202055,363.1893329012889,15.01295154957387,3.794733192202055
DE-LU,independent_2025,ridge_alpha_0.1,2025-04-05,24,305.6169386957344,37.94733192202055,267.66960677371384,22.687173036744014,3.794733192202055
DE-LU,independent_2025,ridge_alpha_0.1,2025-04-06,24,415.1607774309034,37.94733192202055,377.21344550888284,41.907321655641226,3.794733192202055
DE-LU,independent_2025,ridge_alpha_0.1,2025-04-07,24,407.8467805414517,37.94733192202055,369.89944861943115,9.040543551387259,3.794733192202055
DE-LU,independent_2025,ridge_alpha_0.1,2025-04-08,24,385.889496865022,37.94733192202055,347.94216494300133,13.307852043106266,3.794733192202055
DE-LU,independent_2025,ridge_alpha_0.1,2025-04-09,24,343.2826613741636,37.94733192202055,305.335329452143,1.0262573423906929,3.794733192202055
DE-LU,independent_2025,ridge_alpha_0.1,2025-04-10,24,367.0747307973489,37.94733192202055,329.1273988753283,8.252485897151473,3.794733192202055
DE-LU,independent_2025,ridge_alpha_0.1,2025-04-11,24,303.6897653416185,37.94733192202055,265.74243341959794,2.7867394517987236,3.794733192202055
DE-LU,independent_2025,ridge_alpha_0.1,2025-04-12,24,359.85846760700775,37.94733192202055,321.9111356849872,25.611353251639514,3.794733192202055
DE-LU,independent_2025,ridge_alpha_0.1,2025-04-13,24,192.60372447901432,37.94733192202055,154.6563925569938,49.193579837504075,3.794733192202055
DE-LU,independent_2025,ridge_alpha_0.1,2025-04-14,24,269.712531632389,37.94733192202055,231.76519971036845,19.466191629948725,3.794733192202055
DE-LU,independent_2025,ridge_alpha_0.1,2025-04-15,24,264.81782550620756,37.94733192202055,226.870493584187,14.932035874470643,3.794733192202055
DE-LU,independent_2025,ridge_alpha_0.1,2025-04-16,24,271.1424637077156,37.94733192202055,233.19513178569503,0.05138792572000739,3.794733192202055
DE-LU,independent_2025,ridge_alpha_0.1,2025-04-17,24,105.04910374435744,37.94733192202055,67.1017718223369,23.85307829037319,3.794733192202055
DE-LU,independent_2025,ridge_alpha_0.1,2025-04-18,24,74.42745866281984,37.94733192202055,36.4801267407993,20.542467322208857,3.794733192202055
DE-LU,independent_2025,ridge_alpha_0.1,2025-04-19,24,240.94064626564125,37.94733192202055,202.99331434362068,22.239013701321255,3.794733192202055
DE-LU,independent_2025,ridge_alpha_0.1,2025-04-20,24,278.85207580025775,37.94733192202055,240.90474387823718,82.15884066754074,3.794733192202055
DE-LU,independent_2025,ridge_alpha_0.1,2025-04-21,24,184.00741529381384,37.46049894151541,146.5469163522984,54.77558094263196,3.7460498941515414
DE-LU,independent_2025,ridge_alpha_0.1,2025-04-22,24,311.20914933963843,28.973665961010276,282.23548337862815,46.04165106944458,2.8973665961010275
DE-LU,independent_2025,ridge_alpha_0.1,2025-04-23,24,151.03167424725302,27.973665961010276,123.05800828624275,27.604711750046548,2.7973665961010274
DE-LU,independent_2025,ridge_alpha_0.1,2025-04-24,24,94.9102023890326,37.94733192202055,56.96287046701204,1.1806225332664013,3.794733192202055
DE-LU,independent_2025,ridge_alpha_0.1,2025-04-25,24,153.20895582398794,37.94733192202055,115.26162390196737,8.235222237413979,3.794733192202055
DE-LU,independent_2025,ridge_alpha_0.1,2025-04-26,24,221.80897014574214,37.94733192202055,183.86163822372157,29.27555796346445,3.794733192202055
DE-LU,independent_2025,ridge_alpha_0.1,2025-04-27,24,445.4197223092344,37.94733192202055,407.4723903872138,14.867132890876348,3.794733192202055
DE-LU,independent_2025,ridge_alpha_0.1,2025-04-28,24,365.4834089976929,28.973665961010276,336.5097430366826,34.72203115188586,2.8973665961010275
DE-LU,independent_2025,ridge_alpha_0.1,2025-04-29,24,308.7899400137606,28.973665961010276,279.8162740527503,8.059691988864358,2.8973665961010275
DE-LU,independent_2025,ridge_alpha_0.1,2025-04-30,24,328.9495027129724,37.94733192202055,291.0021707909518,0.6242989147629601,3.794733192202055
DE-LU,independent_2025,ridge_alpha_0.1,2025-05-01,24,503.51081255710585,37.94733192202055,465.5634806350853,44.151201676301014,3.794733192202055
DE-LU,independent_2025,ridge_alpha_0.1,2025-05-02,24,260.2760423630918,37.94733192202055,222.32871044107122,9.29122883462037,3.794733192202055
DE-LU,independent_2025,ridge_alpha_0.1,2025-05-03,24,183.1582958021321,28.973665961010276,154.18462984112182,14.700332900407943,2.8973665961010275
DE-LU,independent_2025,ridge_alpha_0.1,2025-05-04,24,107.81249538082079,37.94733192202055,69.86516345880024,84.08526725991995,3.794733192202055
DE-LU,independent_2025,ridge_alpha_0.1,2025-05-05,24,133.39659790652598,27.973665961010276,105.42293194551569,38.24352343844488,2.7973665961010274
DE-LU,independent_2025,ridge_alpha_0.1,2025-05-06,24,168.21269627035366,27.973665961010276,140.23903030934338,52.558785261072785,2.7973665961010274
DE-LU,independent_2025,ridge_alpha_0.1,2025-05-07,24,157.6133319422584,27.973665961010276,129.63966598124813,28.9461346316823,2.7973665961010274
DE-LU,independent_2025,ridge_alpha_0.1,2025-05-08,24,190.97441544287472,27.973665961010273,163.00074948186443,18.12792219728533,2.7973665961010274
DE-LU,independent_2025,ridge_alpha_0.1,2025-05-09,24,322.17026990502336,36.97366596101027,285.1966039440131,3.7787861228653696,3.6973665961010274
DE-LU,independent_2025,ridge_alpha_0.1,2025-05-10,24,443.4432352146564,37.46049894151541,405.982736273141,75.836719695716,3.7460498941515414
DE-LU,independent_2025,ridge_alpha_0.1,2025-05-11,24,665.1278515288018,37.46049894151541,627.6673525872864,81.03346346042883,3.7460498941515414
DE-LU,independent_2025,ridge_alpha_0.1,2025-05-12,24,422.82479036371865,36.97366596101027,385.85112440270836,23.805025435722087,3.6973665961010274
DE-LU,independent_2025,ridge_alpha_0.1,2025-05-13,24,400.32038939264686,27.973665961010273,372.3467234316366,21.917483272285892,2.7973665961010274
DE-LU,independent_2025,ridge_alpha_0.1,2025-05-14,24,355.4299486863123,37.46049894151541,317.96944974479686,17.310848837295566,3.7460498941515414
DE-LU,independent_2025,ridge_alpha_0.1,2025-05-15,24,286.0601298187746,37.94733192202055,248.1127978967541,15.213558338586324,3.794733192202055
DE-LU,independent_2025,ridge_alpha_0.1,2025-05-16,24,308.143981711832,37.94733192202055,270.19664978981143,1.8805434743871956,3.794733192202055
DE-LU,independent_2025,ridge_alpha_0.1,2025-05-17,24,219.90401780940005,37.94733192202055,181.95668588737948,33.19808871184739,3.794733192202055
DE-LU,independent_2025,ridge_alpha_0.1,2025-05-18,24,221.59326028857944,37.94733192202055,183.64592836655893,47.48038672730556,3.794733192202055
DE-LU,independent_2025,ridge_alpha_0.1,2025-05-19,24,358.76179409272424,27.973665961010273,330.78812813171396,23.043880869236204,2.7973665961010274
DE-LU,independent_2025,ridge_alpha_0.1,2025-05-20,24,346.49089455624664,27.973665961010273,318.51722859523636,7.3933786103615375,2.7973665961010274
DE-LU,independent_2025,ridge_alpha_0.1,2025-05-21,24,238.53856791949366,37.46049894151541,201.07806897797823,3.307584969705914,3.7460498941515414
DE-LU,independent_2025,ridge_alpha_0.1,2025-05-22,24,251.164570776561,28.486832980505135,222.67773779605585,15.85354764641039,2.8486832980505135
DE-LU,independent_2025,ridge_alpha_0.1,2025-05-23,24,262.16356239396123,28.486832980505135,233.6767294134561,27.64349745720739,2.8486832980505135
DE-LU,independent_2025,ridge_alpha_0.1,2025-05-24,24,186.6298749117128,36.97366596101027,149.6562089507025,42.38685110530136,3.6973665961010274
DE-LU,independent_2025,ridge_alpha_0.1,2025-05-25,24,99.6015410583083,37.46049894151541,62.14104211679289,53.72611161599049,3.7460498941515414
DE-LU,independent_2025,ridge_alpha_0.1,2025-05-26,24,321.04419744433835,27.973665961010273,293.07053148332807,65.19757895646148,2.7973665961010274
DE-LU,independent_2025,ridge_alpha_0.1,2025-05-27,24,213.64224913611153,27.973665961010273,185.66858317510122,29.594532472955848,2.7973665961010274
DE-LU,independent_2025,ridge_alpha_0.1,2025-05-28,24,152.37888212737636,37.46049894151541,114.91838318586096,16.904638276532438,3.7460498941515414
DE-LU,independent_2025,ridge_alpha_0.1,2025-05-29,24,167.39757711726946,28.486832980505135,138.9107441367643,19.50320632791957,2.8486832980505135
DE-LU,independent_2025,ridge_alpha_0.1,2025-05-30,24,253.62340367392522,37.46049894151541,216.16290473240986,10.226156542246287,3.7460498941515414
DE-LU,independent_2025,ridge_alpha_0.1,2025-05-31,24,344.6871753887717,28.486832980505135,316.2003424082666,33.79804962750791,2.8486832980505135
DE-LU,independent_2025,ridge_alpha_0.1,2025-06-01,24,140.05462571873218,28.486832980505135,111.56779273822706,96.03533752970604,2.8486832980505135
DE-LU,independent_2025,ridge_alpha_0.1,2025-06-02,24,342.23840084620014,28.460498941515414,313.77790190468465,61.70493621597848,2.846049894151541
DE-LU,independent_2025,ridge_alpha_0.1,2025-06-03,24,241.3332665309018,27.973665961010273,213.3596005698915,28.111393941981333,2.7973665961010274
DE-LU,independent_2025,ridge_alpha_0.1,2025-06-04,24,220.16102178470442,28.460498941515414,191.700522843189,110.21940023909019,2.846049894151541
DE-LU,independent_2025,ridge_alpha_0.1,2025-06-05,24,222.5858082624539,28.460498941515414,194.1253093209385,41.283880643175195,2.846049894151541
DE-LU,independent_2025,ridge_alpha_0.1,2025-06-06,24,194.06073971734756,28.460498941515414,165.60024077583213,27.60984776765082,2.846049894151541
DE-LU,independent_2025,ridge_alpha_0.1,2025-06-07,24,204.47419896111248,28.460498941515414,176.01370001959705,3.4592359194852236,2.846049894151541
DE-LU,independent_2025,ridge_alpha_0.1,2025-06-08,24,253.2513639376747,28.460498941515414,224.79086499615929,21.326624425108946,2.846049894151541
DE-LU,independent_2025,ridge_alpha_0.1,2025-06-09,24,207.9993777322825,28.460498941515414,179.5388787907671,62.930202389032644,2.846049894151541
DE-LU,independent_2025,ridge_alpha_0.1,2025-06-10,24,164.92996868276668,28.460498941515414,136.46946974125126,44.02919138661346,2.846049894151541
DE-LU,independent_2025,ridge_alpha_0.1,2025-06-11,24,377.37862384509833,28.486832980505135,348.8917908645932,22.05588784661063,2.8486832980505135
DE-LU,independent_2025,ridge_alpha_0.1,2025-06-12,24,293.34273911912817,27.973665961010273,265.36907315811794,11.885459111978264,2.7973665961010274
DE-LU,independent_2025,ridge_alpha_0.1,2025-06-13,24,212.60312378836286,28.973665961010276,183.62945782735258,27.51040715054458,2.8973665961010275
DE-LU,independent_2025,ridge_alpha_0.1,2025-06-14,24,233.48448958957917,28.486832980505135,204.99765660907403,43.46644449511925,2.8486832980505135
DE-LU,independent_2025,ridge_alpha_0.1,2025-06-15,24,213.30762809521627,28.973665961010276,184.333962134206,23.78198387453682,2.8973665961010275
DE-LU,independent_2025,ridge_alpha_0.1,2025-06-16,24,346.865029956435,27.973665961010273,318.89136399542474,24.854939722874292,2.7973665961010274
DE-LU,independent_2025,ridge_alpha_0.1,2025-06-17,24,454.16384215174185,27.973665961010273,426.19017619073156,4.183832783786443,2.7973665961010274
DE-LU,independent_2025,ridge_alpha_0.1,2025-06-18,24,285.718207584965,28.460498941515414,257.2577086434496,7.980707044736221,2.846049894151541
DE-LU,independent_2025,ridge_alpha_0.1,2025-06-19,24,382.5321288646834,28.460498941515414,354.07162992316796,11.184990516330629,2.846049894151541
DE-LU,independent_2025,ridge_alpha_0.1,2025-06-20,24,335.5088719907011,28.460498941515414,307.04837304918567,13.150149363107062,2.846049894151541
DE-LU,independent_2025,ridge_alpha_0.1,2025-06-21,24,349.3762991822874,28.460498941515414,320.915800240772,0.4713625102358492,2.846049894151541
DE-LU,independent_2025,ridge_alpha_0.1,2025-06-22,24,425.8831402422245,28.460498941515414,397.4226413007091,4.412223680151612,2.846049894151541
DE-LU,independent_2025,ridge_alpha_0.1,2025-06-23,24,197.38381871946456,28.460498941515414,168.92331977794913,68.65213637649316,2.846049894151541
DE-LU,independent_2025,ridge_alpha_0.1,2025-06-24,24,247.70251304017216,28.460498941515414,219.24201409865674,24.40730706823132,2.846049894151541
DE-LU,independent_2025,ridge_alpha_0.1,2025-06-25,24,365.71761185414607,28.460498941515414,337.25711291263065,51.71463533528288,2.846049894151541
DE-LU,independent_2025,ridge_alpha_0.1,2025-06-26,24,82.73302001866796,27.973665961010273,54.759354057657674,38.02652750604797,2.7973665961010274
DE-LU,independent_2025,ridge_alpha_0.1,2025-06-27,24,191.29924533010586,27.973665961010273,163.32557936909558,45.600483897818435,2.7973665961010274
DE-LU,independent_2025,ridge_alpha_0.1,2025-06-28,24,207.90756793775586,27.973665961010273,179.93390197674557,13.645920642011163,2.7973665961010274
DE-LU,independent_2025,ridge_alpha_0.1,2025-06-29,24,239.8437657340147,27.973665961010273,211.87009977300443,17.14005231220608,2.7973665961010274
DE-LU,independent_2025,ridge_alpha_0.1,2025-06-30,24,413.506408247449,27.973665961010273,385.5327422864387,39.018411731143544,2.7973665961010274
DE-LU,independent_2025,ridge_alpha_0.1,2025-07-01,24,628.4793556208347,27.973665961010273,600.5056896598243,80.81927321843114,2.7973665961010274
DE-LU,independent_2025,ridge_alpha_0.1,2025-07-02,24,313.3332763896931,28.460498941515414,284.87277744817766,21.76198760858847,2.846049894151541
DE-LU,independent_2025,ridge_alpha_0.1,2025-07-03,24,188.29803765778144,28.460498941515414,159.83753871626595,33.316963226224686,2.846049894151541
DE-LU,independent_2025,ridge_alpha_0.1,2025-07-04,24,258.6787459231456,28.460498941515414,230.21824698163013,14.124860518004681,2.846049894151541
DE-LU,independent_2025,ridge_alpha_0.1,2025-07-05,24,189.47586156725126,37.46049894151541,152.01536262573586,49.10564886730535,3.7460498941515414
DE-LU,independent_2025,ridge_alpha_0.1,2025-07-06,24,171.4097805962382,28.460498941515414,142.94928165472277,29.64595458608568,2.846049894151541
DE-LU,independent_2025,ridge_alpha_0.1,2025-07-07,24,73.10238614537268,28.460498941515414,44.641887203857266,99.05349474508924,2.846049894151541
DE-LU,independent_2025,ridge_alpha_0.1,2025-07-08,24,104.08494838325117,28.460498941515414,75.62444944173578,34.814020149466714,2.846049894151541
DE-LU,independent_2025,ridge_alpha_0.1,2025-07-09,24,166.14205057134663,28.460498941515414,137.68155162983123,13.376995295677489,2.846049894151541
DE-LU,independent_2025,ridge_alpha_0.1,2025-07-10,24,156.49290594908638,27.973665961010273,128.5192399880761,2.319547223630593,2.7973665961010274
DE-LU,independent_2025,ridge_alpha_0.1,2025-07-11,24,139.35732227914457,19.486832980505138,119.87048929863943,0.37335751596137357,1.9486832980505138
DE-LU,independent_2025,ridge_alpha_0.1,2025-07-12,24,199.30934216904294,19.486832980505138,179.8225091885378,26.25513658944496,1.9486832980505138
DE-LU,independent_2025,ridge_alpha_0.1,2025-07-13,24,212.00334820658344,19.486832980505138,192.5165152260783,19.087294404088766,1.9486832980505138
DE-LU,independent_2025,ridge_alpha_0.1,2025-07-14,24,122.56172584672753,18.973665961010276,103.58805988571724,11.467511086574675,1.8973665961010275
DE-LU,independent_2025,ridge_alpha_0.1,2025-07-15,24,147.4760112669802,18.973665961010276,128.50234530596992,10.740589705453203,1.8973665961010275
DE-LU,independent_2025,ridge_alpha_0.1,2025-07-16,24,69.27253007415129,18.973665961010276,50.29886411314101,22.968647517854308,1.8973665961010275
DE-LU,independent_2025,ridge_alpha_0.1,2025-07-17,24,101.72326534778603,18.973665961010276,82.74959938677574,17.746499128088516,1.8973665961010275
DE-LU,independent_2025,ridge_alpha_0.1,2025-07-18,24,86.56751530521437,18.973665961010276,67.59384934420409,18.526167084373597,1.8973665961010275
DE-LU,independent_2025,ridge_alpha_0.1,2025-07-19,24,202.5330955746026,18.973665961010276,183.55942961359233,8.151004423474973,1.8973665961010275
DE-LU,independent_2025,ridge_alpha_0.1,2025-07-20,24,186.53658064143974,19.486832980505138,167.0497476609346,20.51494036365196,1.9486832980505138
DE-LU,independent_2025,ridge_alpha_0.1,2025-07-21,24,13.94675008008383,18.973665961010276,-5.0269158809264525,71.20469832041496,1.8973665961010275
DE-LU,independent_2025,ridge_alpha_0.1,2025-07-22,24,200.00661578897476,18.973665961010276,181.03294982796447,13.982519445866131,1.8973665961010275
DE-LU,independent_2025,ridge_alpha_0.1,2025-07-23,24,153.43047928168286,18.973665961010276,134.45681332067258,2.7034500967173756,1.8973665961010275
DE-LU,independent_2025,ridge_alpha_0.1,2025-07-24,24,72.97662373365645,18.973665961010276,54.00295777264617,24.94579510061409,1.8973665961010275
DE-LU,independent_2025,ridge_alpha_0.1,2025-07-25,24,58.14458054924788,18.973665961010276,39.17091458823759,0.4132671078954786,1.8973665961010275
DE-LU,independent_2025,ridge_alpha_0.1,2025-07-26,24,105.0149968336773,27.973665961010273,77.04133087266702,18.669963957218485,2.7973665961010274
DE-LU,independent_2025,ridge_alpha_0.1,2025-07-27,24,155.68842001541066,18.973665961010276,136.71475405440037,26.643659064694248,1.8973665961010275
DE-LU,independent_2025,ridge_alpha_0.1,2025-07-28,24,69.29515361925898,18.973665961010276,50.3214876582487,25.965967143778983,1.8973665961010275
DE-LU,independent_2025,ridge_alpha_0.1,2025-07-29,24,217.10648503733458,18.973665961010276,198.1328190763243,0.6716849993151754,1.8973665961010275
DE-LU,independent_2025,ridge_alpha_0.1,2025-07-30,24,164.51861983634,18.973665961010276,145.54495387532972,3.11118814329069,1.8973665961010275
DE-LU,independent_2025,ridge_alpha_0.1,2025-07-31,24,124.92673771093929,18.973665961010276,105.95307174992901,6.188194272088566,1.8973665961010275
DE-LU,independent_2025,ridge_alpha_0.1,2025-08-01,24,101.79834881089018,18.973665961010276,82.82468284987989,11.561417937048418,1.8973665961010275
DE-LU,independent_2025,ridge_alpha_0.1,2025-08-02,24,183.2097185195152,18.973665961010276,164.23605255850492,19.770559931372702,1.8973665961010275
DE-LU,independent_2025,ridge_alpha_0.1,2025-08-03,24,136.2486373609412,18.973665961010276,117.27497139993092,57.84122068213982,1.8973665961010275
DE-LU,independent_2025,ridge_alpha_0.1,2025-08-04,24,144.74190739281187,18.973665961010276,125.76824143180158,61.15867788198426,1.8973665961010275
DE-LU,independent_2025,ridge_alpha_0.1,2025-08-05,24,128.17189715889867,18.973665961010276,109.19823119788838,145.81680275013753,1.8973665961010275
DE-LU,independent_2025,ridge_alpha_0.1,2025-08-06,24,253.76794640009774,19.486832980505138,234.2811134195926,85.23926114735508,1.9486832980505138
DE-LU,independent_2025,ridge_alpha_0.1,2025-08-07,24,223.86973112382515,19.486832980505138,204.38289814332,20.74904581843191,1.9486832980505138
DE-LU,independent_2025,ridge_alpha_0.1,2025-08-08,24,261.2908272784383,28.973665961010276,232.3171613174281,11.732337421227726,2.8973665961010275
DE-LU,independent_2025,ridge_alpha_0.1,2025-08-09,24,247.28326437543262,27.973665961010273,219.30959841442234,14.54969574320728,2.7973665961010274
DE-LU,independent_2025,ridge_alpha_0.1,2025-08-10,24,316.60694782353187,28.460498941515414,288.14644888201644,5.967089444870339,2.846049894151541
DE-LU,independent_2025,ridge_alpha_0.1,2025-08-11,24,335.4303262463324,27.973665961010273,307.45666028532213,42.37926598450548,2.7973665961010274
DE-LU,independent_2025,ridge_alpha_0.1,2025-08-12,24,269.95227524606526,27.973665961010273,241.97860928505494,8.32750295235627,2.7973665961010274
DE-LU,independent_2025,ridge_alpha_0.1,2025-08-13,24,293.96957899594946,37.94733192202055,256.0222470739289,34.79987659679779,3.794733192202055
DE-LU,independent_2025,ridge_alpha_0.1,2025-08-14,24,311.88524098264315,28.460498941515414,283.42474204112773,72.65799089342818,2.846049894151541
DE-LU,independent_2025,ridge_alpha_0.1,2025-08-15,24,221.39471542722907,28.460498941515414,192.93421648571365,2.551939006084467,2.846049894151541
DE-LU,independent_2025,ridge_alpha_0.1,2025-08-16,24,179.0723095450238,28.460498941515414,150.6118106035084,18.96743710812774,2.846049894151541
DE-LU,independent_2025,ridge_alpha_0.1,2025-08-17,24,188.6239768929973,28.460498941515414,160.16347795148187,14.641598317184389,2.846049894151541
DE-LU,independent_2025,ridge_alpha_0.1,2025-08-18,24,333.75752312502436,28.460498941515414,305.29702418350894,26.149999644128116,2.846049894151541
DE-LU,independent_2025,ridge_alpha_0.1,2025-08-19,24,212.6105297202551,28.460498941515414,184.15003077873968,4.006758870271625,2.846049894151541
DE-LU,independent_2025,ridge_alpha_0.1,2025-08-20,24,167.34136204177383,28.973665961010276,138.36769608076358,3.9939008321832716,2.8973665961010275
DE-LU,independent_2025,ridge_alpha_0.1,2025-08-21,24,85.76492169235247,28.460498941515414,57.30442275083705,17.7523167587117,2.846049894151541
DE-LU,independent_2025,ridge_alpha_0.1,2025-08-22,24,204.79112944266487,28.460498941515414,176.33063050114947,18.75146539181287,2.846049894151541
DE-LU,independent_2025,ridge_alpha_0.1,2025-08-23,24,194.72819553527486,28.973665961010276,165.75452957426458,22.760642396839472,2.8973665961010275
DE-LU,independent_2025,ridge_alpha_0.1,2025-08-24,24,193.90801867119262,37.94733192202055,155.9606867491721,46.76256294962229,3.794733192202055
DE-LU,independent_2025,ridge_alpha_0.1,2025-08-25,24,368.94896362454796,28.460498941515414,340.48846468303253,13.051348115432859,2.846049894151541
DE-LU,independent_2025,ridge_alpha_0.1,2025-08-26,24,301.4986115357864,28.460498941515414,273.03811259427096,10.485634228179322,2.846049894151541
DE-LU,independent_2025,ridge_alpha_0.1,2025-08-27,24,308.5672736624366,28.486832980505135,280.08044068193146,10.91917707593933,2.8486832980505135
DE-LU,independent_2025,ridge_alpha_0.1,2025-08-28,24,146.28668590662951,28.460498941515414,117.82618696511409,74.08739761521244,2.846049894151541
DE-LU,independent_2025,ridge_alpha_0.1,2025-08-29,24,153.61829382714856,28.973665961010276,124.64462786613828,22.286063230496552,2.8973665961010275
DE-LU,independent_2025,ridge_alpha_0.1,2025-08-30,24,240.2624012558707,37.94733192202055,202.31506933385015,10.703759095344765,3.794733192202055
DE-LU,independent_2025,ridge_alpha_0.1,2025-08-31,24,209.91385272030124,37.94733192202055,171.96652079828073,43.684724083654544,3.794733192202055
DE-LU,independent_2025,ridge_alpha_0.1,2025-09-01,24,378.0814951008542,28.973665961010276,349.10782913984394,27.3415819200315,2.8973665961010275
DE-LU,independent_2025,ridge_alpha_0.1,2025-09-02,24,427.5975723773569,28.973665961010276,398.62390641634664,39.35375115378696,2.8973665961010275
DE-LU,independent_2025,ridge_alpha_0.1,2025-09-03,24,264.85705190352337,37.94733192202055,226.9097199815028,5.78487856371828,3.794733192202055
DE-LU,independent_2025,ridge_alpha_0.1,2025-09-04,24,583.9373362023617,37.94733192202055,545.9900042803412,46.201813094611566,3.794733192202055
DE-LU,independent_2025,ridge_alpha_0.1,2025-09-05,24,181.3077388738172,37.94733192202055,143.36040695179662,6.388293591983199,3.794733192202055
DE-LU,independent_2025,ridge_alpha_0.1,2025-09-06,24,284.97637805261786,37.94733192202055,247.0290461305973,19.718156992392665,3.794733192202055
DE-LU,independent_2025,ridge_alpha_0.1,2025-09-07,24,255.06675351393108,37.94733192202055,217.11942159191057,59.68203131005117,3.794733192202055
DE-LU,independent_2025,ridge_alpha_0.1,2025-09-08,24,594.5771539445336,37.94733192202055,556.629822022513,19.06583989705905,3.794733192202055
DE-LU,independent_2025,ridge_alpha_0.1,2025-09-09,24,618.9789265556143,37.94733192202055,581.0315946335937,25.68354236530797,3.794733192202055
DE-LU,independent_2025,ridge_alpha_0.1,2025-09-10,24,382.9987915236329,37.94733192202055,345.05145960161235,36.943843871375634,3.794733192202055
DE-LU,independent_2025,ridge_alpha_0.1,2025-09-11,24,321.71515596624056,37.94733192202055,283.76782404422,14.697825352207417,3.794733192202055
DE-LU,independent_2025,ridge_alpha_0.1,2025-09-12,24,374.570147064504,37.94733192202055,336.62281514248343,10.372018705741311,3.794733192202055
DE-LU,independent_2025,ridge_alpha_0.1,2025-09-13,24,203.35422818161442,37.94733192202055,165.4068962595939,23.641043409481767,3.794733192202055
DE-LU,independent_2025,ridge_alpha_0.1,2025-09-14,24,352.7148732448899,37.94733192202055,314.7675413228693,16.322226904224294,3.794733192202055
DE-LU,independent_2025,ridge_alpha_0.1,2025-09-15,24,197.54594808414151,37.94733192202055,159.598616162121,27.550822560018787,3.794733192202055
DE-LU,independent_2025,ridge_alpha_0.1,2025-09-16,24,186.9688685953539,37.94733192202055,149.02153667333334,13.476794889744895,3.794733192202055
DE-LU,independent_2025,ridge_alpha_0.1,2025-09-17,24,322.82242539791616,37.94733192202055,284.8750934758956,4.13641294782019,3.794733192202055
DE-LU,independent_2025,ridge_alpha_0.1,2025-09-18,24,332.4572374989486,37.94733192202055,294.509905576928,1.0200728358068432,3.794733192202055
DE-LU,independent_2025,ridge_alpha_0.1,2025-09-19,24,646.9519411532767,37.94733192202055,609.0046092312562,81.30549885020469,3.794733192202055
DE-LU,independent_2025,ridge_alpha_0.1,2025-09-20,24,263.6895391856623,37.94733192202055,225.74220726364175,40.84103186461758,3.794733192202055
DE-LU,independent_2025,ridge_alpha_0.1,2025-09-21,24,133.6856230036505,37.94733192202055,95.73829108162994,17.70013296387164,3.794733192202055
DE-LU,independent_2025,ridge_alpha_0.1,2025-09-22,24,160.78471939956992,37.94733192202055,122.83738747754936,15.269974809588916,3.794733192202055
DE-LU,independent_2025,ridge_alpha_0.1,2025-09-23,24,210.92490203251995,37.94733192202055,172.9775701104994,40.86765445365833,3.794733192202055
DE-LU,independent_2025,ridge_alpha_0.1,2025-09-24,24,248.00158203344904,37.94733192202055,210.05425011142847,17.842749910785102,3.794733192202055
DE-LU,independent_2025,ridge_alpha_0.1,2025-09-25,24,264.68476254745417,37.94733192202055,226.73743062543363,6.595110490624734,3.794733192202055
DE-LU,independent_2025,ridge_alpha_0.1,2025-09-26,24,146.06097674196064,37.94733192202055,108.1136448199401,0.4361678630252186,3.794733192202055
DE-LU,independent_2025,ridge_alpha_0.1,2025-09-27,24,188.5764930205163,37.94733192202055,150.62916109849573,0.5767770883544472,3.794733192202055
DE-LU,independent_2025,ridge_alpha_0.1,2025-09-28,24,228.55306670997248,37.94733192202055,190.60573478795192,12.183769329257984,3.794733192202055
DE-LU,independent_2025,ridge_alpha_0.1,2025-09-29,24,689.0670721887279,37.94733192202055,651.1197402667074,4.200199051435561,3.794733192202055
DE-LU,independent_2025,ridge_alpha_0.1,2025-09-30,24,672.6470148730898,37.94733192202055,634.6996829510692,0.02704627669470483,3.794733192202055
DE-LU,independent_2025,rf_depth_6_leaf_5,2025-01-09,24,49.78339313695099,28.460498941515414,21.32289419543558,70.51226052993913,2.846049894151541
DE-LU,independent_2025,rf_depth_6_leaf_5,2025-01-10,24,78.6747178990823,18.973665961010276,59.70105193807201,21.402202275508202,1.8973665961010275
DE-LU,independent_2025,rf_depth_6_leaf_5,2025-01-11,24,31.697347403689093,27.973665961010276,3.72368144267881,9.942323168357149,2.7973665961010274
DE-LU,independent_2025,rf_depth_6_leaf_5,2025-01-12,24,36.876227666642876,37.973665961010276,-1.0974382943674073,48.18219656543178,3.7973665961010274
DE-LU,independent_2025,rf_depth_6_leaf_5,2025-01-13,24,146.67666358452618,20.0,126.67666358452615,71.96807736973588,2.0
DE-LU,independent_2025,rf_depth_6_leaf_5,2025-01-14,24,111.11639629208672,19.486832980505138,91.62956331158158,63.275481505101155,1.9486832980505138
DE-LU,independent_2025,rf_depth_6_leaf_5,2025-01-15,24,343.7278627291414,45.97366596101027,297.7541967681311,115.45198009781984,4.597366596101027
DE-LU,independent_2025,rf_depth_6_leaf_5,2025-01-16,24,181.75557828222992,37.46049894151541,144.2950793407145,2.3649769650580197,3.7460498941515414
DE-LU,independent_2025,rf_depth_6_leaf_5,2025-01-17,24,-12.726048807285872,18.973665961010276,-31.699714768296154,179.35133540966646,1.8973665961010275
DE-LU,independent_2025,rf_depth_6_leaf_5,2025-01-18,24,55.33459625598954,18.973665961010276,36.360930294979255,12.438213596287085,1.8973665961010275
DE-LU,independent_2025,rf_depth_6_leaf_5,2025-01-19,24,8.963485315218463,18.486832980505135,-9.52334766528665,46.509817967245084,1.8486832980505137
DE-LU,independent_2025,rf_depth_6_leaf_5,2025-01-20,24,658.7590315590999,18.973665961010276,639.7853655980896,389.5676167401025,1.8973665961010275
DE-LU,independent_2025,rf_depth_6_leaf_5,2025-01-21,24,186.13159754966622,18.486832980505135,167.64476456916108,200.91664982633577,1.8486832980505137
DE-LU,independent_2025,rf_depth_6_leaf_5,2025-01-22,24,127.46631623551662,37.94733192202055,89.51898431349605,82.34280501616774,3.794733192202055
DE-LU,independent_2025,rf_depth_6_leaf_5,2025-01-23,24,101.8537602805431,28.973665961010276,72.88009431953282,47.697164955229596,2.8973665961010275
DE-LU,independent_2025,rf_depth_6_leaf_5,2025-01-24,24,70.216111147582,18.486832980505135,51.729278167076856,29.866285626075793,1.8486832980505137
DE-LU,independent_2025,rf_depth_6_leaf_5,2025-01-25,24,-42.88788892941807,18.973665961010276,-61.86155489042835,135.0733871034153,1.8973665961010275
DE-LU,independent_2025,rf_depth_6_leaf_5,2025-01-26,24,58.96663293647832,27.486832980505135,31.479799955973178,86.00061829735235,2.748683298050514
DE-LU,independent_2025,rf_depth_6_leaf_5,2025-01-27,24,144.88556643628036,36.973665961010276,107.9119004752701,57.456965157608636,3.6973665961010274
DE-LU,independent_2025,rf_depth_6_leaf_5,2025-01-28,24,99.25880048213165,36.973665961010276,62.285134521121364,80.253304618752,3.6973665961010274
DE-LU,independent_2025,rf_depth_6_leaf_5,2025-01-29,24,160.43609967873,37.94733192202055,122.48876775670948,28.048318782394233,3.794733192202055
DE-LU,independent_2025,rf_depth_6_leaf_5,2025-01-30,24,130.39591756085855,28.973665961010276,101.42225159984827,29.747313824590805,2.8973665961010275
DE-LU,independent_2025,rf_depth_6_leaf_5,2025-01-31,24,136.4288210615068,47.43416490252569,88.99465615898112,17.8935523780994,4.743416490252569
DE-LU,independent_2025,rf_depth_6_leaf_5,2025-02-01,24,84.07324803004923,37.486832980505135,46.58641504954409,26.698283468577472,3.7486832980505134
DE-LU,independent_2025,rf_depth_6_leaf_5,2025-02-02,24,38.678019681058174,47.434164902525694,-8.756145221467534,59.191239256094605,4.743416490252569
DE-LU,independent_2025,rf_depth_6_leaf_5,2025-02-03,24,294.69040301795576,37.94733192202055,256.7430710959352,15.232025640557424,3.794733192202055
DE-LU,independent_2025,rf_depth_6_leaf_5,2025-02-04,24,171.10888829368648,28.460498941515414,142.64838935217105,30.03049929738731,2.846049894151541
DE-LU,independent_2025,rf_depth_6_leaf_5,2025-02-05,24,171.4689690944129,37.46049894151541,134.00847015289747,14.955760539070212,3.746049894151541
DE-LU,independent_2025,rf_depth_6_leaf_5,2025-02-06,24,103.21685091872831,28.460498941515414,74.75635197721289,34.12543369649403,2.846049894151541
DE-LU,independent_2025,rf_depth_6_leaf_5,2025-02-07,24,85.99491475753638,28.460498941515414,57.53441581602095,39.173709801388384,2.846049894151541
DE-LU,independent_2025,rf_depth_6_leaf_5,2025-02-08,24,69.98373028846474,28.460498941515414,41.52323134694933,53.242864323022374,2.846049894151541
DE-LU,independent_2025,rf_depth_6_leaf_5,2025-02-09,24,68.21261736053538,28.460498941515414,39.75211841901995,22.82079708777235,2.846049894151541
DE-LU,independent_2025,rf_depth_6_leaf_5,2025-02-10,24,139.35940839552205,37.94733192202055,101.41207647350149,15.685835997766901,3.794733192202055
DE-LU,independent_2025,rf_depth_6_leaf_5,2025-02-11,24,116.81501432076635,27.486832980505135,89.32818134026121,62.73729209347118,2.748683298050514
DE-LU,independent_2025,rf_depth_6_leaf_5,2025-02-12,24,60.94094489560524,18.0,42.94094489560524,47.73078055675029,1.7999999999999998
DE-LU,independent_2025,rf_depth_6_leaf_5,2025-02-13,24,84.02317355889772,20.0,64.02317355889772,70.31626403787635,2.0
DE-LU,independent_2025,rf_depth_6_leaf_5,2025-02-14,24,141.49023421613796,9.486832980505138,132.00340123563282,263.1232347230464,0.9486832980505138
DE-LU,independent_2025,rf_depth_6_leaf_5,2025-02-15,24,100.62914501663204,37.46049894151541,63.16864607511661,14.341292598404124,3.7460498941515414
DE-LU,independent_2025,rf_depth_6_leaf_5,2025-02-16,24,32.39361299283473,37.94733192202055,-5.553718929185777,36.33448518441975,3.794733192202055
DE-LU,independent_2025,rf_depth_6_leaf_5,2025-02-17,24,186.7192279555535,28.460498941515414,158.25872901403807,175.9985004247286,2.846049894151541
DE-LU,independent_2025,rf_depth_6_leaf_5,2025-02-18,24,42.00812779114063,9.486832980505138,32.52129481063549,189.55640976422313,0.9486832980505138
DE-LU,independent_2025,rf_depth_6_leaf_5,2025-02-19,24,51.57879437060811,18.973665961010276,32.605128409597825,123.85435083457284,1.8973665961010275
DE-LU,independent_2025,rf_depth_6_leaf_5,2025-02-20,24,0.0,0.0,0.0,59.10086308204967,0.0
DE-LU,independent_2025,rf_depth_6_leaf_5,2025-02-21,24,97.86806078403418,27.486832980505135,70.38122780352901,60.54211169200275,2.748683298050514
DE-LU,independent_2025,rf_depth_6_leaf_5,2025-02-22,24,86.4105116492575,37.46049894151541,48.950012707742104,29.620025529008615,3.746049894151541
DE-LU,independent_2025,rf_depth_6_leaf_5,2025-02-23,24,161.05397173754065,37.94733192202055,123.10663981552003,38.24411815742252,3.794733192202055
DE-LU,independent_2025,rf_depth_6_leaf_5,2025-02-24,24,96.78461856092554,37.94733192202055,58.83728663890497,64.28668016825218,3.794733192202055
DE-LU,independent_2025,rf_depth_6_leaf_5,2025-02-25,24,214.26528517889304,37.94733192202055,176.31795325687247,47.657776433372845,3.794733192202055
DE-LU,independent_2025,rf_depth_6_leaf_5,2025-02-26,24,143.55857342785856,37.94733192202055,105.611241505838,0.9440940153771749,3.794733192202055
DE-LU,independent_2025,rf_depth_6_leaf_5,2025-02-27,24,136.2130856591025,28.973665961010276,107.2394196980922,22.76575841908405,2.8973665961010275
DE-LU,independent_2025,rf_depth_6_leaf_5,2025-02-28,24,100.41699889893039,28.973665961010276,71.4433329379201,21.9090302292729,2.8973665961010275
DE-LU,independent_2025,rf_depth_6_leaf_5,2025-03-01,24,77.98980466128349,37.94733192202055,40.04247273926296,28.12010919694808,3.794733192202055
DE-LU,independent_2025,rf_depth_6_leaf_5,2025-03-02,24,175.85166821371735,47.43416490252569,128.41750331119175,107.00164136980632,4.743416490252569
DE-LU,independent_2025,rf_depth_6_leaf_5,2025-03-03,24,371.3568005956561,37.94733192202055,333.40946867363556,30.33608397198833,3.794733192202055
DE-LU,independent_2025,rf_depth_6_leaf_5,2025-03-04,24,356.6064451530109,37.46049894151541,319.14594621149547,8.672896106581618,3.746049894151541
DE-LU,independent_2025,rf_depth_6_leaf_5,2025-03-05,24,209.08159447663013,37.46049894151541,171.6210955351147,132.4805537112639,3.7460498941515414
DE-LU,independent_2025,rf_depth_6_leaf_5,2025-03-06,24,352.10383798887653,37.46049894151541,314.6433390473611,37.249020262991166,3.7460498941515414
DE-LU,independent_2025,rf_depth_6_leaf_5,2025-03-07,24,324.18688735884524,36.97366596101027,287.21322139783496,83.52936908917997,3.6973665961010274
DE-LU,independent_2025,rf_depth_6_leaf_5,2025-03-08,24,305.209215682659,37.94733192202055,267.26188376063845,27.35122755920588,3.794733192202055
DE-LU,independent_2025,rf_depth_6_leaf_5,2025-03-09,24,225.94168463220288,37.46049894151541,188.48118569068745,28.900787491566433,3.7460498941515414
DE-LU,independent_2025,rf_depth_6_leaf_5,2025-03-10,24,231.14775900502175,37.94733192202055,193.20042708300116,15.264896819313236,3.794733192202055
DE-LU,independent_2025,rf_depth_6_leaf_5,2025-03-11,24,218.71737162174674,37.46049894151541,181.2568726802313,10.392157330002277,3.7460498941515414
DE-LU,independent_2025,rf_depth_6_leaf_5,2025-03-12,24,217.6292261001817,37.46049894151541,180.1687271586663,9.880856559867766,3.7460498941515414
DE-LU,independent_2025,rf_depth_6_leaf_5,2025-03-13,24,117.34993886108174,37.46049894151541,79.88943991956631,58.32316360983688,3.7460498941515414
DE-LU,independent_2025,rf_depth_6_leaf_5,2025-03-14,24,125.5686652310043,37.46049894151541,88.10816628948888,17.68605525543134,3.7460498941515414
DE-LU,independent_2025,rf_depth_6_leaf_5,2025-03-15,24,127.47799925173187,37.94733192202055,89.5306673297113,28.648562799573554,3.794733192202055
DE-LU,independent_2025,rf_depth_6_leaf_5,2025-03-16,24,244.78712676301285,37.46049894151541,207.32662782149742,20.379064626564116,3.7460498941515414
DE-LU,independent_2025,rf_depth_6_leaf_5,2025-03-17,24,350.00672723665434,37.94733192202055,312.0593953146338,7.864676213185589,3.794733192202055
DE-LU,independent_2025,rf_depth_6_leaf_5,2025-03-18,24,344.0415050002282,37.94733192202055,306.09417307820763,36.74910336923551,3.794733192202055
DE-LU,independent_2025,rf_depth_6_leaf_5,2025-03-19,24,457.4623735551063,37.46049894151541,420.001874613591,54.7826641826386,3.7460498941515414
DE-LU,independent_2025,rf_depth_6_leaf_5,2025-03-20,24,545.8580634350645,37.94733192202055,507.91073151304397,2.4688162619222,3.794733192202055
DE-LU,independent_2025,rf_depth_6_leaf_5,2025-03-21,24,344.37885480272183,37.94733192202055,306.43152288070127,22.567308530218895,3.794733192202055
DE-LU,independent_2025,rf_depth_6_leaf_5,2025-03-22,24,116.40570187398089,37.94733192202055,78.45836995196035,17.69075424097352,3.794733192202055
DE-LU,independent_2025,rf_depth_6_leaf_5,2025-03-23,24,147.58230660179854,37.94733192202055,109.634974679778,17.84602535970987,3.794733192202055
DE-LU,independent_2025,rf_depth_6_leaf_5,2025-03-24,24,231.58904211975644,37.94733192202055,193.64171019773588,23.565666372656494,3.794733192202055
DE-LU,independent_2025,rf_depth_6_leaf_5,2025-03-25,24,184.07837625203274,37.94733192202055,146.13104433001217,30.929109890429686,3.794733192202055
DE-LU,independent_2025,rf_depth_6_leaf_5,2025-03-26,24,164.51887916588896,37.94733192202055,126.57154724386841,13.463986992160343,3.794733192202055
DE-LU,independent_2025,rf_depth_6_leaf_5,2025-03-27,24,318.4465939361608,37.94733192202055,280.4992620141403,6.302241110478349,3.794733192202055
DE-LU,independent_2025,rf_depth_6_leaf_5,2025-03-28,24,350.52749356790054,37.94733192202055,312.58016164587997,2.5585291546087205,3.794733192202055
DE-LU,independent_2025,rf_depth_6_leaf_5,2025-03-29,24,222.40009427478515,28.973665961010276,193.42642831377486,88.47459926112992,2.8973665961010275
DE-LU,independent_2025,rf_depth_6_leaf_5,2025-03-30,23,96.87243454808754,38.46049894151541,58.4119356065721,78.92259276324411,3.8460498941515415
DE-LU,independent_2025,rf_depth_6_leaf_5,2025-03-31,24,260.29502705170984,37.94733192202055,222.34769512968927,55.25032174289379,3.794733192202055
DE-LU,independent_2025,rf_depth_6_leaf_5,2025-04-01,24,345.34990190270906,37.94733192202055,307.4025699806885,50.75230948727375,3.794733192202055
DE-LU,independent_2025,rf_depth_6_leaf_5,2025-04-02,24,358.7057378274272,37.94733192202055,320.7584059054067,26.997437444749607,3.794733192202055
DE-LU,independent_2025,rf_depth_6_leaf_5,2025-04-03,24,393.0665732087126,37.94733192202055,355.11924128669204,25.68462028253498,3.794733192202055
DE-LU,independent_2025,rf_depth_6_leaf_5,2025-04-04,24,396.9523009463483,37.94733192202055,359.00496902432775,19.197315426535,3.794733192202055
DE-LU,independent_2025,rf_depth_6_leaf_5,2025-04-05,24,286.52001325611417,46.46049894151541,240.05951431459874,50.29726549585911,4.646049894151542
DE-LU,independent_2025,rf_depth_6_leaf_5,2025-04-06,24,314.4975133645658,47.94733192202055,266.5501814425453,152.57058572197877,4.794733192202055
DE-LU,independent_2025,rf_depth_6_leaf_5,2025-04-07,24,407.9738013296135,37.94733192202055,370.0264694075929,8.913522763225501,3.794733192202055
DE-LU,independent_2025,rf_depth_6_leaf_5,2025-04-08,24,384.42603951611665,37.94733192202055,346.47870759409614,14.77130939201146,3.794733192202055
DE-LU,independent_2025,rf_depth_6_leaf_5,2025-04-09,24,322.11356602660976,37.94733192202055,284.1662341045892,22.195352689944514,3.794733192202055
DE-LU,independent_2025,rf_depth_6_leaf_5,2025-04-10,24,373.97849797212547,37.94733192202055,336.03116605010496,1.3487187223748265,3.794733192202055
DE-LU,independent_2025,rf_depth_6_leaf_5,2025-04-11,24,301.305501100936,37.46049894151541,263.8450021594206,4.684170711976094,3.7460498941515414
DE-LU,independent_2025,rf_depth_6_leaf_5,2025-04-12,24,326.7383810901175,37.94733192202055,288.79104916809695,58.731439768529754,3.794733192202055
DE-LU,independent_2025,rf_depth_6_leaf_5,2025-04-13,24,181.0420291099411,45.97366596101027,135.0683631489308,68.78160924556707,4.597366596101027
DE-LU,independent_2025,rf_depth_6_leaf_5,2025-04-14,24,273.6427234123865,37.94733192202055,235.69539149036592,15.535999849951253,3.794733192202055
DE-LU,independent_2025,rf_depth_6_leaf_5,2025-04-15,24,257.3167941475107,37.46049894151541,219.85629520599525,21.94623425266238,3.7460498941515414
DE-LU,independent_2025,rf_depth_6_leaf_5,2025-04-16,24,270.4284708676048,37.94733192202055,232.4811389455843,0.7653807658307414,3.794733192202055
DE-LU,independent_2025,rf_depth_6_leaf_5,2025-04-17,24,105.3942142349822,37.94733192202055,67.44688231296163,23.507967799748457,3.794733192202055
DE-LU,independent_2025,rf_depth_6_leaf_5,2025-04-18,24,75.20530958056027,37.94733192202055,37.25797765853973,19.764616404468427,3.794733192202055
DE-LU,independent_2025,rf_depth_6_leaf_5,2025-04-19,24,226.25710554286007,38.46049894151541,187.79660660134465,37.43572144359729,3.846049894151541
DE-LU,independent_2025,rf_depth_6_leaf_5,2025-04-20,24,272.08383673468774,28.460498941515414,243.6233377931723,79.44024675260562,2.846049894151541
DE-LU,independent_2025,rf_depth_6_leaf_5,2025-04-21,24,183.01589879018502,37.94733192202055,145.06856686816445,56.25393042676592,3.794733192202055
DE-LU,independent_2025,rf_depth_6_leaf_5,2025-04-22,24,325.9974561564179,37.46049894151541,288.5369572149025,39.74017723317024,3.7460498941515414
DE-LU,independent_2025,rf_depth_6_leaf_5,2025-04-23,24,157.23870590407176,27.973665961010276,129.26503994306148,21.39768009322782,2.7973665961010274
DE-LU,independent_2025,rf_depth_6_leaf_5,2025-04-24,24,90.72276070836897,37.46049894151541,53.26226176685354,4.881231233424899,3.7460498941515414
DE-LU,independent_2025,rf_depth_6_leaf_5,2025-04-25,24,153.1385814120282,37.46049894151541,115.6780824705128,7.818763668868542,3.7460498941515414
DE-LU,independent_2025,rf_depth_6_leaf_5,2025-04-26,24,228.1423614638458,27.973665961010276,200.1686955028355,12.968500684350516,2.7973665961010274
DE-LU,independent_2025,rf_depth_6_leaf_5,2025-04-27,24,241.77699845164076,27.973665961010276,213.8033324906305,208.53619078745965,2.7973665961010274
DE-LU,independent_2025,rf_depth_6_leaf_5,2025-04-28,24,365.4834089976929,28.973665961010276,336.5097430366826,34.72203115188586,2.8973665961010275
DE-LU,independent_2025,rf_depth_6_leaf_5,2025-04-29,24,321.54777302569056,37.46049894151541,284.0872740841752,3.7886919574394824,3.7460498941515414
DE-LU,independent_2025,rf_depth_6_leaf_5,2025-04-30,24,327.79017184129316,37.94733192202055,289.8428399192726,1.7836297864421908,3.794733192202055
DE-LU,independent_2025,rf_depth_6_leaf_5,2025-05-01,24,503.67161682302964,37.94733192202055,465.7242849010091,43.99039741037717,3.794733192202055
DE-LU,independent_2025,rf_depth_6_leaf_5,2025-05-02,24,260.452571817798,37.94733192202055,222.50523989577746,9.114699379914128,3.794733192202055
DE-LU,independent_2025,rf_depth_6_leaf_5,2025-05-03,24,182.35150296749464,19.486832980505138,162.8646699869895,6.0202927545402645,1.9486832980505138
DE-LU,independent_2025,rf_depth_6_leaf_5,2025-05-04,24,159.69821697238433,28.460498941515414,131.23771803086888,22.712712687851308,2.846049894151541
DE-LU,independent_2025,rf_depth_6_leaf_5,2025-05-05,24,170.80545795305176,37.94733192202055,132.85812603103116,10.808329352929405,3.794733192202055
DE-LU,independent_2025,rf_depth_6_leaf_5,2025-05-06,24,222.70419564276534,37.94733192202055,184.75686372074478,8.040951849671387,3.794733192202055
DE-LU,independent_2025,rf_depth_6_leaf_5,2025-05-07,24,189.8263936823595,37.94733192202055,151.87906176033894,6.706738852591485,3.794733192202055
DE-LU,independent_2025,rf_depth_6_leaf_5,2025-05-08,24,211.47931884113217,37.46049894151541,174.01881989961674,7.109851779533017,3.7460498941515414
DE-LU,independent_2025,rf_depth_6_leaf_5,2025-05-09,24,323.96289712435,37.46049894151541,286.50239818283455,2.4729918840438927,3.7460498941515414
DE-LU,independent_2025,rf_depth_6_leaf_5,2025-05-10,24,488.24508262753,19.486832980505138,468.75824964702485,13.061206321832117,1.9486832980505138
DE-LU,independent_2025,rf_depth_6_leaf_5,2025-05-11,24,477.55315555745096,37.97366596101027,439.5794895964407,269.1213264512745,3.7973665961010274
DE-LU,independent_2025,rf_depth_6_leaf_5,2025-05-12,24,423.4354952914856,37.94733192202055,385.48816336946504,24.16798646896541,3.794733192202055
DE-LU,independent_2025,rf_depth_6_leaf_5,2025-05-13,24,411.778599372465,37.46049894151541,374.3181004309496,19.946106272972884,3.7460498941515414
DE-LU,independent_2025,rf_depth_6_leaf_5,2025-05-14,24,356.2731204668919,37.46049894151541,318.81262152537647,16.467677056715956,3.7460498941515414
DE-LU,independent_2025,rf_depth_6_leaf_5,2025-05-15,24,286.78859423527047,37.46049894151541,249.32809529375504,13.998260941585386,3.7460498941515414
DE-LU,independent_2025,rf_depth_6_leaf_5,2025-05-16,24,305.2773464333113,37.46049894151541,267.8168474917959,4.260345772402729,3.7460498941515414
DE-LU,independent_2025,rf_depth_6_leaf_5,2025-05-17,24,223.68026133892081,27.973665961010273,195.70659537791053,19.448179221316337,2.7973665961010274
DE-LU,independent_2025,rf_depth_6_leaf_5,2025-05-18,24,228.80642989542764,28.460498941515414,200.34593095391224,30.780384139952247,2.846049894151541
DE-LU,independent_2025,rf_depth_6_leaf_5,2025-05-19,24,388.79973246614753,37.94733192202055,350.85240054412697,2.9796084568232004,3.794733192202055
DE-LU,independent_2025,rf_depth_6_leaf_5,2025-05-20,24,361.82404041542134,37.46049894151541,324.3635414739059,1.547065731691987,3.7460498941515414
DE-LU,independent_2025,rf_depth_6_leaf_5,2025-05-21,24,239.17271160394918,37.46049894151541,201.7122126624337,2.6734412852504477,3.7460498941515414
DE-LU,independent_2025,rf_depth_6_leaf_5,2025-05-22,24,263.8554570922471,37.46049894151541,226.39495815073164,12.136327291734602,3.7460498941515414
DE-LU,independent_2025,rf_depth_6_leaf_5,2025-05-23,24,296.45083729638276,37.46049894151541,258.99033835486733,2.329888515796142,3.7460498941515414
DE-LU,independent_2025,rf_depth_6_leaf_5,2025-05-24,24,203.23303602748285,28.460498941515414,174.77253708596743,17.27052297003644,2.846049894151541
DE-LU,independent_2025,rf_depth_6_leaf_5,2025-05-25,24,131.17981969379366,27.973665961010273,103.20615373278338,12.661000000000001,2.7973665961010274
DE-LU,independent_2025,rf_depth_6_leaf_5,2025-05-26,24,375.78732776705795,37.94733192202055,337.8399958450374,20.428114594752174,3.794733192202055
DE-LU,independent_2025,rf_depth_6_leaf_5,2025-05-27,24,206.4568325708346,37.46049894151541,168.9963336293191,46.266782018737956,3.7460498941515414
DE-LU,independent_2025,rf_depth_6_leaf_5,2025-05-28,24,154.18921669153679,37.46049894151541,116.72871775002137,15.094303712372025,3.746049894151541
DE-LU,independent_2025,rf_depth_6_leaf_5,2025-05-29,24,156.4038685010795,37.46049894151541,118.94336955956409,39.470580905119775,3.7460498941515414
DE-LU,independent_2025,rf_depth_6_leaf_5,2025-05-30,24,254.0782338054795,37.46049894151541,216.6177348639641,9.77132641069204,3.7460498941515414
DE-LU,independent_2025,rf_depth_6_leaf_5,2025-05-31,24,367.23511679366067,27.973665961010273,339.2614508326504,10.736941203124104,2.7973665961010274
DE-LU,independent_2025,rf_depth_6_leaf_5,2025-06-01,24,207.03011430973956,19.486832980505138,187.54328132923442,20.05984893869868,1.9486832980505138
DE-LU,independent_2025,rf_depth_6_leaf_5,2025-06-02,24,384.32719555343016,28.460498941515414,355.86669661191473,19.6161415087484,2.846049894151541
DE-LU,independent_2025,rf_depth_6_leaf_5,2025-06-03,24,249.53684623563146,27.973665961010273,221.56318027462117,19.90781423725167,2.7973665961010274
DE-LU,independent_2025,rf_depth_6_leaf_5,2025-06-04,24,253.65349866461924,27.973665961010273,225.67983270360895,76.24009037867023,2.7973665961010274
DE-LU,independent_2025,rf_depth_6_leaf_5,2025-06-05,24,229.97146596255874,28.486832980505135,201.4846329820536,33.924556982060096,2.8486832980505135
DE-LU,independent_2025,rf_depth_6_leaf_5,2025-06-06,24,210.18093175993042,37.46049894151541,172.72043281841502,20.489655725067934,3.7460498941515414
DE-LU,independent_2025,rf_depth_6_leaf_5,2025-06-07,24,206.6352851981431,28.460498941515414,178.17478625662767,1.298149682454607,2.846049894151541
DE-LU,independent_2025,rf_depth_6_leaf_5,2025-06-08,24,236.11447960103038,36.97366596101027,199.14081364002013,46.976675781248105,3.697366596101028
DE-LU,independent_2025,rf_depth_6_leaf_5,2025-06-09,24,236.87250648047794,37.94733192202055,198.92517455845737,43.54390662134236,3.794733192202055
DE-LU,independent_2025,rf_depth_6_leaf_5,2025-06-10,24,173.92476651979507,37.94733192202055,135.9774345977745,44.52122653009022,3.794733192202055
DE-LU,independent_2025,rf_depth_6_leaf_5,2025-06-11,24,399.4806974352072,36.97366596101027,362.50703147419694,8.440647237006885,3.6973665961010274
DE-LU,independent_2025,rf_depth_6_leaf_5,2025-06-12,24,292.8732157557077,27.973665961010273,264.8995497946974,12.3549824753988,2.7973665961010274
DE-LU,independent_2025,rf_depth_6_leaf_5,2025-06-13,24,212.26099687316523,27.973665961010273,184.28733091215494,26.85253406574222,2.7973665961010274
DE-LU,independent_2025,rf_depth_6_leaf_5,2025-06-14,24,236.69736023098957,19.486832980505138,217.21052725048443,31.253573853708843,1.9486832980505138
DE-LU,independent_2025,rf_depth_6_leaf_5,2025-06-15,24,208.07971518389377,36.97366596101027,171.10604922288348,37.009896785859326,3.6973665961010274
DE-LU,independent_2025,rf_depth_6_leaf_5,2025-06-16,24,346.865029956435,27.973665961010273,318.89136399542474,24.854939722874292,2.7973665961010274
DE-LU,independent_2025,rf_depth_6_leaf_5,2025-06-17,24,454.16384215174185,27.973665961010273,426.19017619073156,4.183832783786443,2.7973665961010274
DE-LU,independent_2025,rf_depth_6_leaf_5,2025-06-18,24,286.6562119354447,28.973665961010276,257.68254597443445,7.555869713751349,2.8973665961010275
DE-LU,independent_2025,rf_depth_6_leaf_5,2025-06-19,24,362.63261260439,37.46049894151541,325.17211366287455,40.08450677662404,3.7460498941515414
DE-LU,independent_2025,rf_depth_6_leaf_5,2025-06-20,24,344.10984938665547,28.460498941515414,315.64935044514004,4.549171967152688,2.846049894151541
DE-LU,independent_2025,rf_depth_6_leaf_5,2025-06-21,24,312.20145058931513,28.460498941515414,283.74095164779965,37.6462111032082,2.846049894151541
DE-LU,independent_2025,rf_depth_6_leaf_5,2025-06-22,24,389.17161856180644,19.486832980505138,369.6847855813013,32.15007939955939,1.9486832980505138
DE-LU,independent_2025,rf_depth_6_leaf_5,2025-06-23,24,214.17881908444082,37.97366596101027,176.20515312343053,61.37030303101176,3.7973665961010274
DE-LU,independent_2025,rf_depth_6_leaf_5,2025-06-24,24,247.15316458712954,27.973665961010273,219.17949862611925,24.469822540768803,2.7973665961010274
DE-LU,independent_2025,rf_depth_6_leaf_5,2025-06-25,24,358.25759003785646,27.973665961010273,330.2839240768462,58.68782417106735,2.7973665961010274
DE-LU,independent_2025,rf_depth_6_leaf_5,2025-06-26,24,91.88788765499137,36.97366596101027,54.9142216939811,37.871659869724546,3.697366596101027
DE-LU,independent_2025,rf_depth_6_leaf_5,2025-06-27,24,210.3095291383222,46.94733192202055,163.36219721630164,45.563866050612376,4.694733192202055
DE-LU,independent_2025,rf_depth_6_leaf_5,2025-06-28,24,188.7061653921599,27.973665961010276,160.73249943114956,32.847323187607174,2.7973665961010274
DE-LU,independent_2025,rf_depth_6_leaf_5,2025-06-29,24,231.70687686135886,36.97366596101027,194.73321090034858,34.276941184861926,3.697366596101028
DE-LU,independent_2025,rf_depth_6_leaf_5,2025-06-30,24,444.30493683926795,38.46049894151541,405.8444378977525,18.706716119829707,3.846049894151541
DE-LU,independent_2025,rf_depth_6_leaf_5,2025-07-01,24,371.9529393963447,19.486832980505138,352.46610641583953,328.8588564624159,1.9486832980505138
DE-LU,independent_2025,rf_depth_6_leaf_5,2025-07-02,24,303.3631336055302,28.460498941515414,274.9026346640148,31.732130392751344,2.846049894151541
DE-LU,independent_2025,rf_depth_6_leaf_5,2025-07-03,24,170.91521787267686,27.973665961010276,142.94155191166658,50.21295003082406,2.7973665961010274
DE-LU,independent_2025,rf_depth_6_leaf_5,2025-07-04,24,239.7093517743533,27.973665961010273,211.73568581334303,32.60742168629179,2.7973665961010274
DE-LU,independent_2025,rf_depth_6_leaf_5,2025-07-05,24,192.54535353545054,27.973665961010276,164.57168757444026,36.54932391860095,2.7973665961010274
DE-LU,independent_2025,rf_depth_6_leaf_5,2025-07-06,24,189.31911703502033,27.973665961010273,161.34545107401004,11.249785166798404,2.7973665961010274
DE-LU,independent_2025,rf_depth_6_leaf_5,2025-07-07,24,76.82147047224504,27.973665961010276,48.847804511234756,94.84757743771175,2.7973665961010274
DE-LU,independent_2025,rf_depth_6_leaf_5,2025-07-08,24,109.92126881519405,27.973665961010273,81.94760285418377,28.49086673701872,2.7973665961010274
DE-LU,independent_2025,rf_depth_6_leaf_5,2025-07-09,24,152.18486327158632,37.46049894151541,114.7243643300709,36.334182595437824,3.7460498941515414
DE-LU,independent_2025,rf_depth_6_leaf_5,2025-07-10,24,146.01523979848608,20.0,126.01523979848608,4.823547413220609,2.0
DE-LU,independent_2025,rf_depth_6_leaf_5,2025-07-11,24,143.93197466151582,27.973665961010273,115.95830870050554,4.28553811409526,2.7973665961010274
DE-LU,independent_2025,rf_depth_6_leaf_5,2025-07-12,24,199.30934216904294,19.486832980505138,179.8225091885378,26.25513658944496,1.9486832980505138
DE-LU,independent_2025,rf_depth_6_leaf_5,2025-07-13,24,230.50010668347096,19.486832980505138,211.01327370296582,0.5905359272012447,1.9486832980505138
DE-LU,independent_2025,rf_depth_6_leaf_5,2025-07-14,24,108.03732779151439,28.973665961010276,79.06366183050412,35.9919091417878,2.8973665961010275
DE-LU,independent_2025,rf_depth_6_leaf_5,2025-07-15,24,125.42827432652263,18.973665961010276,106.45460836551234,32.788326645910786,1.8973665961010275
DE-LU,independent_2025,rf_depth_6_leaf_5,2025-07-16,24,61.201883250766414,18.973665961010276,42.22821728975613,31.039294341239184,1.8973665961010275
DE-LU,independent_2025,rf_depth_6_leaf_5,2025-07-17,24,64.21022540571235,18.973665961010276,45.23655944470207,55.25953907016219,1.8973665961010275
DE-LU,independent_2025,rf_depth_6_leaf_5,2025-07-18,24,86.56751530521437,18.973665961010276,67.59384934420409,18.526167084373597,1.8973665961010275
DE-LU,independent_2025,rf_depth_6_leaf_5,2025-07-19,24,202.5330955746026,18.973665961010276,183.55942961359233,8.151004423474973,1.8973665961010275
DE-LU,independent_2025,rf_depth_6_leaf_5,2025-07-20,24,193.643364387821,18.973665961010276,174.66969842681073,12.894989597775833,1.8973665961010275
DE-LU,independent_2025,rf_depth_6_leaf_5,2025-07-21,24,25.5070280210997,28.460498941515414,-2.953470920415697,69.1312533599042,2.846049894151541
DE-LU,independent_2025,rf_depth_6_leaf_5,2025-07-22,24,192.4746353930329,18.973665961010276,173.50096943202263,21.514499841807975,1.8973665961010275
DE-LU,independent_2025,rf_depth_6_leaf_5,2025-07-23,24,157.32455558489778,27.973665961010273,129.3508896238875,7.809373793502459,2.7973665961010274
DE-LU,independent_2025,rf_depth_6_leaf_5,2025-07-24,24,84.66633081689265,28.460498941515414,56.20583187537723,22.742920997883033,2.846049894151541
DE-LU,independent_2025,rf_depth_6_leaf_5,2025-07-25,24,65.64180141796079,28.460498941515414,37.18130247644537,2.402879219687705,2.846049894151541
DE-LU,independent_2025,rf_depth_6_leaf_5,2025-07-26,24,98.62128427964173,19.486832980505138,79.13445129913659,16.576843530748917,1.9486832980505138
DE-LU,independent_2025,rf_depth_6_leaf_5,2025-07-27,24,121.57624323238676,18.973665961010276,102.60257727137648,60.755835847718146,1.8973665961010275
DE-LU,independent_2025,rf_depth_6_leaf_5,2025-07-28,24,79.79115361925896,27.973665961010273,51.81748765824868,24.469967143779,2.7973665961010274
DE-LU,independent_2025,rf_depth_6_leaf_5,2025-07-29,24,216.57935349086313,20.0,196.57935349086313,2.225150584776344,2.0
DE-LU,independent_2025,rf_depth_6_leaf_5,2025-07-30,24,166.61186546862598,28.973665961010276,137.6381995076157,11.017942511004719,2.8973665961010275
DE-LU,independent_2025,rf_depth_6_leaf_5,2025-07-31,24,137.50926340625645,28.486832980505135,109.02243042575132,3.1188355962662513,2.8486832980505135
DE-LU,independent_2025,rf_depth_6_leaf_5,2025-08-01,24,102.22850235720735,28.486832980505135,73.7416693767022,20.644431410226105,2.8486832980505135
DE-LU,independent_2025,rf_depth_6_leaf_5,2025-08-02,24,187.92467451082626,18.973665961010276,168.95100854981598,15.055603940061644,1.8973665961010275
DE-LU,independent_2025,rf_depth_6_leaf_5,2025-08-03,24,185.77807748731854,18.973665961010276,166.80441152630826,8.311780555762482,1.8973665961010275
DE-LU,independent_2025,rf_depth_6_leaf_5,2025-08-04,24,167.77947201024492,27.973665961010273,139.80580604923463,47.12111326455121,2.7973665961010274
DE-LU,independent_2025,rf_depth_6_leaf_5,2025-08-05,24,256.459822281147,36.97366596101027,219.48615632013673,35.52887762788919,3.697366596101027
DE-LU,independent_2025,rf_depth_6_leaf_5,2025-08-06,24,320.13948556349305,28.460498941515414,291.67898662197763,27.84138794497005,2.846049894151541
DE-LU,independent_2025,rf_depth_6_leaf_5,2025-08-07,24,253.0937095610165,27.973665961010273,225.12004360000623,0.011900361745688315,2.7973665961010274
DE-LU,independent_2025,rf_depth_6_leaf_5,2025-08-08,24,260.05135196191424,27.973665961010273,232.07768600090395,11.971812737751861,2.7973665961010274
DE-LU,independent_2025,rf_depth_6_leaf_5,2025-08-09,24,233.13204513701822,28.460498941515414,204.6715461955028,29.18774796212682,2.846049894151541
DE-LU,independent_2025,rf_depth_6_leaf_5,2025-08-10,24,296.7877897067614,18.973665961010276,277.8141237457511,16.299414581135693,1.8973665961010275
DE-LU,independent_2025,rf_depth_6_leaf_5,2025-08-11,24,336.30240639207733,28.460498941515414,307.8419074505619,41.994018819265705,2.846049894151541
DE-LU,independent_2025,rf_depth_6_leaf_5,2025-08-12,24,269.95227524606526,27.973665961010273,241.97860928505494,8.32750295235627,2.7973665961010274
DE-LU,independent_2025,rf_depth_6_leaf_5,2025-08-13,24,292.97322418903576,37.46049894151541,255.51272524752034,35.309398423206346,3.7460498941515414
DE-LU,independent_2025,rf_depth_6_leaf_5,2025-08-14,24,321.7046457769948,37.46049894151541,284.2441468354794,71.83858609907651,3.7460498941515414
DE-LU,independent_2025,rf_depth_6_leaf_5,2025-08-15,24,222.37943576164025,37.46049894151541,184.91893682012483,10.567218671673288,3.7460498941515414
DE-LU,independent_2025,rf_depth_6_leaf_5,2025-08-16,24,183.93006768430163,28.460498941515414,155.4695687427862,14.10967896884992,2.846049894151541
DE-LU,independent_2025,rf_depth_6_leaf_5,2025-08-17,24,189.00624103940535,28.460498941515414,160.54574209788993,14.259334170776327,2.846049894151541
DE-LU,independent_2025,rf_depth_6_leaf_5,2025-08-18,24,361.3943298475027,37.94733192202055,323.44699792548215,8.000025902154903,3.794733192202055
DE-LU,independent_2025,rf_depth_6_leaf_5,2025-08-19,24,211.9409232749397,28.486832980505135,183.45409029443456,4.702699354576737,2.8486832980505135
DE-LU,independent_2025,rf_depth_6_leaf_5,2025-08-20,24,178.3996134824689,37.46049894151541,140.9391145409535,1.4224823719933397,3.7460498941515414
DE-LU,independent_2025,rf_depth_6_leaf_5,2025-08-21,24,86.1360554845627,28.973665961010276,57.162389523552434,17.894349985996314,2.8973665961010275
DE-LU,independent_2025,rf_depth_6_leaf_5,2025-08-22,24,205.17378098353487,28.973665961010276,176.20011502252459,18.881980870437758,2.8973665961010275
DE-LU,independent_2025,rf_depth_6_leaf_5,2025-08-23,24,198.36356498032671,19.486832980505138,178.87673199982157,9.63843997128248,1.9486832980505138
DE-LU,independent_2025,rf_depth_6_leaf_5,2025-08-24,24,214.97401276746785,27.973665961010276,187.00034680645757,15.722902892336833,2.7973665961010274
DE-LU,independent_2025,rf_depth_6_leaf_5,2025-08-25,24,391.48714472048596,37.94733192202055,353.5398127984654,0.0,3.794733192202055
DE-LU,independent_2025,rf_depth_6_leaf_5,2025-08-26,24,302.34448183958705,28.973665961010276,273.37081587857676,10.152930943873514,2.8973665961010275
DE-LU,independent_2025,rf_depth_6_leaf_5,2025-08-27,24,296.11627455258355,37.46049894151541,258.6557756110681,32.34384214680267,3.7460498941515414
DE-LU,independent_2025,rf_depth_6_leaf_5,2025-08-28,24,187.09690281928803,37.46049894151541,149.6364038777726,42.27718070255392,3.7460498941515414
DE-LU,independent_2025,rf_depth_6_leaf_5,2025-08-29,24,178.8345791257603,37.94733192202055,140.88724720373975,6.043443892895084,3.794733192202055
DE-LU,independent_2025,rf_depth_6_leaf_5,2025-08-30,24,240.80958231429656,28.460498941515414,212.34908337278114,0.6697450564137739,2.846049894151541
DE-LU,independent_2025,rf_depth_6_leaf_5,2025-08-31,24,219.6890231139176,28.460498941515414,191.2285241724022,24.42272070953308,2.846049894151541
DE-LU,independent_2025,rf_depth_6_leaf_5,2025-09-01,24,402.39744101334696,37.94733192202055,364.45010909132645,11.999301968548991,3.794733192202055
DE-LU,independent_2025,rf_depth_6_leaf_5,2025-09-02,24,458.69413334492054,37.94733192202055,420.74680142290003,17.230856147233567,3.794733192202055
DE-LU,independent_2025,rf_depth_6_leaf_5,2025-09-03,24,265.32054655236254,37.94733192202055,227.37321463034198,5.321383914879107,3.794733192202055
DE-LU,independent_2025,rf_depth_6_leaf_5,2025-09-04,24,598.7293487235307,37.94733192202055,560.7820168015102,31.409800573442567,3.794733192202055
DE-LU,independent_2025,rf_depth_6_leaf_5,2025-09-05,24,187.5997477207672,37.94733192202055,149.65241579874663,0.09628474503318785,3.794733192202055
DE-LU,independent_2025,rf_depth_6_leaf_5,2025-09-06,24,285.99019302086333,37.94733192202055,248.04286109884276,18.704342024147195,3.794733192202055
DE-LU,independent_2025,rf_depth_6_leaf_5,2025-09-07,24,240.43891009467745,46.46049894151541,193.97841115316203,82.82304174879971,4.646049894151541
DE-LU,independent_2025,rf_depth_6_leaf_5,2025-09-08,24,579.951473817745,37.94733192202055,542.0041418957244,33.691520023847715,3.794733192202055
DE-LU,independent_2025,rf_depth_6_leaf_5,2025-09-09,24,629.7438469493509,37.94733192202055,591.7965150273303,14.918621971571383,3.794733192202055
DE-LU,independent_2025,rf_depth_6_leaf_5,2025-09-10,24,406.47844107010917,37.94733192202055,368.5311091480886,13.464194324899381,3.794733192202055
DE-LU,independent_2025,rf_depth_6_leaf_5,2025-09-11,24,329.0615360385897,37.94733192202055,291.1142041165691,7.3514452798582965,3.794733192202055
DE-LU,independent_2025,rf_depth_6_leaf_5,2025-09-12,24,379.63729050562415,37.94733192202055,341.6899585836036,5.30487526462116,3.794733192202055
DE-LU,independent_2025,rf_depth_6_leaf_5,2025-09-13,24,205.8728752057229,28.973665961010276,176.89920924471267,12.14873042436301,2.8973665961010275
DE-LU,independent_2025,rf_depth_6_leaf_5,2025-09-14,24,333.4547629053018,46.46049894151541,286.99426396378635,44.09550426330725,4.646049894151541
DE-LU,independent_2025,rf_depth_6_leaf_5,2025-09-15,24,212.9735448085396,37.94733192202055,175.02621288651903,12.123225835620758,3.794733192202055
DE-LU,independent_2025,rf_depth_6_leaf_5,2025-09-16,24,177.882761722186,37.94733192202055,139.93542980016542,22.562901762912816,3.794733192202055
DE-LU,independent_2025,rf_depth_6_leaf_5,2025-09-17,24,315.5414626025877,37.94733192202055,277.5941306805672,11.417375743148568,3.794733192202055
DE-LU,independent_2025,rf_depth_6_leaf_5,2025-09-18,24,322.8192306391569,37.94733192202055,284.87189871713633,10.65807969559853,3.794733192202055
DE-LU,independent_2025,rf_depth_6_leaf_5,2025-09-19,24,647.1884180149294,37.94733192202055,609.2410860929089,81.06902198855198,3.794733192202055
DE-LU,independent_2025,rf_depth_6_leaf_5,2025-09-20,24,258.8196739481434,37.94733192202055,220.87234202612285,45.71089710213647,3.794733192202055
DE-LU,independent_2025,rf_depth_6_leaf_5,2025-09-21,24,133.5855952451361,28.460498941515414,105.12509630362067,8.313327741880912,2.846049894151541
DE-LU,independent_2025,rf_depth_6_leaf_5,2025-09-22,24,160.54887586679186,37.94733192202055,122.6015439447713,15.505818342366979,3.794733192202055
DE-LU,independent_2025,rf_depth_6_leaf_5,2025-09-23,24,250.39255648617822,37.94733192202055,212.4452245641577,1.400000000000034,3.794733192202055
DE-LU,independent_2025,rf_depth_6_leaf_5,2025-09-24,24,240.89192186461477,46.46049894151541,194.43142292309938,33.4655770991142,4.646049894151541
DE-LU,independent_2025,rf_depth_6_leaf_5,2025-09-25,24,264.4949506532327,37.94733192202055,226.54761873121214,6.784922384846226,3.794733192202055
DE-LU,independent_2025,rf_depth_6_leaf_5,2025-09-26,24,145.20396371585883,37.94733192202055,107.25663179383832,1.293180889127001,3.794733192202055
DE-LU,independent_2025,rf_depth_6_leaf_5,2025-09-27,24,184.6041353646518,37.94733192202055,146.65680344263126,4.549134744218918,3.794733192202055
DE-LU,independent_2025,rf_depth_6_leaf_5,2025-09-28,24,218.02625382217187,37.94733192202055,180.0789219001513,22.7105822170586,3.794733192202055
DE-LU,independent_2025,rf_depth_6_leaf_5,2025-09-29,24,681.9723361495508,37.94733192202055,644.0250042275302,11.29493509061274,3.794733192202055
DE-LU,independent_2025,rf_depth_6_leaf_5,2025-09-30,24,670.9793210227664,37.94733192202055,633.0319891007458,1.6947401270181217,3.794733192202055
DE-LU,independent_2025,rf_depth_12_leaf_20,2025-01-09,24,44.63083436746834,27.973665961010273,16.657168406458055,75.17798631891665,2.7973665961010274
DE-LU,independent_2025,rf_depth_12_leaf_20,2025-01-10,24,96.98471789908223,28.973665961010276,68.01105193807194,13.09220227550827,2.8973665961010275
DE-LU,independent_2025,rf_depth_12_leaf_20,2025-01-11,24,24.758837591541067,18.486832980505135,6.272004611035925,7.394000000000034,1.8486832980505137
DE-LU,independent_2025,rf_depth_12_leaf_20,2025-01-12,24,36.43934008563454,37.973665961010276,-1.5343258753757425,48.619084146440116,3.7973665961010274
DE-LU,independent_2025,rf_depth_12_leaf_20,2025-01-13,24,175.5736401582293,28.486832980505135,147.08680717772415,51.55793377653788,2.8486832980505135
DE-LU,independent_2025,rf_depth_12_leaf_20,2025-01-14,24,141.67453600321343,28.486832980505135,113.18770302270829,41.71734179397444,2.8486832980505135
DE-LU,independent_2025,rf_depth_12_leaf_20,2025-01-15,24,291.37551639504363,37.46049894151541,253.9150174535282,159.29115941242276,3.7460498941515414
DE-LU,independent_2025,rf_depth_12_leaf_20,2025-01-16,24,179.99673975387188,37.46049894151541,142.53624081235645,4.1238154934160605,3.746049894151541
DE-LU,independent_2025,rf_depth_12_leaf_20,2025-01-17,24,81.23736554773532,18.973665961010276,62.26369958672504,85.38792105464526,1.8973665961010275
DE-LU,independent_2025,rf_depth_12_leaf_20,2025-01-18,24,35.64637313753303,18.973665961010276,16.67270717652275,32.12643671474359,1.8973665961010275
DE-LU,independent_2025,rf_depth_12_leaf_20,2025-01-19,24,1.1450936970173586,18.973665961010276,-17.828572263992953,54.81504256595139,1.8973665961010275
DE-LU,independent_2025,rf_depth_12_leaf_20,2025-01-20,24,61.13953142360228,18.486832980505135,42.65269844309714,986.7002838950949,1.8486832980505137
DE-LU,independent_2025,rf_depth_12_leaf_20,2025-01-21,24,186.51350503378896,18.486832980505135,168.02667205328382,200.53474234221304,1.8486832980505137
DE-LU,independent_2025,rf_depth_12_leaf_20,2025-01-22,24,135.2310297101362,18.973665961010276,116.25736374912591,55.60442558053788,1.8973665961010275
DE-LU,independent_2025,rf_depth_12_leaf_20,2025-01-23,24,19.23714580241247,18.486832980505135,0.750312821907329,119.82694645285508,1.8486832980505137
DE-LU,independent_2025,rf_depth_12_leaf_20,2025-01-24,24,62.75775836533879,37.46049894151541,25.297259423823363,56.29830436932929,3.746049894151541
DE-LU,independent_2025,rf_depth_12_leaf_20,2025-01-25,24,-52.124939967197506,18.973665961010276,-71.09860592820779,144.31043814119477,1.8973665961010275
DE-LU,independent_2025,rf_depth_12_leaf_20,2025-01-26,24,88.51198566294718,45.486832980505135,43.02515268244204,74.45526557088348,4.548683298050514
DE-LU,independent_2025,rf_depth_12_leaf_20,2025-01-27,24,99.85783187537726,36.973665961010276,62.88416591436698,102.48469971851176,3.6973665961010274
DE-LU,independent_2025,rf_depth_12_leaf_20,2025-01-28,24,129.6583309304171,36.973665961010276,92.68466496940681,49.85377417046655,3.6973665961010274
DE-LU,independent_2025,rf_depth_12_leaf_20,2025-01-29,24,166.66511862780658,37.94733192202055,128.717786705786,21.8192998333177,3.794733192202055
DE-LU,independent_2025,rf_depth_12_leaf_20,2025-01-30,24,153.0571157403558,37.94733192202055,115.10978381833525,16.059781606103826,3.794733192202055
DE-LU,independent_2025,rf_depth_12_leaf_20,2025-01-31,24,134.388031415459,37.94733192202055,96.44069949343844,10.447509043642071,3.794733192202055
DE-LU,independent_2025,rf_depth_12_leaf_20,2025-02-01,24,108.15392896477829,37.94733192202055,70.20659704275772,3.0781014753638374,3.794733192202055
DE-LU,independent_2025,rf_depth_12_leaf_20,2025-02-02,24,28.75801968105816,47.43416490252569,-18.67614522146755,69.11123925609462,4.743416490252569
DE-LU,independent_2025,rf_depth_12_leaf_20,2025-02-03,24,267.87500943085854,37.94733192202055,229.92767750883797,42.04741922765464,3.794733192202055
DE-LU,independent_2025,rf_depth_12_leaf_20,2025-02-04,24,105.34250490299024,18.973665961010276,86.36883894197996,86.3100497075784,1.8973665961010275
DE-LU,independent_2025,rf_depth_12_leaf_20,2025-02-05,24,135.75554219891922,28.973665961010276,106.78187623790892,42.18235445405877,2.8973665961010275
DE-LU,independent_2025,rf_depth_12_leaf_20,2025-02-06,24,103.21685091872831,28.460498941515414,74.75635197721289,34.12543369649403,2.846049894151541
DE-LU,independent_2025,rf_depth_12_leaf_20,2025-02-07,24,91.72984006635785,28.460498941515414,63.26934112484243,33.43878449256691,2.846049894151541
DE-LU,independent_2025,rf_depth_12_leaf_20,2025-02-08,24,89.93893205706445,28.460498941515414,61.47843311554904,33.28766255442267,2.846049894151541
DE-LU,independent_2025,rf_depth_12_leaf_20,2025-02-09,24,55.73456814160326,28.460498941515414,27.274069200087837,35.29884630670446,2.846049894151541
DE-LU,independent_2025,rf_depth_12_leaf_20,2025-02-10,24,94.09351406829992,28.460498941515414,65.6330151267845,51.46489734448389,2.846049894151541
DE-LU,independent_2025,rf_depth_12_leaf_20,2025-02-11,24,86.33287586580403,18.486832980505135,67.84604288529889,84.21943054843351,1.8486832980505137
DE-LU,independent_2025,rf_depth_12_leaf_20,2025-02-12,24,35.17541731552075,9.486832980505138,25.688584335015605,64.98314111733993,0.9486832980505138
DE-LU,independent_2025,rf_depth_12_leaf_20,2025-02-13,24,68.24616383189303,10.0,58.24616383189303,76.09327376488105,1.0
DE-LU,independent_2025,rf_depth_12_leaf_20,2025-02-14,24,141.49023421613796,9.486832980505138,132.00340123563282,263.1232347230464,0.9486832980505138
DE-LU,independent_2025,rf_depth_12_leaf_20,2025-02-15,24,93.18249065823608,37.46049894151541,55.72199171672065,21.787946956800084,3.7460498941515414
DE-LU,independent_2025,rf_depth_12_leaf_20,2025-02-16,24,32.46710617968631,37.94733192202055,-5.480225742334255,36.260991997568226,3.794733192202055
DE-LU,independent_2025,rf_depth_12_leaf_20,2025-02-17,24,64.26870817108974,18.973665961010276,45.29504221007946,288.9621872286872,1.8973665961010275
DE-LU,independent_2025,rf_depth_12_leaf_20,2025-02-18,24,42.00812779114063,9.486832980505138,32.52129481063549,189.55640976422313,0.9486832980505138
DE-LU,independent_2025,rf_depth_12_leaf_20,2025-02-19,24,125.81055499588965,28.486832980505135,97.3237220153845,59.13575722878616,2.8486832980505135
DE-LU,independent_2025,rf_depth_12_leaf_20,2025-02-20,24,31.541999999999987,9.0,22.541999999999987,36.55886308204968,0.8999999999999999
DE-LU,independent_2025,rf_depth_12_leaf_20,2025-02-21,24,70.41739411736751,19.486832980505138,50.930561136862366,79.9927783586694,1.9486832980505138
DE-LU,independent_2025,rf_depth_12_leaf_20,2025-02-22,24,88.10205780428458,37.94733192202055,50.15472588226402,28.4153123544867,3.794733192202055
DE-LU,independent_2025,rf_depth_12_leaf_20,2025-02-23,24,161.25411418508165,37.94733192202055,123.30678226306108,38.043975709881465,3.794733192202055
DE-LU,independent_2025,rf_depth_12_leaf_20,2025-02-24,24,124.48299762143333,37.94733192202055,86.53566569941276,36.588301107744385,3.794733192202055
DE-LU,independent_2025,rf_depth_12_leaf_20,2025-02-25,24,260.92126752349316,37.94733192202055,222.97393560147256,1.0017940887727548,3.794733192202055
DE-LU,independent_2025,rf_depth_12_leaf_20,2025-02-26,24,140.59266489438232,37.94733192202055,102.64533297236176,3.910002548853413,3.794733192202055
DE-LU,independent_2025,rf_depth_12_leaf_20,2025-02-27,24,129.9149342500458,27.486832980505135,102.42810126954066,27.577076847635595,2.748683298050514
DE-LU,independent_2025,rf_depth_12_leaf_20,2025-02-28,24,100.41699889893039,28.973665961010276,71.4433329379201,21.9090302292729,2.8973665961010275
DE-LU,independent_2025,rf_depth_12_leaf_20,2025-03-01,24,79.38048728411458,37.94733192202055,41.433155362094055,26.729426574116985,3.794733192202055
DE-LU,independent_2025,rf_depth_12_leaf_20,2025-03-02,24,175.85166821371735,47.43416490252569,128.41750331119175,107.00164136980632,4.743416490252569
DE-LU,independent_2025,rf_depth_12_leaf_20,2025-03-03,24,329.81005559402877,37.94733192202055,291.8627236720082,71.88282897361569,3.794733192202055
DE-LU,independent_2025,rf_depth_12_leaf_20,2025-03-04,24,319.4434253766904,37.46049894151541,281.982926435175,45.8359158829021,3.7460498941515414
DE-LU,independent_2025,rf_depth_12_leaf_20,2025-03-05,24,249.1721074032778,37.46049894151541,211.71160846176238,92.39004078461622,3.746049894151541
DE-LU,independent_2025,rf_depth_12_leaf_20,2025-03-06,24,308.9026036064033,37.46049894151541,271.4421046648879,80.45025464546438,3.7460498941515414
DE-LU,independent_2025,rf_depth_12_leaf_20,2025-03-07,24,258.37367956186284,37.486832980505135,220.8868465813577,149.85574390565722,3.748683298050514
DE-LU,independent_2025,rf_depth_12_leaf_20,2025-03-08,24,249.92311900490427,37.94733192202055,211.9757870828837,82.63732423696064,3.794733192202055
DE-LU,independent_2025,rf_depth_12_leaf_20,2025-03-09,24,222.27697336981484,37.46049894151541,184.81647442829944,32.565498753954444,3.7460498941515414
DE-LU,independent_2025,rf_depth_12_leaf_20,2025-03-10,24,231.14775900502175,37.94733192202055,193.20042708300116,15.264896819313236,3.794733192202055
DE-LU,independent_2025,rf_depth_12_leaf_20,2025-03-11,24,214.07962135508976,37.94733192202055,176.1322894330692,15.516740577164398,3.794733192202055
DE-LU,independent_2025,rf_depth_12_leaf_20,2025-03-12,24,223.728042774738,37.94733192202055,185.78071085271742,4.268872865816633,3.794733192202055
DE-LU,independent_2025,rf_depth_12_leaf_20,2025-03-13,24,152.89209401735275,37.94733192202055,114.94476209533218,23.267841434071016,3.794733192202055
DE-LU,independent_2025,rf_depth_12_leaf_20,2025-03-14,24,129.36227957329012,37.46049894151541,91.90178063177467,13.892440913145549,3.7460498941515414
DE-LU,independent_2025,rf_depth_12_leaf_20,2025-03-15,24,129.3387830883293,37.94733192202055,91.39145116630873,26.787778962976134,3.794733192202055
DE-LU,independent_2025,rf_depth_12_leaf_20,2025-03-16,24,244.47204221304298,37.46049894151541,207.01154327152756,20.694149176533983,3.7460498941515414
DE-LU,independent_2025,rf_depth_12_leaf_20,2025-03-17,24,308.9049689473277,37.94733192202055,270.9576370253071,48.96643450251224,3.794733192202055
DE-LU,independent_2025,rf_depth_12_leaf_20,2025-03-18,24,321.5445244359754,37.94733192202055,283.59719251395484,59.24608393348831,3.794733192202055
DE-LU,independent_2025,rf_depth_12_leaf_20,2025-03-19,24,457.4623735551063,37.46049894151541,420.001874613591,54.7826641826386,3.7460498941515414
DE-LU,independent_2025,rf_depth_12_leaf_20,2025-03-20,24,543.2584407334873,37.94733192202055,505.31110881146674,5.068438963499432,3.794733192202055
DE-LU,independent_2025,rf_depth_12_leaf_20,2025-03-21,24,350.9339934077329,37.94733192202055,312.9866614857123,16.012169925207843,3.794733192202055
DE-LU,independent_2025,rf_depth_12_leaf_20,2025-03-22,24,105.7466632073217,37.94733192202055,67.79933128530115,28.349792907632718,3.794733192202055
DE-LU,independent_2025,rf_depth_12_leaf_20,2025-03-23,24,147.58230660179854,37.94733192202055,109.634974679778,17.84602535970987,3.794733192202055
DE-LU,independent_2025,rf_depth_12_leaf_20,2025-03-24,24,227.1778291611766,46.46049894151541,180.71733021966116,36.490046350731205,4.646049894151542
DE-LU,independent_2025,rf_depth_12_leaf_20,2025-03-25,24,175.3322416396004,37.94733192202055,137.38490971757983,39.67524450286203,3.794733192202055
DE-LU,independent_2025,rf_depth_12_leaf_20,2025-03-26,24,168.015263249079,37.94733192202055,130.06793132705843,9.96760290897032,3.794733192202055
DE-LU,independent_2025,rf_depth_12_leaf_20,2025-03-27,24,301.5390717731304,37.94733192202055,263.5917398511099,23.20976327350877,3.794733192202055
DE-LU,independent_2025,rf_depth_12_leaf_20,2025-03-28,24,328.3704801281768,37.94733192202055,290.4231482061562,24.715542594332476,3.794733192202055
DE-LU,independent_2025,rf_depth_12_leaf_20,2025-03-29,24,276.5117132798764,28.973665961010276,247.5380473188661,34.362980256038696,2.8973665961010275
DE-LU,independent_2025,rf_depth_12_leaf_20,2025-03-30,23,94.99933450427434,38.46049894151541,56.53883556275892,80.79569280705729,3.8460498941515415
DE-LU,independent_2025,rf_depth_12_leaf_20,2025-03-31,24,185.61124263120382,37.94733192202055,147.66391070918326,129.9341061633998,3.794733192202055
DE-LU,independent_2025,rf_depth_12_leaf_20,2025-04-01,24,345.34990190270906,37.94733192202055,307.4025699806885,50.75230948727375,3.794733192202055
DE-LU,independent_2025,rf_depth_12_leaf_20,2025-04-02,24,358.8287057954866,37.94733192202055,320.88137387346603,26.87446947669025,3.794733192202055
DE-LU,independent_2025,rf_depth_12_leaf_20,2025-04-03,24,392.6943455927445,37.94733192202055,354.74701367072396,26.056847898503065,3.794733192202055
DE-LU,independent_2025,rf_depth_12_leaf_20,2025-04-04,24,400.0571977656616,37.94733192202055,362.109865843641,16.09241860722176,3.794733192202055
DE-LU,independent_2025,rf_depth_12_leaf_20,2025-04-05,24,278.1152685413684,47.94733192202055,230.1679366193478,60.18884319111004,4.794733192202055
DE-LU,independent_2025,rf_depth_12_leaf_20,2025-04-06,24,401.4393121374232,47.94733192202055,353.49198021540263,65.62878694912143,4.794733192202055
DE-LU,independent_2025,rf_depth_12_leaf_20,2025-04-07,24,404.8749686492059,37.94733192202055,366.92763672718536,12.012355443633055,3.794733192202055
DE-LU,independent_2025,rf_depth_12_leaf_20,2025-04-08,24,373.01783986646177,37.94733192202055,335.0705079444412,26.179509041666392,3.794733192202055
DE-LU,independent_2025,rf_depth_12_leaf_20,2025-04-09,24,297.17369644162807,37.94733192202055,259.22636451960756,47.13522227492615,3.794733192202055
DE-LU,independent_2025,rf_depth_12_leaf_20,2025-04-10,24,370.43327202298025,37.94733192202055,332.48594010095974,4.893944671520046,3.794733192202055
DE-LU,independent_2025,rf_depth_12_leaf_20,2025-04-11,24,301.14214158969986,37.94733192202055,263.1948096676793,5.334363203717373,3.794733192202055
DE-LU,independent_2025,rf_depth_12_leaf_20,2025-04-12,24,357.5483810901175,37.94733192202055,319.60104916809695,27.92143976852975,3.794733192202055
DE-LU,independent_2025,rf_depth_12_leaf_20,2025-04-13,24,207.7583998861818,46.46049894151541,161.29790094466642,42.55207144983146,4.646049894151541
DE-LU,independent_2025,rf_depth_12_leaf_20,2025-04-14,24,269.599993632806,37.94733192202055,231.65266171078542,19.57872962953175,3.794733192202055
DE-LU,independent_2025,rf_depth_12_leaf_20,2025-04-15,24,256.7719260812788,37.94733192202055,218.82459415925828,22.97793529939935,3.794733192202055
DE-LU,independent_2025,rf_depth_12_leaf_20,2025-04-16,24,257.8936193699072,37.94733192202055,219.94628744788662,13.300232263528414,3.794733192202055
DE-LU,independent_2025,rf_depth_12_leaf_20,2025-04-17,24,89.85479751965647,37.94733192202055,51.907465597635905,39.047384515074185,3.794733192202055
DE-LU,independent_2025,rf_depth_12_leaf_20,2025-04-18,24,47.236362942119854,37.94733192202055,9.289031020099287,47.73356304290887,3.794733192202055
DE-LU,independent_2025,rf_depth_12_leaf_20,2025-04-19,24,230.28396873240024,28.973665961010276,201.31030277138996,23.92202527355198,2.8973665961010275
DE-LU,independent_2025,rf_depth_12_leaf_20,2025-04-20,24,320.9859843164597,28.460498941515414,292.52548537494425,30.538099170833675,2.846049894151541
DE-LU,independent_2025,rf_depth_12_leaf_20,2025-04-21,24,191.48309958544348,37.94733192202055,153.53576766342292,47.786729631507455,3.794733192202055
DE-LU,independent_2025,rf_depth_12_leaf_20,2025-04-22,24,327.07303248801395,37.94733192202055,289.1257005659934,39.151433882079345,3.794733192202055
DE-LU,independent_2025,rf_depth_12_leaf_20,2025-04-23,24,157.23870590407176,27.973665961010276,129.26503994306148,21.39768009322782,2.7973665961010274
DE-LU,independent_2025,rf_depth_12_leaf_20,2025-04-24,24,90.4530695569476,37.94733192202055,52.50573763492703,5.63775536535141,3.794733192202055
DE-LU,independent_2025,rf_depth_12_leaf_20,2025-04-25,24,153.5074697595134,37.46049894151541,116.04697081799799,7.4498753213833595,3.746049894151541
DE-LU,independent_2025,rf_depth_12_leaf_20,2025-04-26,24,228.1423614638458,27.973665961010276,200.1686955028355,12.968500684350516,2.7973665961010274
DE-LU,independent_2025,rf_depth_12_leaf_20,2025-04-27,24,442.32069286365913,27.973665961010276,414.34702690264896,7.992496375441192,2.7973665961010274
DE-LU,independent_2025,rf_depth_12_leaf_20,2025-04-28,24,365.4834089976929,28.973665961010276,336.5097430366826,34.72203115188586,2.8973665961010275
DE-LU,independent_2025,rf_depth_12_leaf_20,2025-04-29,24,321.1318012901256,37.46049894151541,283.6713023486102,4.204663693004477,3.7460498941515414
DE-LU,independent_2025,rf_depth_12_leaf_20,2025-04-30,24,327.6955098728616,37.94733192202055,289.748177950841,1.8782917548737714,3.794733192202055
DE-LU,independent_2025,rf_depth_12_leaf_20,2025-05-01,24,474.15254385741184,37.94733192202055,436.2052119353913,73.50947037599502,3.794733192202055
DE-LU,independent_2025,rf_depth_12_leaf_20,2025-05-02,24,260.452571817798,37.94733192202055,222.50523989577746,9.114699379914128,3.794733192202055
DE-LU,independent_2025,rf_depth_12_leaf_20,2025-05-03,24,186.00649903776554,27.973665961010276,158.03283307675525,10.852129664774509,2.7973665961010274
DE-LU,independent_2025,rf_depth_12_leaf_20,2025-05-04,24,166.63386107860492,28.460498941515414,138.1733621370895,15.777068581630687,2.846049894151541
DE-LU,independent_2025,rf_depth_12_leaf_20,2025-05-05,24,172.00113710847478,37.94733192202055,134.0538051864542,9.612650197506355,3.794733192202055
DE-LU,independent_2025,rf_depth_12_leaf_20,2025-05-06,24,224.7640163089124,37.46049894151541,187.30351736739698,5.494298203019184,3.7460498941515414
DE-LU,independent_2025,rf_depth_12_leaf_20,2025-05-07,24,191.48365921573077,37.46049894151541,154.0231602742154,4.562640338715028,3.7460498941515414
DE-LU,independent_2025,rf_depth_12_leaf_20,2025-05-08,24,213.05898427697176,37.46049894151541,175.59848533545633,5.53018634369343,3.7460498941515414
DE-LU,independent_2025,rf_depth_12_leaf_20,2025-05-09,24,323.96289712435,37.46049894151541,286.50239818283455,2.4729918840438927,3.7460498941515414
DE-LU,independent_2025,rf_depth_12_leaf_20,2025-05-10,24,488.24508262753,19.486832980505138,468.75824964702485,13.061206321832117,1.9486832980505138
DE-LU,independent_2025,rf_depth_12_leaf_20,2025-05-11,24,668.4926021563766,29.486832980505138,639.0057691758715,69.69504687184372,2.948683298050514
DE-LU,independent_2025,rf_depth_12_leaf_20,2025-05-12,24,400.0828064090579,37.94733192202055,362.13547448703736,47.520675351393095,3.794733192202055
DE-LU,independent_2025,rf_depth_12_leaf_20,2025-05-13,24,412.5284158026981,37.94733192202055,374.5810838806775,19.683122823244958,3.794733192202055
DE-LU,independent_2025,rf_depth_12_leaf_20,2025-05-14,24,362.19430274396996,37.46049894151541,324.73380380245453,10.546494779637896,3.7460498941515414
DE-LU,independent_2025,rf_depth_12_leaf_20,2025-05-15,24,279.43408760968305,37.94733192202055,241.48675568766248,21.839600547677946,3.794733192202055
DE-LU,independent_2025,rf_depth_12_leaf_20,2025-05-16,24,286.053149959137,28.486832980505135,257.56631697863185,14.51087628556678,2.8486832980505135
DE-LU,independent_2025,rf_depth_12_leaf_20,2025-05-17,24,230.4320725771729,27.973665961010273,202.45840661616262,12.696367983064249,2.7973665961010274
DE-LU,independent_2025,rf_depth_12_leaf_20,2025-05-18,24,242.17952606627392,28.460498941515414,213.7190271247585,17.407287969105994,2.846049894151541
DE-LU,independent_2025,rf_depth_12_leaf_20,2025-05-19,24,384.545775425483,37.94733192202055,346.5984435034624,7.233565497487746,3.794733192202055
DE-LU,independent_2025,rf_depth_12_leaf_20,2025-05-20,24,360.4798945562467,36.97366596101027,323.5062285952364,2.404378610361505,3.6973665961010274
DE-LU,independent_2025,rf_depth_12_leaf_20,2025-05-21,24,233.32996424201738,37.46049894151541,195.86946530050196,8.51618864718219,3.7460498941515414
DE-LU,independent_2025,rf_depth_12_leaf_20,2025-05-22,24,262.9997128976258,37.46049894151541,225.53921395611042,12.992071486355826,3.7460498941515414
DE-LU,independent_2025,rf_depth_12_leaf_20,2025-05-23,24,296.12844567818155,37.46049894151541,258.6679467366661,2.652280133997351,3.7460498941515414
DE-LU,independent_2025,rf_depth_12_leaf_20,2025-05-24,24,196.91927584527244,28.460498941515414,168.45877690375698,23.584283152246883,2.846049894151541
DE-LU,independent_2025,rf_depth_12_leaf_20,2025-05-25,24,109.69214299294953,27.973665961010273,81.71847703193924,34.148676700844135,2.7973665961010274
DE-LU,independent_2025,rf_depth_12_leaf_20,2025-05-26,24,375.02732776705795,37.94733192202055,337.0799958450374,21.188114594752165,3.794733192202055
DE-LU,independent_2025,rf_depth_12_leaf_20,2025-05-27,24,205.51325976340883,37.46049894151541,168.0527608218934,47.210354826163666,3.7460498941515414
DE-LU,independent_2025,rf_depth_12_leaf_20,2025-05-28,24,141.8289591605972,37.46049894151541,104.36846021908183,27.454561243311574,3.7460498941515414
DE-LU,independent_2025,rf_depth_12_leaf_20,2025-05-29,24,154.3849503521473,37.46049894151541,116.92445141063189,41.489499054051976,3.7460498941515414
DE-LU,independent_2025,rf_depth_12_leaf_20,2025-05-30,24,252.99630495422562,37.46049894151541,215.53580601271022,10.853255261945918,3.7460498941515414
DE-LU,independent_2025,rf_depth_12_leaf_20,2025-05-31,24,376.30487425771906,27.973665961010273,348.3312082967088,1.667183739065706,2.7973665961010274
DE-LU,independent_2025,rf_depth_12_leaf_20,2025-06-01,24,211.31082579720075,19.486832980505138,191.8239928166956,15.779137451237489,1.9486832980505138
DE-LU,independent_2025,rf_depth_12_leaf_20,2025-06-02,24,383.1239107253095,28.973665961010276,354.1502447642992,21.33259335636393,2.8973665961010275
DE-LU,independent_2025,rf_depth_12_leaf_20,2025-06-03,24,250.75252287971344,28.460498941515414,222.292023938198,19.17897057367483,2.846049894151541
DE-LU,independent_2025,rf_depth_12_leaf_20,2025-06-04,24,254.17330055098853,28.460498941515414,225.7128016094731,76.20712147280608,2.846049894151541
DE-LU,independent_2025,rf_depth_12_leaf_20,2025-06-05,24,231.34271064991134,28.973665961010276,202.36904468890106,33.04014527521264,2.8973665961010275
DE-LU,independent_2025,rf_depth_12_leaf_20,2025-06-06,24,193.91366933710745,37.94733192202055,155.96633741508688,37.24375112839607,3.794733192202055
DE-LU,independent_2025,rf_depth_12_leaf_20,2025-06-07,24,206.6352851981431,28.460498941515414,178.17478625662767,1.298149682454607,2.846049894151541
DE-LU,independent_2025,rf_depth_12_leaf_20,2025-06-08,24,237.72772948743918,38.46049894151541,199.26723054592378,46.85025887534445,3.846049894151541
DE-LU,independent_2025,rf_depth_12_leaf_20,2025-06-09,24,250.81860784231736,37.94733192202055,212.8712759202968,29.597805259502934,3.794733192202055
DE-LU,independent_2025,rf_depth_12_leaf_20,2025-06-10,24,173.57262399722967,37.94733192202055,135.6252920752091,44.87336905265562,3.794733192202055
DE-LU,independent_2025,rf_depth_12_leaf_20,2025-06-11,24,400.8778419631931,37.46049894151541,363.41734302167765,7.530335689526169,3.7460498941515414
DE-LU,independent_2025,rf_depth_12_leaf_20,2025-06-12,24,275.3421243824705,37.46049894151541,237.88162544095505,39.37290682914116,3.746049894151541
DE-LU,independent_2025,rf_depth_12_leaf_20,2025-06-13,24,218.9412087073672,37.46049894151541,181.48070976585177,29.65915521204539,3.746049894151541
DE-LU,independent_2025,rf_depth_12_leaf_20,2025-06-14,24,246.03240388380664,19.486832980505138,226.5455709033015,21.91853020089178,1.9486832980505138
DE-LU,independent_2025,rf_depth_12_leaf_20,2025-06-15,24,212.83738766708603,37.46049894151541,175.3768887255706,32.7390572831722,3.7460498941515414
DE-LU,independent_2025,rf_depth_12_leaf_20,2025-06-16,24,345.48271687194233,27.973665961010273,317.50905091093205,26.237252807366986,2.7973665961010274
DE-LU,independent_2025,rf_depth_12_leaf_20,2025-06-17,24,454.16384215174185,27.973665961010273,426.19017619073156,4.183832783786443,2.7973665961010274
DE-LU,independent_2025,rf_depth_12_leaf_20,2025-06-18,24,286.3224889751267,37.94733192202055,248.37515705310616,16.86325863507963,3.794733192202055
DE-LU,independent_2025,rf_depth_12_leaf_20,2025-06-19,24,382.06737060069423,28.973665961010276,353.09370463968395,12.162915799814641,2.8973665961010275
DE-LU,independent_2025,rf_depth_12_leaf_20,2025-06-20,24,346.2348999742886,28.460498941515414,317.7744010327732,2.4241213795195335,2.846049894151541
DE-LU,independent_2025,rf_depth_12_leaf_20,2025-06-21,24,334.1176973226707,28.460498941515414,305.6571983811553,15.729964369852553,2.846049894151541
DE-LU,independent_2025,rf_depth_12_leaf_20,2025-06-22,24,416.50418929185787,27.973665961010273,388.5305233308476,13.3043416500131,2.7973665961010274
DE-LU,independent_2025,rf_depth_12_leaf_20,2025-06-23,24,204.16472574022495,28.486832980505135,175.6778927597198,61.89756339472248,2.8486832980505135
DE-LU,independent_2025,rf_depth_12_leaf_20,2025-06-24,24,247.8844527995708,27.973665961010273,219.9107868385605,23.738534328327546,2.7973665961010274
DE-LU,independent_2025,rf_depth_12_leaf_20,2025-06-25,24,388.1306007401782,37.97366596101027,350.1569347791679,38.814813468745626,3.7973665961010274
DE-LU,independent_2025,rf_depth_12_leaf_20,2025-06-26,24,91.92399876610249,37.97366596101027,53.95033280509221,38.835548758613434,3.7973665961010274
DE-LU,independent_2025,rf_depth_12_leaf_20,2025-06-27,24,209.0565330558765,46.94733192202055,162.10920113385595,46.816862133058066,4.694733192202055
DE-LU,independent_2025,rf_depth_12_leaf_20,2025-06-28,24,187.5297064484925,28.460498941515414,159.06920750697708,34.51061511177966,2.846049894151541
DE-LU,independent_2025,rf_depth_12_leaf_20,2025-06-29,24,233.88139750761513,36.97366596101027,196.90773154660485,32.10242053860566,3.697366596101028
DE-LU,independent_2025,rf_depth_12_leaf_20,2025-06-30,24,451.89412590319597,46.94733192202055,404.9467939811754,19.60436003640683,4.694733192202055
DE-LU,independent_2025,rf_depth_12_leaf_20,2025-07-01,24,367.54329010220135,20.0,347.54329010220135,333.78167277605405,2.0
DE-LU,independent_2025,rf_depth_12_leaf_20,2025-07-02,24,281.9615831953391,37.46049894151541,244.50108425382365,62.13368080294248,3.7460498941515414
DE-LU,independent_2025,rf_depth_12_leaf_20,2025-07-03,24,155.69214327884316,28.486832980505135,127.205310298338,65.94919164415263,2.8486832980505135
DE-LU,independent_2025,rf_depth_12_leaf_20,2025-07-04,24,233.03379356755352,27.973665961010276,205.06012760654323,39.28297989309158,2.7973665961010274
DE-LU,independent_2025,rf_depth_12_leaf_20,2025-07-05,24,197.7477821525002,27.973665961010276,169.77411619148992,31.346895301551285,2.7973665961010274
DE-LU,independent_2025,rf_depth_12_leaf_20,2025-07-06,24,190.08482246870796,27.973665961010273,162.11115650769767,10.484079733110775,2.7973665961010274
DE-LU,independent_2025,rf_depth_12_leaf_20,2025-07-07,24,101.08794268436169,27.973665961010276,73.11427672335141,70.5811052255951,2.7973665961010274
DE-LU,independent_2025,rf_depth_12_leaf_20,2025-07-08,24,97.2215399146804,27.973665961010276,69.24787395367012,41.19059563753237,2.7973665961010274
DE-LU,independent_2025,rf_depth_12_leaf_20,2025-07-09,24,149.88219331799735,37.46049894151541,112.42169437648194,38.636852549026784,3.7460498941515414
DE-LU,independent_2025,rf_depth_12_leaf_20,2025-07-10,24,141.1536897856838,27.973665961010273,113.18002382467351,17.658763387033176,2.7973665961010274
DE-LU,independent_2025,rf_depth_12_leaf_20,2025-07-11,24,139.55842673222884,19.486832980505138,120.0715937517237,0.17225306287710396,1.9486832980505138
DE-LU,independent_2025,rf_depth_12_leaf_20,2025-07-12,24,217.78439767592607,18.973665961010276,198.8107317149158,7.266914063066963,1.8973665961010275
DE-LU,independent_2025,rf_depth_12_leaf_20,2025-07-13,24,230.55010668347097,19.486832980505138,211.06327370296583,0.5405359272012333,1.9486832980505138
DE-LU,independent_2025,rf_depth_12_leaf_20,2025-07-14,24,116.70084399504566,28.973665961010276,87.7271780340354,27.328392938256513,2.8973665961010275
DE-LU,independent_2025,rf_depth_12_leaf_20,2025-07-15,24,153.3664040754793,19.486832980505138,133.87957109497415,5.363363916448975,1.9486832980505138
DE-LU,independent_2025,rf_depth_12_leaf_20,2025-07-16,24,71.76148593466355,27.973665961010273,43.78781997365327,29.479691657342045,2.7973665961010274
DE-LU,independent_2025,rf_depth_12_leaf_20,2025-07-17,24,98.1412818980581,27.973665961010273,70.16761593704781,30.328482577816445,2.7973665961010274
DE-LU,independent_2025,rf_depth_12_leaf_20,2025-07-18,24,95.45667780794768,18.973665961010276,76.4830118469374,9.637004581640284,1.8973665961010275
DE-LU,independent_2025,rf_depth_12_leaf_20,2025-07-19,24,204.39698870143468,18.973665961010276,185.4233227404244,6.287111296642905,1.8973665961010275
DE-LU,independent_2025,rf_depth_12_leaf_20,2025-07-20,24,186.62444623888877,18.973665961010276,167.65078027787848,19.913907746708077,1.8973665961010275
DE-LU,independent_2025,rf_depth_12_leaf_20,2025-07-21,24,58.57672307181325,28.460498941515414,30.11622413029781,36.0615583091907,2.846049894151541
DE-LU,independent_2025,rf_depth_12_leaf_20,2025-07-22,24,167.9561433883093,27.973665961010273,139.98247742729902,55.03299184653159,2.7973665961010274
DE-LU,independent_2025,rf_depth_12_leaf_20,2025-07-23,24,162.20246983349654,28.973665961010276,133.22880387248625,3.931459544903703,2.8973665961010275
DE-LU,independent_2025,rf_depth_12_leaf_20,2025-07-24,24,73.1508872240951,18.973665961010276,54.17722126308482,24.771531610175444,1.8973665961010275
DE-LU,independent_2025,rf_depth_12_leaf_20,2025-07-25,24,62.99770192975525,28.460498941515414,34.53720298823983,5.0469787078932455,2.846049894151541
DE-LU,independent_2025,rf_depth_12_leaf_20,2025-07-26,24,103.95462881513002,19.486832980505138,84.46779583462487,11.243498995260637,1.9486832980505138
DE-LU,independent_2025,rf_depth_12_leaf_20,2025-07-27,24,175.91897998528344,18.973665961010276,156.94531402427316,6.413099094821462,1.8973665961010275
DE-LU,independent_2025,rf_depth_12_leaf_20,2025-07-28,24,67.78732515650321,27.973665961010273,39.81365919549294,36.47379560653474,2.7973665961010274
DE-LU,independent_2025,rf_depth_12_leaf_20,2025-07-29,24,193.77800806111622,19.486832980505138,174.29117508061108,24.513328995028388,1.9486832980505138
DE-LU,independent_2025,rf_depth_12_leaf_20,2025-07-30,24,164.6826642617213,28.973665961010276,135.70899830071102,12.947143717909398,2.8973665961010275
DE-LU,independent_2025,rf_depth_12_leaf_20,2025-07-31,24,137.50926340625645,28.486832980505135,109.02243042575132,3.1188355962662513,2.8486832980505135
DE-LU,independent_2025,rf_depth_12_leaf_20,2025-08-01,24,101.63157507641938,27.973665961010273,73.6579091154091,20.728191671519212,2.7973665961010274
DE-LU,independent_2025,rf_depth_12_leaf_20,2025-08-02,24,201.96518732197387,18.973665961010276,182.9915213609636,1.0150911289140367,1.8973665961010275
DE-LU,independent_2025,rf_depth_12_leaf_20,2025-08-03,24,194.08985804308102,18.973665961010276,175.11619208207074,0.0,1.8973665961010275
DE-LU,independent_2025,rf_depth_12_leaf_20,2025-08-04,24,190.59150784720327,37.46049894151541,153.13100890568788,33.79591040809797,3.746049894151541
DE-LU,independent_2025,rf_depth_12_leaf_20,2025-08-05,24,251.6109319850036,36.97366596101027,214.6372660239933,40.37776792403261,3.6973665961010274
DE-LU,independent_2025,rf_depth_12_leaf_20,2025-08-06,24,351.78287422020685,37.46049894151541,314.3223752786914,5.197999288256256,3.7460498941515414
DE-LU,independent_2025,rf_depth_12_leaf_20,2025-08-07,24,260.577294064343,37.46049894151541,223.11679512282757,2.015148838924347,3.7460498941515414
DE-LU,independent_2025,rf_depth_12_leaf_20,2025-08-08,24,270.6128775933405,37.46049894151541,233.1523786518251,10.89712008683071,3.7460498941515414
DE-LU,independent_2025,rf_depth_12_leaf_20,2025-08-09,24,243.58608677629832,19.486832980505138,224.09925379579317,9.760040361836445,1.9486832980505138
DE-LU,independent_2025,rf_depth_12_leaf_20,2025-08-10,24,307.6977897067614,18.973665961010276,288.7241237457511,5.389414581135668,1.8973665961010275
DE-LU,independent_2025,rf_depth_12_leaf_20,2025-08-11,24,336.4039922073427,27.973665961010273,308.4303262463324,41.4056000234952,2.7973665961010274
DE-LU,independent_2025,rf_depth_12_leaf_20,2025-08-12,24,269.95227524606526,27.973665961010273,241.97860928505494,8.32750295235627,2.7973665961010274
DE-LU,independent_2025,rf_depth_12_leaf_20,2025-08-13,24,293.8310239006858,37.94733192202055,255.88369197866524,34.93843169206144,3.794733192202055
DE-LU,independent_2025,rf_depth_12_leaf_20,2025-08-14,24,320.0450862390062,37.46049894151541,282.58458729749077,73.49814563706514,3.7460498941515414
DE-LU,independent_2025,rf_depth_12_leaf_20,2025-08-15,24,220.66809057018256,37.46049894151541,183.20759162866716,12.278563863130955,3.7460498941515414
DE-LU,independent_2025,rf_depth_12_leaf_20,2025-08-16,24,175.372944335886,28.460498941515414,146.9124453943706,22.666802317265535,2.846049894151541
DE-LU,independent_2025,rf_depth_12_leaf_20,2025-08-17,24,189.85068933652542,28.460498941515414,161.39019039501,13.41488587365626,2.846049894151541
DE-LU,independent_2025,rf_depth_12_leaf_20,2025-08-18,24,362.9663207369796,37.94733192202055,325.018988814959,6.428035012678038,3.794733192202055
DE-LU,independent_2025,rf_depth_12_leaf_20,2025-08-19,24,225.00395243357994,37.94733192202055,187.05662051155943,1.1001691374518714,3.794733192202055
DE-LU,independent_2025,rf_depth_12_leaf_20,2025-08-20,24,166.83328731610004,37.94733192202055,128.88595539407953,13.47564151886732,3.794733192202055
DE-LU,independent_2025,rf_depth_12_leaf_20,2025-08-21,24,96.40712960998799,37.94733192202055,58.45979768796743,16.596941821581318,3.794733192202055
DE-LU,independent_2025,rf_depth_12_leaf_20,2025-08-22,24,222.76733882228797,37.46049894151541,185.30683988077254,9.7752560121898,3.7460498941515414
DE-LU,independent_2025,rf_depth_12_leaf_20,2025-08-23,24,198.36356498032671,19.486832980505138,178.87673199982157,9.63843997128248,1.9486832980505138
DE-LU,independent_2025,rf_depth_12_leaf_20,2025-08-24,24,221.78198454257415,19.486832980505138,202.295151562069,0.42809813672539576,1.9486832980505138
DE-LU,independent_2025,rf_depth_12_leaf_20,2025-08-25,24,337.02579259421225,37.94733192202055,299.0784606721917,54.46135212627371,3.794733192202055
DE-LU,independent_2025,rf_depth_12_leaf_20,2025-08-26,24,313.82303241200174,37.46049894151541,276.3625334704863,7.161213351963966,3.746049894151541
DE-LU,independent_2025,rf_depth_12_leaf_20,2025-08-27,24,307.91627455258356,37.46049894151541,270.45577561106813,20.54384214680266,3.7460498941515414
DE-LU,independent_2025,rf_depth_12_leaf_20,2025-08-28,24,187.861201734051,37.46049894151541,150.40070279253558,41.512881787790946,3.7460498941515414
DE-LU,independent_2025,rf_depth_12_leaf_20,2025-08-29,24,153.38642325873343,37.94733192202055,115.43909133671286,31.491599759921968,3.794733192202055
DE-LU,independent_2025,rf_depth_12_leaf_20,2025-08-30,24,240.80958231429656,28.460498941515414,212.34908337278114,0.6697450564137739,2.846049894151541
DE-LU,independent_2025,rf_depth_12_leaf_20,2025-08-31,24,217.12950974716242,28.973665961010276,188.1558437861521,27.495401095783166,2.8973665961010275
DE-LU,independent_2025,rf_depth_12_leaf_20,2025-09-01,24,390.5898118270999,37.94733192202055,352.6424799050793,23.806931154796132,3.794733192202055
DE-LU,independent_2025,rf_depth_12_leaf_20,2025-09-02,24,455.9720544380658,37.94733192202055,418.02472251604524,19.952935054088357,3.794733192202055
DE-LU,independent_2025,rf_depth_12_leaf_20,2025-09-03,24,265.32054655236254,37.94733192202055,227.37321463034198,5.321383914879107,3.794733192202055
DE-LU,independent_2025,rf_depth_12_leaf_20,2025-09-04,24,584.0435349596266,37.94733192202055,546.0962030376062,46.09561433734655,3.794733192202055
DE-LU,independent_2025,rf_depth_12_leaf_20,2025-09-05,24,187.21179345402908,37.94733192202055,149.2644615320085,0.484239011771308,3.794733192202055
DE-LU,independent_2025,rf_depth_12_leaf_20,2025-09-06,24,284.0555533573677,37.94733192202055,246.10822143534716,20.638981687642797,3.794733192202055
DE-LU,independent_2025,rf_depth_12_leaf_20,2025-09-07,24,250.85930767237772,47.434164902525694,203.42514276985207,73.37631013210967,4.743416490252569
DE-LU,independent_2025,rf_depth_12_leaf_20,2025-09-08,24,579.7637726574835,37.94733192202055,541.816440735463,33.879221184109156,3.794733192202055
DE-LU,independent_2025,rf_depth_12_leaf_20,2025-09-09,24,613.518829468189,37.94733192202055,575.5714975461684,31.143639452733282,3.794733192202055
DE-LU,independent_2025,rf_depth_12_leaf_20,2025-09-10,24,406.65153724095546,37.94733192202055,368.70420531893484,13.291098154053145,3.794733192202055
DE-LU,independent_2025,rf_depth_12_leaf_20,2025-09-11,24,329.1719411147768,37.94733192202055,291.22460919275625,7.241040203671162,3.794733192202055
DE-LU,independent_2025,rf_depth_12_leaf_20,2025-09-12,24,383.97900568556656,37.94733192202055,346.031673763546,0.9631600846787478,3.794733192202055
DE-LU,independent_2025,rf_depth_12_leaf_20,2025-09-13,24,198.736837669529,37.46049894151541,161.27633872801357,27.771600941062104,3.7460498941515414
DE-LU,independent_2025,rf_depth_12_leaf_20,2025-09-14,24,341.09677358936125,46.46049894151541,294.6362746478458,36.45349357924778,4.646049894151541
DE-LU,independent_2025,rf_depth_12_leaf_20,2025-09-15,24,211.0014738848666,37.94733192202055,173.05414196284607,14.095296759293717,3.794733192202055
DE-LU,independent_2025,rf_depth_12_leaf_20,2025-09-16,24,178.8721477357721,37.94733192202055,140.92481581375154,21.573515749326702,3.794733192202055
DE-LU,independent_2025,rf_depth_12_leaf_20,2025-09-17,24,302.89055862338523,37.94733192202055,264.9432267013647,24.068279722351065,3.794733192202055
DE-LU,independent_2025,rf_depth_12_leaf_20,2025-09-18,24,312.9106353584842,37.94733192202055,274.96330343646366,20.5666749762712,3.794733192202055
DE-LU,independent_2025,rf_depth_12_leaf_20,2025-09-19,24,636.2084180149295,37.94733192202055,598.261086092909,92.04902198855189,3.794733192202055
DE-LU,independent_2025,rf_depth_12_leaf_20,2025-09-20,24,265.6571146169657,46.46049894151541,219.19661567545032,47.386623452809005,4.646049894151542
DE-LU,independent_2025,rf_depth_12_leaf_20,2025-09-21,24,137.05777611600098,28.460498941515414,108.59727717448555,4.841146871016022,2.846049894151541
DE-LU,independent_2025,rf_depth_12_leaf_20,2025-09-22,24,156.4247193995699,37.94733192202055,118.47738747754934,19.62997480958893,3.794733192202055
DE-LU,independent_2025,rf_depth_12_leaf_20,2025-09-23,24,213.85897303121732,37.94733192202055,175.91164110919678,37.93358345496097,3.794733192202055
DE-LU,independent_2025,rf_depth_12_leaf_20,2025-09-24,24,262.4082929957396,37.94733192202055,224.46096107371903,3.4360389484945415,3.794733192202055
DE-LU,independent_2025,rf_depth_12_leaf_20,2025-09-25,24,239.26125076838576,37.94733192202055,201.3139188463652,32.01862226969317,3.794733192202055
DE-LU,independent_2025,rf_depth_12_leaf_20,2025-09-26,24,123.57408460870772,37.94733192202055,85.62675268668717,22.923059996278155,3.794733192202055
DE-LU,independent_2025,rf_depth_12_leaf_20,2025-09-27,24,178.91071844350293,46.46049894151541,132.45021950198753,18.755718684862643,4.646049894151541
DE-LU,independent_2025,rf_depth_12_leaf_20,2025-09-28,24,219.20152531405444,37.94733192202055,181.25419339203387,21.535310725176032,3.794733192202055
DE-LU,independent_2025,rf_depth_12_leaf_20,2025-09-29,24,686.6506095718295,37.94733192202055,648.7032776498089,6.616661668334018,3.794733192202055
DE-LU,independent_2025,rf_depth_12_leaf_20,2025-09-30,24,667.2524456831209,37.94733192202055,629.3051137611003,5.4216154666636385,3.794733192202055
DE-LU,independent_2025,perfect_foresight,2025-01-09,24,110.80882068638499,18.973665961010276,91.83515472537471,0.0,1.8973665961010275
DE-LU,independent_2025,perfect_foresight,2025-01-10,24,118.56375315509564,37.46049894151541,81.10325421358021,0.0,3.7460498941515414
DE-LU,independent_2025,perfect_foresight,2025-01-11,24,23.1528375915411,9.486832980505138,13.666004611035959,0.0,0.9486832980505138
DE-LU,independent_2025,perfect_foresight,2025-01-12,24,65.57159125156952,18.486832980505135,47.08475827106437,0.0,1.8486832980505137
DE-LU,independent_2025,perfect_foresight,2025-01-13,24,236.5920728762826,37.94733192202055,198.64474095426203,0.0,3.794733192202055
DE-LU,independent_2025,perfect_foresight,2025-01-14,24,192.85237673870327,37.94733192202055,154.90504481668273,0.0,3.794733192202055
DE-LU,independent_2025,perfect_foresight,2025-01-15,24,432.17984282696125,18.973665961010276,413.20617686595097,0.0,1.8973665961010275
DE-LU,independent_2025,perfect_foresight,2025-01-16,24,184.60738822779308,37.94733192202055,146.6600563057725,0.0,3.794733192202055
DE-LU,independent_2025,perfect_foresight,2025-01-17,24,185.59895256339087,37.94733192202055,147.6516206413703,0.0,3.794733192202055
DE-LU,independent_2025,perfect_foresight,2025-01-18,24,86.7464758132869,37.94733192202055,48.79914389126634,0.0,3.794733192202055
DE-LU,independent_2025,perfect_foresight,2025-01-19,24,55.96013626296872,18.973665961010276,36.986470301958434,0.0,1.8973665961010275
DE-LU,independent_2025,perfect_foresight,2025-01-20,24,1067.3003142602126,37.94733192202055,1029.352982338192,0.0,3.794733192202055
DE-LU,independent_2025,perfect_foresight,2025-01-21,24,406.5087463175174,37.94733192202055,368.56141439549685,0.0,3.794733192202055
DE-LU,independent_2025,perfect_foresight,2025-01-22,24,208.83545529067408,36.973665961010276,171.8617893296638,0.0,3.6973665961010274
DE-LU,independent_2025,perfect_foresight,2025-01-23,24,149.5509252357727,28.973665961010276,120.57725927476241,0.0,2.8973665961010275
DE-LU,independent_2025,perfect_foresight,2025-01-24,24,110.05606273466807,28.460498941515414,81.59556379315265,0.0,2.846049894151541
DE-LU,independent_2025,perfect_foresight,2025-01-25,24,91.6986651934921,18.486832980505135,73.21183221298696,0.0,1.8486832980505137
DE-LU,independent_2025,perfect_foresight,2025-01-26,24,145.94091719484095,28.460498941515414,117.48041825332552,0.0,2.846049894151541
DE-LU,independent_2025,perfect_foresight,2025-01-27,24,212.8030305354044,47.434164902525694,165.36886563287874,0.0,4.743416490252569
DE-LU,independent_2025,perfect_foresight,2025-01-28,24,171.51210510088364,28.973665961010276,142.53843913987336,0.0,2.8973665961010275
DE-LU,independent_2025,perfect_foresight,2025-01-29,24,188.48441846112428,37.94733192202055,150.5370865391037,0.0,3.794733192202055
DE-LU,independent_2025,perfect_foresight,2025-01-30,24,169.11689734645964,37.94733192202055,131.16956542443907,0.0,3.794733192202055
DE-LU,independent_2025,perfect_foresight,2025-01-31,24,144.83554045910108,37.94733192202055,106.88820853708052,0.0,3.794733192202055
DE-LU,independent_2025,perfect_foresight,2025-02-01,24,111.23203044014213,37.94733192202055,73.28469851812156,0.0,3.794733192202055
DE-LU,independent_2025,perfect_foresight,2025-02-02,24,68.92192701513221,18.486832980505135,50.43509403462707,0.0,1.8486832980505137
DE-LU,independent_2025,perfect_foresight,2025-02-03,24,309.92242865851324,37.94733192202055,271.9750967364926,0.0,3.794733192202055
DE-LU,independent_2025,perfect_foresight,2025-02-04,24,210.62622057157893,37.94733192202055,172.67888864955836,0.0,3.794733192202055
DE-LU,independent_2025,perfect_foresight,2025-02-05,24,186.91156261398825,37.94733192202055,148.96423069196769,0.0,3.794733192202055
DE-LU,independent_2025,perfect_foresight,2025-02-06,24,136.8554516347172,27.973665961010276,108.88178567370691,0.0,2.7973665961010274
DE-LU,independent_2025,perfect_foresight,2025-02-07,24,134.6554575394299,37.94733192202055,96.70812561740934,0.0,3.794733192202055
DE-LU,independent_2025,perfect_foresight,2025-02-08,24,114.25292865047685,19.486832980505138,94.7660956699717,0.0,1.9486832980505138
DE-LU,independent_2025,perfect_foresight,2025-02-09,24,90.54658146780258,27.973665961010273,62.5729155067923,0.0,2.7973665961010274
DE-LU,independent_2025,perfect_foresight,2025-02-10,24,154.07157843227867,36.973665961010276,117.09791247126839,0.0,3.6973665961010274
DE-LU,independent_2025,perfect_foresight,2025-02-11,24,189.52597237524782,37.46049894151541,152.0654734337324,0.0,3.7460498941515414
DE-LU,independent_2025,perfect_foresight,2025-02-12,24,128.6190573743761,37.94733192202055,90.67172545235553,0.0,3.794733192202055
DE-LU,independent_2025,perfect_foresight,2025-02-13,24,172.28676951879464,37.94733192202055,134.33943759677408,0.0,3.794733192202055
DE-LU,independent_2025,perfect_foresight,2025-02-14,24,433.0739678806998,37.94733192202055,395.12663595867923,0.0,3.794733192202055
DE-LU,independent_2025,perfect_foresight,2025-02-15,24,115.4572705955413,37.94733192202055,77.50993867352074,0.0,3.794733192202055
DE-LU,independent_2025,perfect_foresight,2025-02-16,24,49.26759923573911,18.486832980505135,30.78076625523397,0.0,1.8486832980505137
DE-LU,independent_2025,perfect_foresight,2025-02-17,24,372.20456136078724,37.94733192202055,334.2572294387667,0.0,3.794733192202055
DE-LU,independent_2025,perfect_foresight,2025-02-18,24,260.0250364968792,37.94733192202055,222.07770457485861,0.0,3.794733192202055
DE-LU,independent_2025,perfect_foresight,2025-02-19,24,194.40681116619123,37.94733192202055,156.45947924417067,0.0,3.794733192202055
DE-LU,independent_2025,perfect_foresight,2025-02-20,24,97.04819500407024,37.94733192202055,59.10086308204967,0.0,3.794733192202055
DE-LU,independent_2025,perfect_foresight,2025-02-21,24,168.87067141755233,37.94733192202055,130.92333949553176,0.0,3.794733192202055
DE-LU,independent_2025,perfect_foresight,2025-02-22,24,115.05687121725589,36.486832980505135,78.57003823675072,0.0,3.6486832980505133
DE-LU,independent_2025,perfect_foresight,2025-02-23,24,199.29808989496308,37.94733192202055,161.35075797294255,0.0,3.794733192202055
DE-LU,independent_2025,perfect_foresight,2025-02-24,24,160.61079978766224,37.486832980505135,123.12396680715715,0.0,3.748683298050514
DE-LU,independent_2025,perfect_foresight,2025-02-25,24,261.9230616122659,37.94733192202055,223.97572969024532,0.0,3.794733192202055
DE-LU,independent_2025,perfect_foresight,2025-02-26,24,144.50266744323574,37.94733192202055,106.55533552121517,0.0,3.794733192202055
DE-LU,independent_2025,perfect_foresight,2025-02-27,24,167.95251003919682,37.94733192202055,130.00517811717626,0.0,3.794733192202055
DE-LU,independent_2025,perfect_foresight,2025-02-28,24,131.29969508921357,37.94733192202055,93.352363167193,0.0,3.794733192202055
DE-LU,independent_2025,perfect_foresight,2025-03-01,24,106.10991385823161,37.94733192202055,68.16258193621104,0.0,3.794733192202055
DE-LU,independent_2025,perfect_foresight,2025-03-02,24,263.3928106420084,27.973665961010273,235.41914468099807,0.0,2.7973665961010274
DE-LU,independent_2025,perfect_foresight,2025-03-03,24,401.69288456764446,37.94733192202055,363.7455526456239,0.0,3.794733192202055
DE-LU,independent_2025,perfect_foresight,2025-03-04,24,365.7661742400976,37.94733192202055,327.8188423180771,0.0,3.794733192202055
DE-LU,independent_2025,perfect_foresight,2025-03-05,24,342.04898116839917,37.94733192202055,304.1016492463786,0.0,3.794733192202055
DE-LU,independent_2025,perfect_foresight,2025-03-06,24,389.8396912323728,37.94733192202055,351.8923593103523,0.0,3.794733192202055
DE-LU,independent_2025,perfect_foresight,2025-03-07,24,408.6899224090355,37.94733192202055,370.7425904870149,0.0,3.794733192202055
DE-LU,independent_2025,perfect_foresight,2025-03-08,24,323.07361026135976,28.460498941515414,294.61311131984434,0.0,2.846049894151541
DE-LU,independent_2025,perfect_foresight,2025-03-09,24,245.8424721237693,28.460498941515414,217.3819731822539,0.0,2.846049894151541
DE-LU,independent_2025,perfect_foresight,2025-03-10,24,246.41265582433496,37.94733192202055,208.4653239023144,0.0,3.794733192202055
DE-LU,independent_2025,perfect_foresight,2025-03-11,24,229.59636193225415,37.94733192202055,191.6490300102336,0.0,3.794733192202055
DE-LU,independent_2025,perfect_foresight,2025-03-12,24,227.99691564055462,37.94733192202055,190.04958371853405,0.0,3.794733192202055
DE-LU,independent_2025,perfect_foresight,2025-03-13,24,176.15993545142376,37.94733192202055,138.2126035294032,0.0,3.794733192202055
DE-LU,independent_2025,perfect_foresight,2025-03-14,24,143.7415534669408,37.94733192202055,105.79422154492022,0.0,3.794733192202055
DE-LU,independent_2025,perfect_foresight,2025-03-15,24,146.63972907080029,28.460498941515414,118.17923012928486,0.0,2.846049894151541
DE-LU,independent_2025,perfect_foresight,2025-03-16,24,256.16619138957697,28.460498941515414,227.70569244806154,0.0,2.846049894151541
DE-LU,independent_2025,perfect_foresight,2025-03-17,24,357.87140344983993,37.94733192202055,319.92407152781936,0.0,3.794733192202055
DE-LU,independent_2025,perfect_foresight,2025-03-18,24,380.7906083694637,37.94733192202055,342.84327644744315,0.0,3.794733192202055
DE-LU,independent_2025,perfect_foresight,2025-03-19,24,512.7318707182501,37.94733192202055,474.7845387962296,0.0,3.794733192202055
DE-LU,independent_2025,perfect_foresight,2025-03-20,24,548.3268796969867,37.94733192202055,510.37954777496617,0.0,3.794733192202055
DE-LU,independent_2025,perfect_foresight,2025-03-21,24,366.9461633329407,37.94733192202055,328.99883141092016,0.0,3.794733192202055
DE-LU,independent_2025,perfect_foresight,2025-03-22,24,124.6096231344493,28.460498941515414,96.14912419293387,0.0,2.846049894151541
DE-LU,independent_2025,perfect_foresight,2025-03-23,24,155.45466600049815,27.973665961010276,127.48100003948787,0.0,2.7973665961010274
DE-LU,independent_2025,perfect_foresight,2025-03-24,24,255.15470849241294,37.94733192202055,217.20737657039237,0.0,3.794733192202055
DE-LU,independent_2025,perfect_foresight,2025-03-25,24,215.00748614246243,37.94733192202055,177.06015422044186,0.0,3.794733192202055
DE-LU,independent_2025,perfect_foresight,2025-03-26,24,177.98286615804932,37.94733192202055,140.03553423602875,0.0,3.794733192202055
DE-LU,independent_2025,perfect_foresight,2025-03-27,24,324.7488350466392,37.94733192202055,286.80150312461865,0.0,3.794733192202055
DE-LU,independent_2025,perfect_foresight,2025-03-28,24,353.08602272250926,37.94733192202055,315.1386908004887,0.0,3.794733192202055
DE-LU,independent_2025,perfect_foresight,2025-03-29,24,310.3615265164202,28.460498941515414,281.9010275749048,0.0,2.846049894151541
DE-LU,independent_2025,perfect_foresight,2025-03-30,23,156.3081943308265,18.973665961010276,137.3345283698162,0.0,1.8973665961010275
DE-LU,independent_2025,perfect_foresight,2025-03-31,24,315.5453487946036,37.94733192202055,277.59801687258306,0.0,3.794733192202055
DE-LU,independent_2025,perfect_foresight,2025-04-01,24,396.1022113899828,37.94733192202055,358.15487946796225,0.0,3.794733192202055
DE-LU,independent_2025,perfect_foresight,2025-04-02,24,385.70317527217685,37.94733192202055,347.7558433501563,0.0,3.794733192202055
DE-LU,independent_2025,perfect_foresight,2025-04-03,24,418.7511934912476,37.94733192202055,380.803861569227,0.0,3.794733192202055
DE-LU,independent_2025,perfect_foresight,2025-04-04,24,416.14961637288326,37.94733192202055,378.20228445086275,0.0,3.794733192202055
DE-LU,independent_2025,perfect_foresight,2025-04-05,24,318.8172787519733,28.460498941515414,290.35677981045785,0.0,2.846049894151541
DE-LU,independent_2025,perfect_foresight,2025-04-06,24,447.6076001450292,28.486832980505135,419.12076716452407,0.0,2.8486832980505135
DE-LU,independent_2025,perfect_foresight,2025-04-07,24,416.887324092839,37.94733192202055,378.9399921708184,0.0,3.794733192202055
DE-LU,independent_2025,perfect_foresight,2025-04-08,24,399.19734890812816,37.94733192202055,361.2500169861076,0.0,3.794733192202055
DE-LU,independent_2025,perfect_foresight,2025-04-09,24,344.30891871655433,37.94733192202055,306.3615867945337,0.0,3.794733192202055
DE-LU,independent_2025,perfect_foresight,2025-04-10,24,375.3272166945003,37.94733192202055,337.3798847724798,0.0,3.794733192202055
DE-LU,independent_2025,perfect_foresight,2025-04-11,24,305.9896718129121,37.46049894151541,268.52917287139667,0.0,3.7460498941515414
DE-LU,independent_2025,perfect_foresight,2025-04-12,24,375.9829878781421,28.460498941515414,347.5224889366267,0.0,2.846049894151541
DE-LU,independent_2025,perfect_foresight,2025-04-13,24,231.82363835550817,27.973665961010276,203.84997239449788,0.0,2.7973665961010274
DE-LU,independent_2025,perfect_foresight,2025-04-14,24,289.1787232623377,37.94733192202055,251.23139134031717,0.0,3.794733192202055
DE-LU,independent_2025,perfect_foresight,2025-04-15,24,279.7498613806781,37.94733192202055,241.80252945865763,0.0,3.794733192202055
DE-LU,independent_2025,perfect_foresight,2025-04-16,24,271.19385163343554,37.94733192202055,233.24651971141503,0.0,3.794733192202055
DE-LU,independent_2025,perfect_foresight,2025-04-17,24,128.90218203473063,37.94733192202055,90.95485011271009,0.0,3.794733192202055
DE-LU,independent_2025,perfect_foresight,2025-04-18,24,84.99626002401844,27.973665961010276,57.02259406300816,0.0,2.7973665961010274
DE-LU,independent_2025,perfect_foresight,2025-04-19,24,253.20599400595222,27.973665961010273,225.23232804494194,0.0,2.7973665961010274
DE-LU,independent_2025,perfect_foresight,2025-04-20,24,351.0372505067882,27.973665961010273,323.0635845457779,0.0,2.7973665961010274
DE-LU,independent_2025,perfect_foresight,2025-04-21,24,229.29616325594066,27.973665961010273,201.32249729493037,0.0,2.7973665961010274
DE-LU,independent_2025,perfect_foresight,2025-04-22,24,366.2244663700933,37.94733192202055,328.27713444807273,0.0,3.794733192202055
DE-LU,independent_2025,perfect_foresight,2025-04-23,24,188.61005195830984,37.94733192202055,150.6627200362893,0.0,3.794733192202055
DE-LU,independent_2025,perfect_foresight,2025-04-24,24,95.60399194179386,37.46049894151541,58.14349300027844,0.0,3.7460498941515414
DE-LU,independent_2025,perfect_foresight,2025-04-25,24,160.95734508089677,37.46049894151541,123.49684613938135,0.0,3.7460498941515414
DE-LU,independent_2025,perfect_foresight,2025-04-26,24,241.1108621481963,27.973665961010276,213.13719618718602,0.0,2.7973665961010274
DE-LU,independent_2025,perfect_foresight,2025-04-27,24,441.8263562585953,19.486832980505138,422.33952327809016,0.0,1.9486832980505138
DE-LU,independent_2025,perfect_foresight,2025-04-28,24,409.17910611058903,37.94733192202055,371.23177418856847,0.0,3.794733192202055
DE-LU,independent_2025,perfect_foresight,2025-04-29,24,325.82329796363524,37.94733192202055,287.8759660416147,0.0,3.794733192202055
DE-LU,independent_2025,perfect_foresight,2025-04-30,24,329.57380162773535,37.94733192202055,291.6264697057148,0.0,3.794733192202055
DE-LU,independent_2025,perfect_foresight,2025-05-01,24,538.1751812529017,28.460498941515414,509.7146823113863,0.0,2.846049894151541
DE-LU,independent_2025,perfect_foresight,2025-05-02,24,278.56727119771216,46.94733192202055,231.6199392756916,0.0,4.694733192202055
DE-LU,independent_2025,perfect_foresight,2025-05-03,24,196.85862870254005,27.973665961010273,168.88496274152976,0.0,2.7973665961010274
DE-LU,independent_2025,perfect_foresight,2025-05-04,24,181.92409667973047,27.973665961010273,153.95043071872018,0.0,2.7973665961010274
DE-LU,independent_2025,perfect_foresight,2025-05-05,24,181.61378730598113,37.94733192202055,143.66645538396057,0.0,3.794733192202055
DE-LU,independent_2025,perfect_foresight,2025-05-06,24,230.2583145119316,37.46049894151541,192.79781557041616,0.0,3.7460498941515414
DE-LU,independent_2025,perfect_foresight,2025-05-07,24,196.04629955444585,37.46049894151541,158.58580061293043,0.0,3.7460498941515414
DE-LU,independent_2025,perfect_foresight,2025-05-08,24,219.07600360117033,37.94733192202055,181.12867167914976,0.0,3.794733192202055
DE-LU,independent_2025,perfect_foresight,2025-05-09,24,326.92272198889896,37.94733192202055,288.97539006687845,0.0,3.794733192202055
DE-LU,independent_2025,perfect_foresight,2025-05-10,24,509.79312192986725,27.973665961010273,481.81945596885697,0.0,2.7973665961010274
DE-LU,independent_2025,perfect_foresight,2025-05-11,24,736.6744820087255,27.973665961010276,708.7008160477152,0.0,2.7973665961010274
DE-LU,independent_2025,perfect_foresight,2025-05-12,24,447.603481760451,37.94733192202055,409.65614983843045,0.0,3.794733192202055
DE-LU,independent_2025,perfect_foresight,2025-05-13,24,432.21153862594304,37.94733192202055,394.26420670392247,0.0,3.794733192202055
DE-LU,independent_2025,perfect_foresight,2025-05-14,24,373.227630504113,37.94733192202055,335.2802985820924,0.0,3.794733192202055
DE-LU,independent_2025,perfect_foresight,2025-05-15,24,300.78685517685585,37.46049894151541,263.3263562353404,0.0,3.7460498941515414
DE-LU,independent_2025,perfect_foresight,2025-05-16,24,310.0245251862192,37.94733192202055,272.0771932641986,0.0,3.794733192202055
DE-LU,independent_2025,perfect_foresight,2025-05-17,24,234.12844056023718,18.973665961010276,215.15477459922687,0.0,1.8973665961010275
DE-LU,independent_2025,perfect_foresight,2025-05-18,24,259.0999810548748,27.973665961010273,231.1263150938645,0.0,2.7973665961010274
DE-LU,independent_2025,perfect_foresight,2025-05-19,24,391.77934092297073,37.94733192202055,353.83200900095017,0.0,3.794733192202055
DE-LU,independent_2025,perfect_foresight,2025-05-20,24,363.85793912761847,37.94733192202055,325.9106072055979,0.0,3.794733192202055
DE-LU,independent_2025,perfect_foresight,2025-05-21,24,232.8724869281893,28.486832980505135,204.38565394768415,0.0,2.8486832980505135
DE-LU,independent_2025,perfect_foresight,2025-05-22,24,267.5049514034765,28.973665961010276,238.53128544246624,0.0,2.8973665961010275
DE-LU,independent_2025,perfect_foresight,2025-05-23,24,298.7807258121789,37.46049894151541,261.3202268706635,0.0,3.7460498941515414
DE-LU,independent_2025,perfect_foresight,2025-05-24,24,220.01672601701415,27.973665961010276,192.04306005600387,0.0,2.7973665961010274
DE-LU,independent_2025,perfect_foresight,2025-05-25,24,134.84081969379366,18.973665961010276,115.86715373278338,0.0,1.8973665961010275
DE-LU,independent_2025,perfect_foresight,2025-05-26,24,396.2154423618101,37.94733192202055,358.26811043978955,0.0,3.794733192202055
DE-LU,independent_2025,perfect_foresight,2025-05-27,24,243.72361458957246,28.460498941515414,215.26311564805707,0.0,2.846049894151541
DE-LU,independent_2025,perfect_foresight,2025-05-28,24,169.2835204039088,37.46049894151541,131.8230214623934,0.0,3.746049894151541
DE-LU,independent_2025,perfect_foresight,2025-05-29,24,186.38761642569415,27.973665961010276,158.41395046468386,0.0,2.7973665961010274
DE-LU,independent_2025,perfect_foresight,2025-05-30,24,263.8495602161716,37.46049894151541,226.38906127465614,0.0,3.7460498941515414
DE-LU,independent_2025,perfect_foresight,2025-05-31,24,378.4588909772899,28.460498941515414,349.9983920357745,0.0,2.846049894151541
DE-LU,independent_2025,perfect_foresight,2025-06-01,24,226.57679622894338,18.973665961010276,207.6031302679331,0.0,1.8973665961010275
DE-LU,independent_2025,perfect_foresight,2025-06-02,24,413.4301700426837,37.94733192202055,375.48283812066313,0.0,3.794733192202055
DE-LU,independent_2025,perfect_foresight,2025-06-03,24,269.957827492378,28.486832980505135,241.47099451187285,0.0,2.8486832980505135
DE-LU,independent_2025,perfect_foresight,2025-06-04,24,339.86725500429975,37.94733192202055,301.9199230822792,0.0,3.794733192202055
DE-LU,independent_2025,perfect_foresight,2025-06-05,24,272.8696889056291,37.46049894151541,235.4091899641137,0.0,3.7460498941515414
DE-LU,independent_2025,perfect_foresight,2025-06-06,24,231.18375450449324,37.97366596101027,193.21008854348295,0.0,3.7973665961010274
DE-LU,independent_2025,perfect_foresight,2025-06-07,24,207.44660190009256,27.973665961010273,179.47293593908228,0.0,2.7973665961010274
DE-LU,independent_2025,perfect_foresight,2025-06-08,24,265.6043224017734,19.486832980505138,246.11748942126823,0.0,1.9486832980505138
DE-LU,independent_2025,perfect_foresight,2025-06-09,24,279.92958012131515,37.46049894151541,242.46908117979973,0.0,3.7460498941515414
DE-LU,independent_2025,perfect_foresight,2025-06-10,24,218.4459930498853,37.94733192202055,180.49866112786472,0.0,3.794733192202055
DE-LU,independent_2025,perfect_foresight,2025-06-11,24,408.8950106332244,37.94733192202055,370.9476787112038,0.0,3.794733192202055
DE-LU,independent_2025,perfect_foresight,2025-06-12,24,314.22819823110643,36.97366596101027,277.2545322700962,0.0,3.697366596101027
DE-LU,independent_2025,perfect_foresight,2025-06-13,24,248.60036391941253,37.46049894151541,211.13986497789716,0.0,3.7460498941515414
DE-LU,independent_2025,perfect_foresight,2025-06-14,24,267.43776706520356,18.973665961010276,248.46410110419328,0.0,1.8973665961010275
DE-LU,independent_2025,perfect_foresight,2025-06-15,24,227.60277898924795,19.486832980505138,208.1159460087428,0.0,1.9486832980505138
DE-LU,independent_2025,perfect_foresight,2025-06-16,24,390.20680265981446,46.46049894151541,343.74630371829903,0.0,4.646049894151541
DE-LU,independent_2025,perfect_foresight,2025-06-17,24,459.3476749355283,28.973665961010276,430.374008974518,0.0,2.8973665961010275
DE-LU,independent_2025,perfect_foresight,2025-06-18,24,293.2120816491961,27.973665961010273,265.2384156881858,0.0,2.7973665961010274
DE-LU,independent_2025,perfect_foresight,2025-06-19,24,393.2302864005089,27.973665961010273,365.2566204394986,0.0,2.7973665961010274
DE-LU,independent_2025,perfect_foresight,2025-06-20,24,348.65902135380816,28.460498941515414,320.19852241229273,0.0,2.846049894151541
DE-LU,independent_2025,perfect_foresight,2025-06-21,24,349.36082871201813,27.973665961010273,321.38716275100785,0.0,2.7973665961010274
DE-LU,independent_2025,perfect_foresight,2025-06-22,24,429.80853094187097,27.973665961010273,401.8348649808607,0.0,2.7973665961010274
DE-LU,independent_2025,perfect_foresight,2025-06-23,24,266.0359550959577,28.460498941515414,237.5754561544423,0.0,2.846049894151541
DE-LU,independent_2025,perfect_foresight,2025-06-24,24,281.5966530889086,37.94733192202055,243.64932116688806,0.0,3.794733192202055
DE-LU,independent_2025,perfect_foresight,2025-06-25,24,426.43224718942895,37.46049894151541,388.9717482479135,0.0,3.7460498941515414
DE-LU,independent_2025,perfect_foresight,2025-06-26,24,129.7595475247159,36.97366596101027,92.78588156370564,0.0,3.697366596101028
DE-LU,independent_2025,perfect_foresight,2025-06-27,24,237.89972922792427,28.973665961010276,208.926063266914,0.0,2.8973665961010275
DE-LU,independent_2025,perfect_foresight,2025-06-28,24,212.55348857976702,18.973665961010276,193.57982261875674,0.0,1.8973665961010275
DE-LU,independent_2025,perfect_foresight,2025-06-29,24,247.9838180462208,18.973665961010276,229.0101520852105,0.0,1.8973665961010275
DE-LU,independent_2025,perfect_foresight,2025-06-30,24,462.4984859396028,37.94733192202055,424.55115401758223,0.0,3.794733192202055
DE-LU,independent_2025,perfect_foresight,2025-07-01,24,728.7591277807811,47.434164902525694,681.3249628782554,0.0,4.743416490252569
DE-LU,independent_2025,perfect_foresight,2025-07-02,24,345.09526399828155,38.46049894151541,306.6347650567661,0.0,3.846049894151541
DE-LU,independent_2025,perfect_foresight,2025-07-03,24,230.61500088400607,37.46049894151541,193.15450194249064,0.0,3.7460498941515414
DE-LU,independent_2025,perfect_foresight,2025-07-04,24,272.8299404801399,28.486832980505135,244.3431074996348,0.0,2.8486832980505135
DE-LU,independent_2025,perfect_foresight,2025-07-05,24,220.0946774540515,18.973665961010276,201.1210114930412,0.0,1.8973665961010275
DE-LU,independent_2025,perfect_foresight,2025-07-06,24,191.56890220181873,18.973665961010276,172.59523624080845,0.0,1.8973665961010275
DE-LU,independent_2025,perfect_foresight,2025-07-07,24,172.15588089046193,28.460498941515414,143.6953819489465,0.0,2.846049894151541
DE-LU,independent_2025,perfect_foresight,2025-07-08,24,147.8989685327179,37.46049894151541,110.43846959120249,0.0,3.746049894151541
DE-LU,independent_2025,perfect_foresight,2025-07-09,24,188.51904586702415,37.46049894151541,151.05854692550872,0.0,3.7460498941515414
DE-LU,independent_2025,perfect_foresight,2025-07-10,24,167.81245317271697,36.97366596101027,130.8387872117067,0.0,3.6973665961010274
DE-LU,independent_2025,perfect_foresight,2025-07-11,24,139.21751277561108,18.973665961010276,120.2438468146008,0.0,1.8973665961010275
DE-LU,independent_2025,perfect_foresight,2025-07-12,24,225.05131173899304,18.973665961010276,206.07764577798275,0.0,1.8973665961010275
DE-LU,independent_2025,perfect_foresight,2025-07-13,24,230.57747559117735,18.973665961010276,211.60380963016706,0.0,1.8973665961010275
DE-LU,independent_2025,perfect_foresight,2025-07-14,24,152.0292369333022,36.97366596101027,115.05557097229192,0.0,3.6973665961010274
DE-LU,independent_2025,perfect_foresight,2025-07-15,24,168.2166009724334,28.973665961010276,139.24293501142313,0.0,2.8973665961010275
DE-LU,independent_2025,perfect_foresight,2025-07-16,24,101.72801057251073,28.460498941515414,73.26751163099532,0.0,2.846049894151541
DE-LU,independent_2025,perfect_foresight,2025-07-17,24,128.95659745637965,28.460498941515414,100.49609851486426,0.0,2.846049894151541
DE-LU,independent_2025,perfect_foresight,2025-07-18,24,114.60684940908283,28.486832980505135,86.12001642857769,0.0,2.8486832980505135
DE-LU,independent_2025,perfect_foresight,2025-07-19,24,210.68409999807758,18.973665961010276,191.7104340370673,0.0,1.8973665961010275
DE-LU,independent_2025,perfect_foresight,2025-07-20,24,206.53835398559684,18.973665961010276,187.56468802458656,0.0,1.8973665961010275
DE-LU,independent_2025,perfect_foresight,2025-07-21,24,95.15144840049878,28.973665961010276,66.17778243948851,0.0,2.8973665961010275
DE-LU,independent_2025,perfect_foresight,2025-07-22,24,223.47596821534603,28.460498941515414,195.0154692738306,0.0,2.846049894151541
DE-LU,independent_2025,perfect_foresight,2025-07-23,24,165.62076235890538,28.460498941515414,137.16026341738996,0.0,2.846049894151541
DE-LU,independent_2025,perfect_foresight,2025-07-24,24,116.40925181477569,37.46049894151541,78.94875287326026,0.0,3.7460498941515414
DE-LU,independent_2025,perfect_foresight,2025-07-25,24,58.557847657143355,18.973665961010276,39.58418169613307,0.0,1.8973665961010275
DE-LU,independent_2025,perfect_foresight,2025-07-26,24,114.68496079089579,18.973665961010276,95.7112948298855,0.0,1.8973665961010275
DE-LU,independent_2025,perfect_foresight,2025-07-27,24,182.3320790801049,18.973665961010276,163.35841311909462,0.0,1.8973665961010275
DE-LU,independent_2025,perfect_foresight,2025-07-28,24,122.26112076303795,45.97366596101027,76.28745480202768,0.0,4.597366596101027
DE-LU,independent_2025,perfect_foresight,2025-07-29,24,227.2913370561446,28.486832980505135,198.80450407563947,0.0,2.8486832980505135
DE-LU,independent_2025,perfect_foresight,2025-07-30,24,167.6298079796307,18.973665961010276,148.65614201862041,0.0,1.8973665961010275
DE-LU,independent_2025,perfect_foresight,2025-07-31,24,149.60176496353301,37.46049894151541,112.14126602201758,0.0,3.7460498941515414
DE-LU,independent_2025,perfect_foresight,2025-08-01,24,113.87293376743345,19.486832980505138,94.38610078692831,0.0,1.9486832980505138
DE-LU,independent_2025,perfect_foresight,2025-08-02,24,202.9802784508879,18.973665961010276,184.00661248987763,0.0,1.8973665961010275
DE-LU,independent_2025,perfect_foresight,2025-08-03,24,194.08985804308102,18.973665961010276,175.11619208207074,0.0,1.8973665961010275
DE-LU,independent_2025,perfect_foresight,2025-08-04,24,224.3874182553012,37.46049894151541,186.92691931378585,0.0,3.7460498941515414
DE-LU,independent_2025,perfect_foresight,2025-08-05,24,283.9886999090362,28.973665961010276,255.01503394802592,0.0,2.8973665961010275
DE-LU,independent_2025,perfect_foresight,2025-08-06,24,357.46770648896825,37.94733192202055,319.5203745669477,0.0,3.794733192202055
DE-LU,independent_2025,perfect_foresight,2025-08-07,24,253.1056099227622,27.973665961010273,225.13194396175192,0.0,2.7973665961010274
DE-LU,independent_2025,perfect_foresight,2025-08-08,24,281.50999768017124,37.46049894151541,244.0494987386558,0.0,3.7460498941515414
DE-LU,independent_2025,perfect_foresight,2025-08-09,24,261.8329601186399,27.973665961010273,233.85929415762962,0.0,2.7973665961010274
DE-LU,independent_2025,perfect_foresight,2025-08-10,24,313.6003713073919,19.486832980505138,294.1135383268868,0.0,1.9486832980505138
DE-LU,independent_2025,perfect_foresight,2025-08-11,24,387.7832581918482,37.94733192202055,349.8359262698276,0.0,3.794733192202055
DE-LU,independent_2025,perfect_foresight,2025-08-12,24,287.7666111789266,37.46049894151541,250.3061122374112,0.0,3.746049894151541
DE-LU,independent_2025,perfect_foresight,2025-08-13,24,328.76945559274725,37.94733192202055,290.8221236707267,0.0,3.794733192202055
DE-LU,independent_2025,perfect_foresight,2025-08-14,24,385.0563988955662,28.973665961010276,356.0827329345559,0.0,2.8973665961010275
DE-LU,independent_2025,perfect_foresight,2025-08-15,24,214.97298847230326,19.486832980505138,195.48615549179812,0.0,1.9486832980505138
DE-LU,independent_2025,perfect_foresight,2025-08-16,24,188.5529136726464,18.973665961010276,169.57924771163613,0.0,1.8973665961010275
DE-LU,independent_2025,perfect_foresight,2025-08-17,24,193.77874222967654,18.973665961010276,174.80507626866626,0.0,1.8973665961010275
DE-LU,independent_2025,perfect_foresight,2025-08-18,24,369.3943557496576,37.94733192202055,331.44702382763705,0.0,3.794733192202055
DE-LU,independent_2025,perfect_foresight,2025-08-19,24,225.6172885905267,37.46049894151541,188.1567896490113,0.0,3.7460498941515414
DE-LU,independent_2025,perfect_foresight,2025-08-20,24,180.3089288349674,37.94733192202055,142.36159691294685,0.0,3.794733192202055
DE-LU,independent_2025,perfect_foresight,2025-08-21,24,103.51723845106417,28.460498941515414,75.05673950954875,0.0,2.846049894151541
DE-LU,independent_2025,perfect_foresight,2025-08-22,24,223.5425948344777,28.460498941515414,195.08209589296234,0.0,2.846049894151541
DE-LU,independent_2025,perfect_foresight,2025-08-23,24,207.48883793211434,18.973665961010276,188.51517197110405,0.0,1.8973665961010275
DE-LU,independent_2025,perfect_foresight,2025-08-24,24,221.6969156598047,18.973665961010276,202.7232496987944,0.0,1.8973665961010275
DE-LU,independent_2025,perfect_foresight,2025-08-25,24,391.48714472048596,37.94733192202055,353.5398127984654,0.0,3.794733192202055
DE-LU,independent_2025,perfect_foresight,2025-08-26,24,321.47107874447084,37.94733192202055,283.5237468224503,0.0,3.794733192202055
DE-LU,independent_2025,perfect_foresight,2025-08-27,24,328.9469496798914,37.94733192202055,290.9996177578708,0.0,3.794733192202055
DE-LU,independent_2025,perfect_foresight,2025-08-28,24,229.8609165023471,37.94733192202055,191.91358458032653,0.0,3.794733192202055
DE-LU,independent_2025,perfect_foresight,2025-08-29,24,184.87802301865537,37.94733192202055,146.93069109663483,0.0,3.794733192202055
DE-LU,independent_2025,perfect_foresight,2025-08-30,24,241.47932737071034,28.460498941515414,213.0188284291949,0.0,2.846049894151541
DE-LU,independent_2025,perfect_foresight,2025-08-31,24,244.1117438234507,28.460498941515414,215.65124488193527,0.0,2.846049894151541
DE-LU,independent_2025,perfect_foresight,2025-09-01,24,414.396742981896,37.94733192202055,376.44941105987544,0.0,3.794733192202055
DE-LU,independent_2025,perfect_foresight,2025-09-02,24,475.92498949215417,37.94733192202055,437.9776575701336,0.0,3.794733192202055
DE-LU,independent_2025,perfect_foresight,2025-09-03,24,270.64193046724165,37.94733192202055,232.69459854522108,0.0,3.794733192202055
DE-LU,independent_2025,perfect_foresight,2025-09-04,24,630.1391492969733,37.94733192202055,592.1918173749527,0.0,3.794733192202055
DE-LU,independent_2025,perfect_foresight,2025-09-05,24,187.69603246580039,37.94733192202055,149.74870054377982,0.0,3.794733192202055
DE-LU,independent_2025,perfect_foresight,2025-09-06,24,295.2077020645054,28.460498941515414,266.74720312298996,0.0,2.846049894151541
DE-LU,independent_2025,perfect_foresight,2025-09-07,24,296.2882858824669,19.486832980505138,276.80145290196174,0.0,1.9486832980505138
DE-LU,independent_2025,perfect_foresight,2025-09-08,24,613.6429938415927,37.94733192202055,575.6956619195721,0.0,3.794733192202055
DE-LU,independent_2025,perfect_foresight,2025-09-09,24,644.6624689209223,37.94733192202055,606.7151369989017,0.0,3.794733192202055
DE-LU,independent_2025,perfect_foresight,2025-09-10,24,419.94263539500855,37.94733192202055,381.995303472988,0.0,3.794733192202055
DE-LU,independent_2025,perfect_foresight,2025-09-11,24,336.4129813184479,37.94733192202055,298.4656493964274,0.0,3.794733192202055
DE-LU,independent_2025,perfect_foresight,2025-09-12,24,384.9421657702453,37.94733192202055,346.99483384822474,0.0,3.794733192202055
DE-LU,independent_2025,perfect_foresight,2025-09-13,24,217.02160563008596,27.973665961010276,189.04793966907567,0.0,2.7973665961010274
DE-LU,independent_2025,perfect_foresight,2025-09-14,24,369.03710014911417,37.94733192202055,331.0897682270936,0.0,3.794733192202055
DE-LU,independent_2025,perfect_foresight,2025-09-15,24,234.5836036246655,47.434164902525694,187.1494387221398,0.0,4.743416490252569
DE-LU,independent_2025,perfect_foresight,2025-09-16,24,191.47199752408852,28.973665961010276,162.49833156307824,0.0,2.8973665961010275
DE-LU,independent_2025,perfect_foresight,2025-09-17,24,335.4720053652311,46.46049894151541,289.0115064237158,0.0,4.646049894151542
DE-LU,independent_2025,perfect_foresight,2025-09-18,24,341.9904773542503,46.46049894151541,295.52997841273486,0.0,4.646049894151542
DE-LU,independent_2025,perfect_foresight,2025-09-19,24,728.2574400034814,37.94733192202055,690.3101080814608,0.0,3.794733192202055
DE-LU,independent_2025,perfect_foresight,2025-09-20,24,295.0437380697747,28.460498941515414,266.5832391282593,0.0,2.846049894151541
DE-LU,independent_2025,perfect_foresight,2025-09-21,24,132.41209000651185,18.973665961010276,113.43842404550158,0.0,1.8973665961010275
DE-LU,independent_2025,perfect_foresight,2025-09-22,24,176.0546942091588,37.94733192202055,138.10736228713827,0.0,3.794733192202055
DE-LU,independent_2025,perfect_foresight,2025-09-23,24,251.7925564861782,37.94733192202055,213.84522456415775,0.0,3.794733192202055
DE-LU,independent_2025,perfect_foresight,2025-09-24,24,265.8443319442341,37.94733192202055,227.89700002221358,0.0,3.794733192202055
DE-LU,independent_2025,perfect_foresight,2025-09-25,24,271.2798730380789,37.94733192202055,233.33254111605837,0.0,3.794733192202055
DE-LU,independent_2025,perfect_foresight,2025-09-26,24,146.4971446049859,37.94733192202055,108.54981268296532,0.0,3.794733192202055
DE-LU,independent_2025,perfect_foresight,2025-09-27,24,189.15327010887074,37.94733192202055,151.20593818685018,0.0,3.794733192202055
DE-LU,independent_2025,perfect_foresight,2025-09-28,24,231.25000305872533,28.460498941515414,202.7895041172099,0.0,2.846049894151541
DE-LU,independent_2025,perfect_foresight,2025-09-29,24,693.2672712401635,37.94733192202055,655.3199393181429,0.0,3.794733192202055
DE-LU,independent_2025,perfect_foresight,2025-09-30,24,672.6740611497845,37.94733192202055,634.7267292277639,0.0,3.794733192202055
FR,independent_2025,latest_same_hour,2025-01-09,24,174.59513575803584,47.434164902525694,127.16097085551019,19.2059573042377,4.743416490252569
FR,independent_2025,latest_same_hour,2025-01-10,24,117.1811223375621,37.46049894151541,79.72062339604668,1.6178934644418064,3.7460498941515414
FR,independent_2025,latest_same_hour,2025-01-11,24,46.575769366770146,37.46049894151541,9.115270425254721,7.506435350100901,3.7460498941515414
FR,independent_2025,latest_same_hour,2025-01-12,24,53.40777354690988,37.46049894151541,15.947274605394455,33.38226864490741,3.7460498941515414
FR,independent_2025,latest_same_hour,2025-01-13,24,77.61374937442744,19.486832980505138,58.1269163939223,74.7629605779974,1.9486832980505138
FR,independent_2025,latest_same_hour,2025-01-14,24,124.92367552069186,36.97366596101027,87.95000955968158,79.82681510101986,3.6973665961010274
FR,independent_2025,latest_same_hour,2025-01-15,24,294.2344243090747,37.94733192202055,256.28709238705414,81.56521358000066,3.794733192202055
FR,independent_2025,latest_same_hour,2025-01-16,24,161.38124589180086,37.94733192202055,123.43391396978029,46.987751618083735,3.794733192202055
FR,independent_2025,latest_same_hour,2025-01-17,24,172.31003771355574,37.94733192202055,134.36270579153518,18.23856203007972,3.794733192202055
FR,independent_2025,latest_same_hour,2025-01-18,24,87.59788821767421,37.94733192202055,49.650556295653644,4.228744287907773,3.794733192202055
FR,independent_2025,latest_same_hour,2025-01-19,24,38.11406372725935,37.94733192202055,0.16673180523878273,37.903983356441415,3.794733192202055
FR,independent_2025,latest_same_hour,2025-01-20,24,615.1196809313378,37.94733192202055,577.1723490093173,36.112725951361426,3.794733192202055
FR,independent_2025,latest_same_hour,2025-01-21,24,89.7355287247002,18.973665961010276,70.76186276368992,146.02594332305682,1.8973665961010275
FR,independent_2025,latest_same_hour,2025-01-22,24,101.48918775089442,37.94733192202055,63.54185582887385,63.98778265644523,3.794733192202055
FR,independent_2025,latest_same_hour,2025-01-23,24,148.2291556256672,37.94733192202055,110.28182370364664,4.102316995959654,3.794733192202055
FR,independent_2025,latest_same_hour,2025-01-24,24,78.56212355522659,18.973665961010276,59.58845759421634,56.871568384938584,1.8973665961010275
FR,independent_2025,latest_same_hour,2025-01-25,24,72.45949216689371,28.973665961010276,43.48582620588343,104.83771637117468,2.8973665961010275
FR,independent_2025,latest_same_hour,2025-01-26,24,75.00738706392744,37.94733192202055,37.060055141906886,122.86514343903757,3.794733192202055
FR,independent_2025,latest_same_hour,2025-01-27,24,116.44762928249722,47.434164902525694,69.01346437997151,15.89806822477091,4.743416490252569
FR,independent_2025,latest_same_hour,2025-01-28,24,52.414513161973375,65.94733192202055,-13.532818760047174,143.01219549776272,6.594733192202055
FR,independent_2025,latest_same_hour,2025-01-29,24,187.50845107302223,47.434164902525694,140.07428617049652,88.39647240264111,4.743416490252569
FR,independent_2025,latest_same_hour,2025-01-30,24,152.4025263451458,56.43416490252569,95.96836144262008,89.124422665667,5.6434164902525685
FR,independent_2025,latest_same_hour,2025-01-31,24,53.710928946516105,46.46049894151541,7.250430005000652,122.34177722014104,4.646049894151542
FR,independent_2025,latest_same_hour,2025-02-01,24,70.51347212486402,38.46049894151541,32.0529731833486,47.35931238695272,3.846049894151541
FR,independent_2025,latest_same_hour,2025-02-02,24,96.60807302435558,37.94733192202055,58.66074110233501,8.687323861838792,3.794733192202055
FR,independent_2025,latest_same_hour,2025-02-03,24,249.5915794826201,45.97366596101027,203.6179135216098,53.38959893662934,4.597366596101027
FR,independent_2025,latest_same_hour,2025-02-04,24,59.766262385310796,27.973665961010276,31.792596424300513,124.74708333329318,2.7973665961010274
FR,independent_2025,latest_same_hour,2025-02-05,24,157.2988104909718,37.94733192202055,119.35147856895122,0.3263658275949979,3.794733192202055
FR,independent_2025,latest_same_hour,2025-02-06,24,157.1377271779163,37.94733192202055,119.19039525589574,23.96362247650427,3.794733192202055
FR,independent_2025,latest_same_hour,2025-02-07,24,89.98765077943924,37.94733192202055,52.04031885741864,5.317168032324048,3.794733192202055
FR,independent_2025,latest_same_hour,2025-02-08,24,43.78115963453246,37.94733192202055,5.833827712511891,48.66302063811307,3.794733192202055
FR,independent_2025,latest_same_hour,2025-02-09,24,53.38088594868066,37.46049894151541,15.920387007165232,23.903381516074518,3.7460498941515414
FR,independent_2025,latest_same_hour,2025-02-10,24,46.09906683879553,9.486832980505138,36.61223385829039,54.79090448512306,0.9486832980505138
FR,independent_2025,latest_same_hour,2025-02-11,24,89.07950490200233,27.486832980505135,61.592671921497185,17.82756829066426,2.748683298050514
FR,independent_2025,latest_same_hour,2025-02-12,24,84.50082297265283,37.46049894151541,47.0403240311374,40.65955781341563,3.746049894151541
FR,independent_2025,latest_same_hour,2025-02-13,24,127.17417112559787,27.973665961010276,99.20050516458758,5.518000000000086,2.7973665961010274
FR,independent_2025,latest_same_hour,2025-02-14,24,156.18447772542083,36.973665961010276,119.21081176441055,28.835081139324018,3.6973665961010274
FR,independent_2025,latest_same_hour,2025-02-15,24,84.16941600358183,36.973665961010276,47.1957500425716,2.902797406132038,3.6973665961010274
FR,independent_2025,latest_same_hour,2025-02-16,24,56.69910078188224,37.94733192202055,18.75176885986167,33.24943967217277,3.794733192202055
FR,independent_2025,latest_same_hour,2025-02-17,24,242.13698982680035,37.94733192202055,204.18965790477978,69.02363237379552,3.794733192202055
FR,independent_2025,latest_same_hour,2025-02-18,24,52.80142943420128,19.486832980505138,33.31459645369614,140.91378669465257,1.9486832980505138
FR,independent_2025,latest_same_hour,2025-02-19,24,159.50732030311974,37.94733192202055,121.55998838109917,9.099481340902003,3.794733192202055
FR,independent_2025,latest_same_hour,2025-02-20,24,114.83290630495833,37.94733192202055,76.88557438293776,3.110094952193947,3.794733192202055
FR,independent_2025,latest_same_hour,2025-02-21,24,120.67522741113277,37.94733192202055,82.7278954891122,30.974037786604498,3.794733192202055
FR,independent_2025,latest_same_hour,2025-02-22,24,94.88063557960601,37.94733192202055,56.93330365758544,10.778188564041358,3.794733192202055
FR,independent_2025,latest_same_hour,2025-02-23,24,120.82598244085011,47.434164902525694,73.39181753832446,80.118202987252,4.743416490252569
FR,independent_2025,latest_same_hour,2025-02-24,24,133.70177209808483,10.0,123.70177209808485,27.740897182260326,1.0
FR,independent_2025,latest_same_hour,2025-02-25,24,49.32279009619401,28.460498941515414,20.862291154678587,92.9076981257254,2.846049894151541
FR,independent_2025,latest_same_hour,2025-02-26,24,101.71193938120632,28.973665961010276,72.73827342019604,104.09462824126024,2.8973665961010275
FR,independent_2025,latest_same_hour,2025-02-27,24,153.98962075390688,37.46049894151541,116.52912181239145,14.867933837411726,3.7460498941515414
FR,independent_2025,latest_same_hour,2025-02-28,24,124.66156873976918,28.973665961010276,95.6879027787589,17.815237514300676,2.8973665961010275
FR,independent_2025,latest_same_hour,2025-03-01,24,161.6628312579079,37.46049894151541,124.20233231639246,25.845627875296103,3.7460498941515414
FR,independent_2025,latest_same_hour,2025-03-02,24,199.4439800227956,37.46049894151541,161.9834810812802,31.438056381838294,3.7460498941515414
FR,independent_2025,latest_same_hour,2025-03-03,24,190.75554555680768,28.460498941515414,162.29504661529225,13.304741252383877,2.846049894151541
FR,independent_2025,latest_same_hour,2025-03-04,24,162.34782410613516,19.486832980505138,142.86099112563002,72.5051717166887,1.9486832980505138
FR,independent_2025,latest_same_hour,2025-03-05,24,268.06276835888025,37.94733192202055,230.11543643685968,43.187599946495084,3.794733192202055
FR,independent_2025,latest_same_hour,2025-03-06,24,266.4379123982197,37.94733192202055,228.49058047619917,10.809333083910644,3.794733192202055
FR,independent_2025,latest_same_hour,2025-03-07,24,215.6572184161097,37.94733192202055,177.70988649408918,20.283539801155996,3.794733192202055
FR,independent_2025,latest_same_hour,2025-03-08,24,159.01210136579078,37.94733192202055,121.06476944377025,92.05964613292022,3.794733192202055
FR,independent_2025,latest_same_hour,2025-03-09,24,95.06328723909999,46.46049894151541,48.60278829758457,90.92537132066141,4.646049894151541
FR,independent_2025,latest_same_hour,2025-03-10,24,78.36019788444582,38.46049894151541,39.8996989429304,111.92551935965486,3.846049894151541
FR,independent_2025,latest_same_hour,2025-03-11,24,71.72147526985418,28.460498941515414,43.26097632833876,57.82205559205313,2.846049894151541
FR,independent_2025,latest_same_hour,2025-03-12,24,131.2210596231319,37.94733192202055,93.2737277011114,10.519476618317356,3.794733192202055
FR,independent_2025,latest_same_hour,2025-03-13,24,162.01042558251353,37.94733192202055,124.06309366049297,17.594129103079496,3.794733192202055
FR,independent_2025,latest_same_hour,2025-03-14,24,95.58074878739507,37.94733192202055,57.6334168653745,44.671606920799064,3.794733192202055
FR,independent_2025,latest_same_hour,2025-03-15,24,113.10159068987451,37.94733192202055,75.15425876785395,44.19081035819741,3.794733192202055
FR,independent_2025,latest_same_hour,2025-03-16,24,170.568019307912,37.46049894151541,133.10752036639659,62.98623663221687,3.7460498941515414
FR,independent_2025,latest_same_hour,2025-03-17,24,171.03990621167173,27.973665961010276,143.06624025066145,104.35062680768047,2.7973665961010274
FR,independent_2025,latest_same_hour,2025-03-18,24,253.98208824640244,28.460498941515414,225.52158930488702,67.85864315114151,2.846049894151541
FR,independent_2025,latest_same_hour,2025-03-19,24,309.62120582189203,37.94733192202055,271.67387389987147,9.865052049620772,3.794733192202055
FR,independent_2025,latest_same_hour,2025-03-20,24,276.29045669787513,37.94733192202055,238.34312477585456,25.710190092936728,3.794733192202055
FR,independent_2025,latest_same_hour,2025-03-21,24,102.31242561903792,37.94733192202055,64.36509369701736,37.851256916540564,3.794733192202055
FR,independent_2025,latest_same_hour,2025-03-22,24,122.18566483762024,46.46049894151541,75.72516589610483,24.811184638370463,4.646049894151542
FR,independent_2025,latest_same_hour,2025-03-23,24,120.02768268562721,47.94733192202055,72.08035076360665,63.12351732889704,4.794733192202055
FR,independent_2025,latest_same_hour,2025-03-24,24,159.77203119038592,28.460498941515414,131.3115322488705,103.87518872621143,2.846049894151541
FR,independent_2025,latest_same_hour,2025-03-25,24,92.13203927085904,29.486832980505138,62.6452062903539,108.79473279678886,2.948683298050514
FR,independent_2025,latest_same_hour,2025-03-26,24,169.37911435339254,37.94733192202055,131.43178243137197,1.139356812334114,3.794733192202055
FR,independent_2025,latest_same_hour,2025-03-27,24,272.52533342448385,37.94733192202055,234.57800150246328,35.152244223002356,3.794733192202055
FR,independent_2025,latest_same_hour,2025-03-28,24,158.28301299155314,37.94733192202055,120.33568106953258,73.53997555983274,3.794733192202055
FR,independent_2025,latest_same_hour,2025-03-29,24,150.0490528383646,46.46049894151541,103.58855389684918,32.584811875959346,4.646049894151542
FR,independent_2025,latest_same_hour,2025-03-30,23,59.32474747545619,37.94733192202055,21.37741555343564,75.45320250156921,3.794733192202055
FR,independent_2025,latest_same_hour,2025-03-31,24,251.1305484279721,37.94733192202055,213.18321650595152,190.98760563419768,3.794733192202055
FR,independent_2025,latest_same_hour,2025-04-01,24,123.68335861390712,27.973665961010276,95.70969265289683,212.8186216734495,2.7973665961010274
FR,independent_2025,latest_same_hour,2025-04-02,24,230.18950156835663,38.46049894151541,191.7290026268412,2.468488332480291,3.846049894151541
FR,independent_2025,latest_same_hour,2025-04-03,24,365.1248973666975,46.94733192202055,318.17756544467693,44.80241906033166,4.694733192202055
FR,independent_2025,latest_same_hour,2025-04-04,24,188.4305741030781,46.46049894151541,141.9700751615627,44.759855903898284,4.646049894151541
FR,independent_2025,latest_same_hour,2025-04-05,24,193.83192420566925,47.434164902525694,146.39775930314357,81.02639330827893,4.743416490252569
FR,independent_2025,latest_same_hour,2025-04-06,24,324.6372988831778,37.94733192202055,286.6899669611573,66.63822855278494,3.794733192202055
FR,independent_2025,latest_same_hour,2025-04-07,24,300.8890973853868,37.486832980505135,263.40226440488163,117.17505908776229,3.748683298050514
FR,independent_2025,latest_same_hour,2025-04-08,24,195.90361421445058,18.973665961010276,176.9299482534403,153.9816506121161,1.8973665961010275
FR,independent_2025,latest_same_hour,2025-04-09,24,222.01748018296328,37.46049894151541,184.55698124144786,12.257439112560348,3.746049894151541
FR,independent_2025,latest_same_hour,2025-04-10,24,149.3884003170781,47.434164902525694,101.9542354145524,29.34176693045343,4.743416490252569
FR,independent_2025,latest_same_hour,2025-04-11,24,215.976496677461,45.97366596101027,170.00283071645072,53.812539781906025,4.597366596101027
FR,independent_2025,latest_same_hour,2025-04-12,24,85.81083397507211,36.97366596101027,48.83716801406186,22.497180252407645,3.697366596101028
FR,independent_2025,latest_same_hour,2025-04-13,24,100.49857200239543,37.46049894151541,63.038073060880016,60.70160532598357,3.7460498941515414
FR,independent_2025,latest_same_hour,2025-04-14,24,37.477329353917234,18.973665961010276,18.503663392906958,93.9848196674684,1.8973665961010275
FR,independent_2025,latest_same_hour,2025-04-15,24,55.83329181163593,37.97366596101027,17.85962585062565,68.90167008537559,3.7973665961010274
FR,independent_2025,latest_same_hour,2025-04-16,24,173.64043755624488,47.94733192202055,125.69310563422432,145.62444027231447,4.794733192202055
FR,independent_2025,latest_same_hour,2025-04-17,24,214.39897162802103,28.973665961010276,185.42530566701078,78.81812595298976,2.8973665961010275
FR,independent_2025,latest_same_hour,2025-04-18,24,144.76790295617425,38.46049894151541,106.30740401465883,41.43444152551535,3.846049894151541
FR,independent_2025,latest_same_hour,2025-04-19,24,86.49264553267173,37.94733192202055,48.54531361065119,39.3607180664054,3.794733192202055
FR,independent_2025,latest_same_hour,2025-04-20,24,82.01141060676565,46.94733192202055,35.06407868474508,124.10906616456396,4.6947331922020545
FR,independent_2025,latest_same_hour,2025-04-21,24,101.75657115985288,28.460498941515414,73.29607221833747,153.44720596996507,2.846049894151541
FR,independent_2025,latest_same_hour,2025-04-22,24,93.42105488129724,18.973665961010276,74.44738892028695,148.70459237693527,1.8973665961010275
FR,independent_2025,latest_same_hour,2025-04-23,24,104.86715153980198,46.94733192202055,57.91981961778143,53.55659513062386,4.6947331922020545
FR,independent_2025,latest_same_hour,2025-04-24,24,138.02745442789364,37.46049894151541,100.5669554863782,39.02788937046002,3.7460498941515414
FR,independent_2025,latest_same_hour,2025-04-25,24,189.31905625197396,46.94733192202055,142.3717243299534,79.8134029906962,4.694733192202055
FR,independent_2025,latest_same_hour,2025-04-26,24,114.7591870797333,28.973665961010276,85.78552111872301,40.78344442514097,2.8973665961010275
FR,independent_2025,latest_same_hour,2025-04-27,24,175.65766835970794,28.973665961010276,146.68400239869766,97.72495859999697,2.8973665961010275
FR,independent_2025,latest_same_hour,2025-04-28,24,154.483722029535,28.973665961010276,125.5100560685247,118.0603480170468,2.8973665961010275
FR,independent_2025,latest_same_hour,2025-04-29,24,73.69087736530383,18.973665961010276,54.717211404293565,67.02810149461384,1.8973665961010275
FR,independent_2025,latest_same_hour,2025-04-30,24,194.67683583340732,37.46049894151541,157.2163368918919,185.68921061752536,3.746049894151541
FR,independent_2025,latest_same_hour,2025-05-01,24,288.40028388521637,37.94733192202055,250.45295196319583,66.30293040850373,3.794733192202055
FR,independent_2025,latest_same_hour,2025-05-02,24,154.46840852632084,46.94733192202055,107.52107660430028,18.845587294473887,4.6947331922020545
FR,independent_2025,latest_same_hour,2025-05-03,24,100.44029919758617,18.973665961010276,81.46663323657589,0.5822491706601767,1.8973665961010275
FR,independent_2025,latest_same_hour,2025-05-04,24,57.19458496866462,28.486832980505138,28.70775198815948,26.98043936094178,2.8486832980505135
FR,independent_2025,latest_same_hour,2025-05-05,24,32.93924855220295,27.973665961010273,4.965582591192675,61.51783810656612,2.7973665961010274
FR,independent_2025,latest_same_hour,2025-05-06,24,50.50949380629663,18.973665961010276,31.53582784528635,47.846737034732044,1.8973665961010275
FR,independent_2025,latest_same_hour,2025-05-07,24,97.42132804093711,48.46049894151541,48.96082909942169,89.0259520767737,4.846049894151541
FR,independent_2025,latest_same_hour,2025-05-08,24,46.02564976759793,37.46049894151541,8.565150826082522,26.728832249511335,3.7460498941515414
FR,independent_2025,latest_same_hour,2025-05-09,24,86.92855056122772,37.46049894151541,49.46805161971232,18.93574102226463,3.746049894151541
FR,independent_2025,latest_same_hour,2025-05-10,24,65.77211939631265,27.973665961010276,37.79845343530238,216.5658634754338,2.7973665961010274
FR,independent_2025,latest_same_hour,2025-05-11,24,182.35332811283766,29.486832980505138,152.86649513233252,97.73819613458897,2.948683298050514
FR,independent_2025,latest_same_hour,2025-05-12,24,136.82484102341263,18.973665961010276,117.85117506240236,34.06544283240807,1.8973665961010275
FR,independent_2025,latest_same_hour,2025-05-13,24,186.9711955687288,27.973665961010276,158.99752960771852,107.88116550173285,2.7973665961010274
FR,independent_2025,latest_same_hour,2025-05-14,24,172.69209075576782,28.486832980505135,144.20525777526268,19.21592864543078,2.8486832980505135
FR,independent_2025,latest_same_hour,2025-05-15,24,102.12300577391386,46.94733192202055,55.17567385189331,14.225959552993501,4.694733192202055
FR,independent_2025,latest_same_hour,2025-05-16,24,84.91757890068718,46.94733192202055,37.97024697866663,29.045595130623845,4.6947331922020545
FR,independent_2025,latest_same_hour,2025-05-17,24,94.04746976560084,38.46049894151541,55.58697082408543,22.256343561159156,3.846049894151541
FR,independent_2025,latest_same_hour,2025-05-18,24,62.41689693283767,28.460498941515414,33.95639799132226,66.58962751942421,2.846049894151541
FR,independent_2025,latest_same_hour,2025-05-19,24,45.72935106271636,19.486832980505138,26.24251808221123,56.96426605854198,1.9486832980505138
FR,independent_2025,latest_same_hour,2025-05-20,24,44.8737361171651,27.973665961010273,16.90007015615483,69.79911605772763,2.7973665961010274
FR,independent_2025,latest_same_hour,2025-05-21,24,114.18968671270116,28.973665961010276,85.21602075169088,41.79135169334839,2.8973665961010275
FR,independent_2025,latest_same_hour,2025-05-22,24,150.68305295090119,54.97366596101027,95.7093869898909,36.945676267918714,5.497366596101028
FR,independent_2025,latest_same_hour,2025-05-23,24,29.613200607697486,44.99999999999999,-15.386799392302516,106.23896862501664,4.5
FR,independent_2025,latest_same_hour,2025-05-24,24,51.84516664333165,47.486832980505135,4.358333662826521,49.60408753070726,4.748683298050514
FR,independent_2025,latest_same_hour,2025-05-25,24,39.728657040023755,28.460498941515414,11.26815809850834,55.48833373785091,2.846049894151541
FR,independent_2025,latest_same_hour,2025-05-26,24,82.90891214177523,19.486832980505138,63.4220791612701,37.53117096644487,1.9486832980505138
FR,independent_2025,latest_same_hour,2025-05-27,24,128.91933468273092,19.486832980505138,109.43250170222579,24.353564406563763,1.9486832980505138
FR,independent_2025,latest_same_hour,2025-05-28,24,182.41797687374725,37.46049894151541,144.95747793223182,16.808760263322256,3.746049894151541
FR,independent_2025,latest_same_hour,2025-05-29,24,89.13687714121852,54.97366596101027,34.16321118020824,72.69405336155961,5.497366596101027
FR,independent_2025,latest_same_hour,2025-05-30,24,211.28252054885797,38.46049894151541,172.8220216073426,10.865238318289755,3.846049894151541
FR,independent_2025,latest_same_hour,2025-05-31,24,170.59965291862196,27.973665961010273,142.6259869576117,31.78157295747451,2.7973665961010274
FR,independent_2025,latest_same_hour,2025-06-01,24,91.78826551609698,38.46049894151541,53.327766574581574,73.22934954089614,3.846049894151541
FR,independent_2025,latest_same_hour,2025-06-02,24,93.5239855879228,18.973665961010276,74.55031962691253,66.93649226928464,1.8973665961010275
FR,independent_2025,latest_same_hour,2025-06-03,24,119.01242711952555,18.973665961010276,100.03876115851527,73.55733480645445,1.8973665961010275
FR,independent_2025,latest_same_hour,2025-06-04,24,28.55965357162785,46.46049894151541,-17.900845369887563,131.753809553167,4.646049894151542
FR,independent_2025,latest_same_hour,2025-06-05,24,24.81927529481778,38.46049894151541,-13.64122364669763,37.32153594442214,3.846049894151541
FR,independent_2025,latest_same_hour,2025-06-06,24,109.49667735878921,63.97366596101027,45.52301139777896,88.2519989567339,6.397366596101027
FR,independent_2025,latest_same_hour,2025-06-07,24,-5.917469233354931,9.486832980505138,-15.404302213860069,69.489477931244,0.9486832980505138
FR,independent_2025,latest_same_hour,2025-06-08,24,168.614754905006,28.486832980505138,140.12792192450087,26.467542944116985,2.8486832980505135
FR,independent_2025,latest_same_hour,2025-06-09,24,105.16525936903687,27.973665961010276,77.1915934080266,26.13240114952842,2.7973665961010274
FR,independent_2025,latest_same_hour,2025-06-10,24,104.67033645901998,18.973665961010276,85.69667049800968,28.239506569813116,1.8973665961010275
FR,independent_2025,latest_same_hour,2025-06-11,24,128.5598176610067,19.486832980505138,109.07298468050155,29.44858127316641,1.9486832980505138
FR,independent_2025,latest_same_hour,2025-06-12,24,199.24038511823272,37.94733192202055,161.29305319621218,39.44932514235276,3.794733192202055
FR,independent_2025,latest_same_hour,2025-06-13,24,175.0950010148049,37.973665961010276,137.12133505379455,25.990852694029456,3.7973665961010274
FR,independent_2025,latest_same_hour,2025-06-14,24,142.36221609644127,38.46049894151541,103.90171715492585,86.16821027481615,3.846049894151541
FR,independent_2025,latest_same_hour,2025-06-15,24,57.50809721811721,37.486832980505135,20.021264237612073,79.07008685954607,3.748683298050514
FR,independent_2025,latest_same_hour,2025-06-16,24,124.82774835748661,18.973665961010276,105.85408239647633,75.79115588726474,1.8973665961010275
FR,independent_2025,latest_same_hour,2025-06-17,24,169.43994094350234,18.973665961010276,150.46627498249205,65.48103731819597,1.8973665961010275
FR,independent_2025,latest_same_hour,2025-06-18,24,258.9323283450394,54.97366596101027,203.9586623840292,34.01888879763143,5.497366596101027
FR,independent_2025,latest_same_hour,2025-06-19,24,241.36015030585105,37.94733192202055,203.41281838383048,29.55418675533963,3.794733192202055
FR,independent_2025,latest_same_hour,2025-06-20,24,333.5461344875606,46.94733192202055,286.59880256554004,20.146846475015423,4.694733192202055
FR,independent_2025,latest_same_hour,2025-06-21,24,216.39577864758,37.94733192202055,178.4484467255594,49.728860121550184,3.794733192202055
FR,independent_2025,latest_same_hour,2025-06-22,24,296.5044433149136,37.94733192202055,258.55711139289303,52.87155455380645,3.794733192202055
FR,independent_2025,latest_same_hour,2025-06-23,24,156.05226021256726,18.973665961010276,137.078594251557,28.813985193550877,1.8973665961010275
FR,independent_2025,latest_same_hour,2025-06-24,24,196.25724838685557,18.973665961010276,177.28358242584528,56.190604445982274,1.8973665961010275
FR,independent_2025,latest_same_hour,2025-06-25,24,228.94908193004355,37.94733192202055,191.00175000802298,43.014225104626945,3.794733192202055
FR,independent_2025,latest_same_hour,2025-06-26,24,168.33776663134375,46.94733192202055,121.39043470932319,33.440532548968065,4.694733192202055
FR,independent_2025,latest_same_hour,2025-06-27,24,184.7128776673771,37.46049894151541,147.25237872586166,30.935400886943057,3.746049894151541
FR,independent_2025,latest_same_hour,2025-06-28,24,173.66078610657888,37.94733192202055,135.71345418455832,50.9586258891257,3.794733192202055
FR,independent_2025,latest_same_hour,2025-06-29,24,140.50960954160632,28.973665961010276,111.53594358059604,71.86599415808354,2.8973665961010275
FR,independent_2025,latest_same_hour,2025-06-30,24,114.64072751552614,36.973665961010276,77.66706155451585,118.18006678203331,3.697366596101028
FR,independent_2025,latest_same_hour,2025-07-01,24,152.797016440699,18.973665961010276,133.8233504796887,113.44017217396367,1.8973665961010275
FR,independent_2025,latest_same_hour,2025-07-02,24,103.8771392061939,37.46049894151541,66.41664026467849,38.45181333794693,3.7460498941515414
FR,independent_2025,latest_same_hour,2025-07-03,24,149.3407385919818,46.94733192202055,102.39340666996124,21.68317654166431,4.6947331922020545
FR,independent_2025,latest_same_hour,2025-07-04,24,195.06372404811805,27.973665961010276,167.09005808710776,8.551589620283153,2.7973665961010274
FR,independent_2025,latest_same_hour,2025-07-05,24,58.27048526043202,37.46049894151541,20.80998631891661,94.99923725067406,3.7460498941515414
FR,independent_2025,latest_same_hour,2025-07-06,24,113.28054574436865,37.94733192202055,75.3332138223481,53.854261335957275,3.794733192202055
FR,independent_2025,latest_same_hour,2025-07-07,24,111.75656274379918,18.973665961010276,92.7828967827889,44.45462804459493,1.8973665961010275
FR,independent_2025,latest_same_hour,2025-07-08,24,130.53198154055758,18.973665961010276,111.55831557954728,55.156959740554456,1.8973665961010275
FR,independent_2025,latest_same_hour,2025-07-09,24,223.52400090226823,36.97366596101027,186.55033494125797,61.154167208043646,3.697366596101028
FR,independent_2025,latest_same_hour,2025-07-10,24,183.90887813677335,37.94733192202055,145.9615462147528,50.5518776816879,3.794733192202055
FR,independent_2025,latest_same_hour,2025-07-11,24,96.97348068690826,54.973665961010276,41.99981472589799,60.61043296550025,5.497366596101027
FR,independent_2025,latest_same_hour,2025-07-12,24,188.8195031053686,46.94733192202055,141.87217118334803,45.155913969780386,4.694733192202055
FR,independent_2025,latest_same_hour,2025-07-13,24,182.1614928907054,36.97366596101027,145.18782692969512,47.015409255338966,3.6973665961010274
FR,independent_2025,latest_same_hour,2025-07-14,24,118.70279309716935,18.973665961010276,99.72912713615906,25.616391768249926,1.8973665961010275
FR,independent_2025,latest_same_hour,2025-07-15,24,117.49120098380726,18.973665961010276,98.51753502279698,41.50918743560513,1.8973665961010275
FR,independent_2025,latest_same_hour,2025-07-16,24,105.59268601620258,18.973665961010276,86.6190200551923,45.761047215487366,1.8973665961010275
FR,independent_2025,latest_same_hour,2025-07-17,24,54.23144901791471,47.46049894151541,6.770950076399316,82.42242452816737,4.746049894151541
FR,independent_2025,latest_same_hour,2025-07-18,24,57.823912151920865,46.94733192202055,10.876580229900298,42.91810769843616,4.6947331922020545
FR,independent_2025,latest_same_hour,2025-07-19,24,183.92657287729716,28.973665961010276,154.95290691628688,21.122713201888445,2.8973665961010275
FR,independent_2025,latest_same_hour,2025-07-20,24,47.37886851835385,28.460498941515414,18.918369576838433,85.39987221083506,2.846049894151541
FR,independent_2025,latest_same_hour,2025-07-21,24,66.05456632374381,18.973665961010276,47.08090036273353,43.63754853556944,1.8973665961010275
FR,independent_2025,latest_same_hour,2025-07-22,24,159.87046319981926,18.973665961010276,140.89679723880897,39.3713230192962,1.8973665961010275
FR,independent_2025,latest_same_hour,2025-07-23,24,-19.71333694371492,36.973665961010276,-56.687002904725205,138.66007939648887,3.6973665961010274
FR,independent_2025,latest_same_hour,2025-07-24,24,141.84494502837973,36.97366596101027,104.87127906736944,35.47444385538287,3.6973665961010274
FR,independent_2025,latest_same_hour,2025-07-25,24,156.02331119358448,27.973665961010276,128.0496452325742,30.92520278142885,2.7973665961010274
FR,independent_2025,latest_same_hour,2025-07-26,24,134.34073205153766,36.97366596101027,97.3670660905274,54.78937398106339,3.697366596101028
FR,independent_2025,latest_same_hour,2025-07-27,24,76.14962663838165,46.94733192202055,29.202294716361102,80.11471538977031,4.6947331922020545
FR,independent_2025,latest_same_hour,2025-07-28,24,116.66147420223845,18.973665961010276,97.68780824122818,35.99396135566123,1.8973665961010275
FR,independent_2025,latest_same_hour,2025-07-29,24,157.67958981387804,37.48683298050514,120.19275683337293,16.099149884219457,3.748683298050514
FR,independent_2025,latest_same_hour,2025-07-30,24,158.4065463212554,37.48683298050514,120.91971334075029,10.499993069242151,3.748683298050514
FR,independent_2025,latest_same_hour,2025-07-31,24,193.85843727940215,46.94733192202055,146.9111053573816,19.047015931814883,4.6947331922020545
FR,independent_2025,latest_same_hour,2025-08-01,24,192.20666399606557,37.94733192202055,154.259332074045,15.350547860349934,3.794733192202055
FR,independent_2025,latest_same_hour,2025-08-02,24,167.25520702030644,37.94733192202055,129.30787509828588,39.202489307797265,3.794733192202055
FR,independent_2025,latest_same_hour,2025-08-03,24,136.17215648844765,37.94733192202055,98.22482456642709,71.996161697703,3.794733192202055
FR,independent_2025,latest_same_hour,2025-08-04,24,152.55413662081628,27.973665961010273,124.58047065980602,7.578575693888752,2.7973665961010274
FR,independent_2025,latest_same_hour,2025-08-05,24,136.85498675080075,18.973665961010276,117.88132078979045,0.0,1.8973665961010275
FR,independent_2025,latest_same_hour,2025-08-06,24,225.6251348222068,36.97366596101027,188.6514688611965,45.454689427836314,3.697366596101028
FR,independent_2025,latest_same_hour,2025-08-07,24,188.32882185025073,18.973665961010276,169.35515588924045,38.24337012027132,1.8973665961010275
FR,independent_2025,latest_same_hour,2025-08-08,24,179.16502316969198,46.94733192202055,132.2176912476714,47.54145367666203,4.694733192202055
FR,independent_2025,latest_same_hour,2025-08-09,24,163.96502912919112,37.94733192202055,126.01769720717056,31.66030026520184,3.794733192202055
FR,independent_2025,latest_same_hour,2025-08-10,24,188.57021929715228,46.94733192202055,141.6228873751317,97.07120143296572,4.6947331922020545
FR,independent_2025,latest_same_hour,2025-08-11,24,135.10546631135543,18.973665961010276,116.13180035034513,74.59024219931975,1.8973665961010275
FR,independent_2025,latest_same_hour,2025-08-12,24,250.34875392458946,27.973665961010273,222.37508796357918,33.69402316771635,2.7973665961010274
FR,independent_2025,latest_same_hour,2025-08-13,24,175.82712196342808,37.94733192202055,137.87979004140752,17.44621243439704,3.794733192202055
FR,independent_2025,latest_same_hour,2025-08-14,24,141.1939961777079,46.46049894151541,94.7334972361925,28.406021068021417,4.646049894151541
FR,independent_2025,latest_same_hour,2025-08-15,24,169.6614302503117,37.46049894151541,132.20093130879633,40.36539263103032,3.7460498941515414
FR,independent_2025,latest_same_hour,2025-08-16,24,127.53240331607768,36.97366596101027,90.5587373550674,60.489733750826616,3.697366596101027
FR,independent_2025,latest_same_hour,2025-08-17,24,167.35330812054838,18.973665961010276,148.3796421595381,1.0149999999999864,1.8973665961010275
FR,independent_2025,latest_same_hour,2025-08-18,24,89.46739842216505,28.973665961010276,60.493732461154764,108.11880095059365,2.8973665961010275
FR,independent_2025,latest_same_hour,2025-08-19,24,109.7789753732596,27.973665961010276,81.80530941224931,42.616763050411336,2.7973665961010274
FR,independent_2025,latest_same_hour,2025-08-20,24,66.97544752960184,45.97366596101027,21.001781568591568,82.57405909796132,4.597366596101027
FR,independent_2025,latest_same_hour,2025-08-21,24,111.79704888329806,37.94733192202055,73.84971696127752,76.75294555256258,3.794733192202055
FR,independent_2025,latest_same_hour,2025-08-22,24,163.85387781643797,27.973665961010273,135.8802118554277,44.630829044688625,2.7973665961010274
FR,independent_2025,latest_same_hour,2025-08-23,24,136.00041988461194,46.94733192202055,89.05308796259136,93.56533795851975,4.6947331922020545
FR,independent_2025,latest_same_hour,2025-08-24,24,186.1784071595955,45.973665961010276,140.20474119858522,60.31756324873197,4.597366596101027
FR,independent_2025,latest_same_hour,2025-08-25,24,196.08535495992595,18.973665961010276,177.11168899891567,43.85406663198455,1.8973665961010275
FR,independent_2025,latest_same_hour,2025-08-26,24,132.1669473714099,18.973665961010276,113.19328141039962,41.35651603927856,1.8973665961010275
FR,independent_2025,latest_same_hour,2025-08-27,24,139.84205163896235,37.94733192202055,101.89471971694176,3.9151576300998983,3.794733192202055
FR,independent_2025,latest_same_hour,2025-08-28,24,200.18643906380774,38.46049894151541,161.72594012229231,5.774830577642348,3.846049894151541
FR,independent_2025,latest_same_hour,2025-08-29,24,138.68017101404928,28.460498941515414,110.21967207253385,77.2625505419777,2.846049894151541
FR,independent_2025,latest_same_hour,2025-08-30,24,133.3262127547324,27.973665961010276,105.35254679372214,63.56517520641715,2.7973665961010274
FR,independent_2025,latest_same_hour,2025-08-31,24,85.87813129704872,46.94733192202055,38.93079937502816,35.04048409453715,4.694733192202055
FR,independent_2025,latest_same_hour,2025-09-01,24,108.58819530822602,46.486832980505135,62.101362327720885,86.1164707672965,4.648683298050513
FR,independent_2025,latest_same_hour,2025-09-02,24,64.53652447458232,19.486832980505138,45.04969149407718,88.29148740175076,1.9486832980505138
FR,independent_2025,latest_same_hour,2025-09-03,24,110.68993468192996,37.94733192202055,72.7426027599094,2.6461883308516434,3.794733192202055
FR,independent_2025,latest_same_hour,2025-09-04,24,129.9950033862428,37.973665961010276,92.02133742523252,78.4863429325563,3.7973665961010274
FR,independent_2025,latest_same_hour,2025-09-05,24,176.67232598275922,28.460498941515414,148.2118270412438,25.235479392243803,2.846049894151541
FR,independent_2025,latest_same_hour,2025-09-06,24,121.24447438782371,45.97366596101027,75.27080842681343,23.180667068113834,4.597366596101027
FR,independent_2025,latest_same_hour,2025-09-07,24,153.88038434873891,37.94733192202055,115.93305242671836,58.20923702560093,3.794733192202055
FR,independent_2025,latest_same_hour,2025-09-08,24,60.71724225509408,27.973665961010273,32.7435762940838,142.22098742503235,2.7973665961010274
FR,independent_2025,latest_same_hour,2025-09-09,24,147.5126766095333,18.973665961010276,128.539010648523,82.09978826413067,1.8973665961010275
FR,independent_2025,latest_same_hour,2025-09-10,24,89.20424776642261,45.97366596101027,43.230581805412356,58.60428878729893,4.597366596101027
FR,independent_2025,latest_same_hour,2025-09-11,24,87.45180438147733,28.973665961010276,58.47813842046706,12.941437199385163,2.8973665961010275
FR,independent_2025,latest_same_hour,2025-09-12,24,98.71792522562711,47.486832980505135,51.23109224512197,54.58408988289523,4.748683298050514
FR,independent_2025,latest_same_hour,2025-09-13,24,44.382317489705486,46.46049894151541,-2.07818145180992,27.226791970815775,4.646049894151541
FR,independent_2025,latest_same_hour,2025-09-14,24,13.20956283708573,37.94733192202055,-24.737769084934826,66.613163027904,3.794733192202055
FR,independent_2025,latest_same_hour,2025-09-15,24,26.937266789535773,27.973665961010276,-1.0363991714745033,28.774523446561417,2.7973665961010274
FR,independent_2025,latest_same_hour,2025-09-16,24,108.18943832776787,18.973665961010276,89.21577236675759,45.23538479592165,1.8973665961010275
FR,independent_2025,latest_same_hour,2025-09-17,24,199.2494193614704,20.0,179.2494193614704,130.483830375824,2.0
FR,independent_2025,latest_same_hour,2025-09-18,24,318.5224126151496,37.94733192202055,280.5750806931291,3.167047026938519,3.794733192202055
FR,independent_2025,latest_same_hour,2025-09-19,24,250.64591710353005,47.434164902525694,203.21175220100434,21.182257604976087,4.743416490252569
FR,independent_2025,latest_same_hour,2025-09-20,24,105.15414079898028,37.94733192202055,67.20680887695974,42.92781324466037,3.794733192202055
FR,independent_2025,latest_same_hour,2025-09-21,24,64.2678329064686,46.94733192202055,17.32050098444803,47.176340056238914,4.694733192202055
FR,independent_2025,latest_same_hour,2025-09-22,24,18.6547966568761,36.97366596101027,-18.318869304134168,140.65537811557436,3.697366596101027
FR,independent_2025,latest_same_hour,2025-09-23,24,35.42151076821497,18.486832980505135,16.93467778770983,85.67469623185363,1.8486832980505137
FR,independent_2025,latest_same_hour,2025-09-24,24,147.21426167049657,46.97366596101027,100.24059570948631,99.17999792460128,4.697366596101027
FR,independent_2025,latest_same_hour,2025-09-25,24,212.99742118026427,37.94733192202055,175.0500892582437,56.807773657470705,3.794733192202055
FR,independent_2025,latest_same_hour,2025-09-26,24,120.39434050737299,46.46049894151541,73.93384156585756,55.26531184757829,4.646049894151542
FR,independent_2025,latest_same_hour,2025-09-27,24,199.8002804553205,46.46049894151541,153.3397815138051,18.98306696959432,4.646049894151542
FR,independent_2025,latest_same_hour,2025-09-28,24,106.42631439840719,37.94733192202055,68.47898247638665,28.48017959643822,3.794733192202055
FR,independent_2025,latest_same_hour,2025-09-29,24,205.33558551813138,46.94733192202055,158.38825359611084,10.579990720124641,4.6947331922020545
FR,independent_2025,latest_same_hour,2025-09-30,24,205.237798026565,27.973665961010276,177.26413206555472,80.14760077373901,2.7973665961010274
FR,independent_2025,seven_day_same_hour,2025-01-09,24,169.91935891301677,27.486832980505135,142.4325259325116,3.9344022272362906,2.748683298050514
FR,independent_2025,seven_day_same_hour,2025-01-10,24,107.75954812392314,36.486832980505135,71.272715143418,10.065801717070485,3.6486832980505133
FR,independent_2025,seven_day_same_hour,2025-01-11,24,57.45676936677012,46.46049894151541,10.996270425254693,5.625435350100929,4.646049894151542
FR,independent_2025,seven_day_same_hour,2025-01-12,24,89.87640728841848,46.46049894151541,43.41590834690305,5.913634903398815,4.646049894151542
FR,independent_2025,seven_day_same_hour,2025-01-13,24,167.2929158078777,47.434164902525694,119.858750905352,13.031126066567708,4.743416490252569
FR,independent_2025,seven_day_same_hour,2025-01-14,24,191.56471349584513,46.46049894151541,145.1042145543297,22.672610106371735,4.646049894151542
FR,independent_2025,seven_day_same_hour,2025-01-15,24,324.4131846250475,46.46049894151541,277.9526856835321,59.89962028352272,4.646049894151542
FR,independent_2025,seven_day_same_hour,2025-01-16,24,206.50844400740732,46.46049894151541,160.0479450658919,10.373720521972132,4.646049894151542
FR,independent_2025,seven_day_same_hour,2025-01-17,24,186.2778736362983,37.94733192202055,148.33054171427773,4.270726107337168,3.794733192202055
FR,independent_2025,seven_day_same_hour,2025-01-18,24,88.31588083271185,37.94733192202055,50.36854891069129,3.5107516728701285,3.794733192202055
FR,independent_2025,seven_day_same_hour,2025-01-19,24,43.375771597263736,37.94733192202055,5.428439675243169,32.64227548643703,3.794733192202055
FR,independent_2025,seven_day_same_hour,2025-01-20,24,642.8654098999609,37.94733192202055,604.9180779779404,8.366996982738328,3.794733192202055
FR,independent_2025,seven_day_same_hour,2025-01-21,24,242.798111786277,37.94733192202055,204.85077986425642,11.937026222490317,3.794733192202055
FR,independent_2025,seven_day_same_hour,2025-01-22,24,89.4615274877857,37.94733192202055,51.514195565765135,76.01544291955395,3.794733192202055
FR,independent_2025,seven_day_same_hour,2025-01-23,24,147.84561130774955,37.94733192202055,109.8982793857291,4.485861313877194,3.794733192202055
FR,independent_2025,seven_day_same_hour,2025-01-24,24,107.43005701751645,37.94733192202055,69.48272509549588,46.97730088365904,3.794733192202055
FR,independent_2025,seven_day_same_hour,2025-01-25,24,92.24209038163372,37.94733192202055,54.29475845961315,94.02878411744496,3.794733192202055
FR,independent_2025,seven_day_same_hour,2025-01-26,24,-27.922631191667563,37.94733192202055,-65.86996311368812,225.79516169463255,3.794733192202055
FR,independent_2025,seven_day_same_hour,2025-01-27,24,115.01283813596177,46.46049894151541,68.55233919444638,16.359193410296044,4.646049894151542
FR,independent_2025,seven_day_same_hour,2025-01-28,24,162.30354917525236,47.434164902525694,114.86938427272668,14.609992464988864,4.743416490252569
FR,independent_2025,seven_day_same_hour,2025-01-29,24,172.05329897350086,47.434164902525694,124.61913407097515,103.85162450216248,4.743416490252569
FR,independent_2025,seven_day_same_hour,2025-01-30,24,205.8905319132365,47.434164902525694,158.45636701071078,26.6364170975763,4.743416490252569
FR,independent_2025,seven_day_same_hour,2025-01-31,24,157.2606374552156,47.434164902525694,109.82647255268989,19.7657346724518,4.743416490252569
FR,independent_2025,seven_day_same_hour,2025-02-01,24,108.01324915239786,46.46049894151541,61.55275021088244,17.859535359418885,4.646049894151542
FR,independent_2025,seven_day_same_hour,2025-02-02,24,86.71282739612775,47.434164902525694,39.27866249360204,28.06940247057176,4.743416490252569
FR,independent_2025,seven_day_same_hour,2025-02-03,24,228.9954013491572,47.434164902525694,181.56123644663148,75.44627601160767,4.743416490252569
FR,independent_2025,seven_day_same_hour,2025-02-04,24,152.11911217966122,46.46049894151541,105.65861323814579,50.8810665194479,4.646049894151542
FR,independent_2025,seven_day_same_hour,2025-02-05,24,146.1273359713614,37.94733192202055,108.18000404934082,11.497840347205397,3.794733192202055
FR,independent_2025,seven_day_same_hour,2025-02-06,24,168.84794377320304,37.94733192202055,130.90061185118253,12.253405881217475,3.794733192202055
FR,independent_2025,seven_day_same_hour,2025-02-07,24,89.94731951437592,37.94733192202055,51.99998759235535,5.357499297387335,3.794733192202055
FR,independent_2025,seven_day_same_hour,2025-02-08,24,53.511389762829424,37.94733192202055,15.564057840808857,38.9327905098161,3.794733192202055
FR,independent_2025,seven_day_same_hour,2025-02-09,24,64.48652180814634,37.94733192202055,26.53918988612577,13.284578637113981,3.794733192202055
FR,independent_2025,seven_day_same_hour,2025-02-10,24,126.4854209897398,37.94733192202055,88.53808906771923,2.8650492756942185,3.794733192202055
FR,independent_2025,seven_day_same_hour,2025-02-11,24,108.0413021205735,37.94733192202055,70.09397019855294,9.326270013608507,3.794733192202055
FR,independent_2025,seven_day_same_hour,2025-02-12,24,101.82345195307687,37.94733192202055,63.876120031056246,23.823761813496787,3.794733192202055
FR,independent_2025,seven_day_same_hour,2025-02-13,24,131.974993497068,36.486832980505135,95.48816051656286,9.230344648024811,3.6486832980505133
FR,independent_2025,seven_day_same_hour,2025-02-14,24,177.00343201042102,36.486832980505135,140.51659902991588,7.529293873818688,3.6486832980505133
FR,independent_2025,seven_day_same_hour,2025-02-15,24,70.28694796354182,28.486832980505135,41.80011498303668,8.298432465666963,2.8486832980505135
FR,independent_2025,seven_day_same_hour,2025-02-16,24,47.83487811357185,36.973665961010276,10.86121215256162,41.13999637947282,3.6973665961010274
FR,independent_2025,seven_day_same_hour,2025-02-17,24,273.96811872109316,36.973665961010276,236.99445276008288,36.21883751849242,3.6973665961010274
FR,independent_2025,seven_day_same_hour,2025-02-18,24,182.96520473206272,37.46049894151541,145.5047057905473,28.72367735780142,3.7460498941515414
FR,independent_2025,seven_day_same_hour,2025-02-19,24,153.73532165158286,37.94733192202055,115.7879897295623,14.871479992438879,3.794733192202055
FR,independent_2025,seven_day_same_hour,2025-02-20,24,117.54759053982576,37.94733192202055,79.6002586178052,0.3954107173265129,3.794733192202055
FR,independent_2025,seven_day_same_hour,2025-02-21,24,120.90008880612172,37.94733192202055,82.9527568841012,30.749176391615492,3.794733192202055
FR,independent_2025,seven_day_same_hour,2025-02-22,24,92.76688160121785,37.94733192202055,54.81954967919728,12.891942542429518,3.794733192202055
FR,independent_2025,seven_day_same_hour,2025-02-23,24,141.45366127692566,37.94733192202055,103.50632935490509,50.003691170671374,3.794733192202055
FR,independent_2025,seven_day_same_hour,2025-02-24,24,182.51919255047915,37.94733192202055,144.57186062845858,6.870808651886591,3.794733192202055
FR,independent_2025,seven_day_same_hour,2025-02-25,24,126.10735493870024,37.94733192202055,88.1600230166797,25.60996626372429,3.794733192202055
FR,independent_2025,seven_day_same_hour,2025-02-26,24,197.70336764841807,37.94733192202055,159.7560357263975,17.076865935058777,3.794733192202055
FR,independent_2025,seven_day_same_hour,2025-02-27,24,161.73019073163192,37.94733192202055,123.78285880961135,7.614196840191823,3.794733192202055
FR,independent_2025,seven_day_same_hour,2025-02-28,24,130.8619086104763,37.46049894151541,93.40140966896087,20.101730624098707,3.746049894151541
FR,independent_2025,seven_day_same_hour,2025-03-01,24,160.21559286459376,37.46049894151541,122.75509392307833,27.292866268610226,3.7460498941515414
FR,independent_2025,seven_day_same_hour,2025-03-02,24,168.45893419624716,37.46049894151541,130.99843525473173,62.42310220838675,3.7460498941515414
FR,independent_2025,seven_day_same_hour,2025-03-03,24,199.41591850776763,37.46049894151541,161.9554195662522,13.644368301423924,3.7460498941515414
FR,independent_2025,seven_day_same_hour,2025-03-04,24,230.98081694723373,28.973665961010276,202.00715098622345,13.359011856095265,2.8973665961010275
FR,independent_2025,seven_day_same_hour,2025-03-05,24,288.08371821535945,28.973665961010276,259.11005225434917,14.192984129005595,2.8973665961010275
FR,independent_2025,seven_day_same_hour,2025-03-06,24,251.0221659325757,28.973665961010276,222.0484999715654,17.25141358854441,2.8973665961010275
FR,independent_2025,seven_day_same_hour,2025-03-07,24,199.7318104848844,28.973665961010276,170.75814452387414,27.235281771371035,2.8973665961010275
FR,independent_2025,seven_day_same_hour,2025-03-08,24,157.3312941758918,37.46049894151541,119.8707952343764,93.25362034231406,3.7460498941515414
FR,independent_2025,seven_day_same_hour,2025-03-09,24,131.43842082142882,37.46049894151541,93.9779218799134,45.550237738332584,3.7460498941515414
FR,independent_2025,seven_day_same_hour,2025-03-10,24,173.9445533544042,46.94733192202055,126.99722143238364,24.827996870201616,4.6947331922020545
FR,independent_2025,seven_day_same_hour,2025-03-11,24,121.10892347368761,45.97366596101027,75.13525751267733,25.94777440771456,4.597366596101027
FR,independent_2025,seven_day_same_hour,2025-03-12,24,128.7944022282241,45.97366596101027,82.82073626721382,20.972468052214936,4.597366596101027
FR,independent_2025,seven_day_same_hour,2025-03-13,24,163.79930669508505,46.46049894151541,117.33880775356963,24.318415010002838,4.646049894151541
FR,independent_2025,seven_day_same_hour,2025-03-14,24,131.1403845910864,46.46049894151541,84.67988564957096,17.6251381366026,4.646049894151541
FR,independent_2025,seven_day_same_hour,2025-03-15,24,138.73625046532467,46.46049894151541,92.27575152380925,27.06931760224211,4.646049894151541
FR,independent_2025,seven_day_same_hour,2025-03-16,24,206.35709969699218,37.94733192202055,168.40976777497164,27.683989223641817,3.794733192202055
FR,independent_2025,seven_day_same_hour,2025-03-17,24,270.37059442283146,37.94733192202055,232.4232625008109,14.993604557531029,3.794733192202055
FR,independent_2025,seven_day_same_hour,2025-03-18,24,317.18106779881384,37.94733192202055,279.23373587679333,14.14649657923519,3.794733192202055
FR,independent_2025,seven_day_same_hour,2025-03-19,24,303.71127704566254,37.94733192202055,265.76394512364203,15.774980825850207,3.794733192202055
FR,independent_2025,seven_day_same_hour,2025-03-20,24,293.2130937759931,37.94733192202055,255.26576185397255,8.78755301481874,3.794733192202055
FR,independent_2025,seven_day_same_hour,2025-03-21,24,117.42746927185496,37.94733192202055,79.48013734983441,22.736213263723513,3.794733192202055
FR,independent_2025,seven_day_same_hour,2025-03-22,24,113.06363826024592,37.94733192202055,75.11630633822539,25.420044196249904,3.794733192202055
FR,independent_2025,seven_day_same_hour,2025-03-23,24,141.88809315556023,37.94733192202055,103.94076123353965,31.263106858964036,3.794733192202055
FR,independent_2025,seven_day_same_hour,2025-03-24,24,265.2945364684981,37.94733192202055,227.34720454647754,7.839516428604384,3.794733192202055
FR,independent_2025,seven_day_same_hour,2025-03-25,24,196.57208198483008,37.94733192202055,158.6247500628095,12.81518902433325,3.794733192202055
FR,independent_2025,seven_day_same_hour,2025-03-26,24,159.27853069359634,37.94733192202055,121.33119877157581,11.239940472130272,3.794733192202055
FR,independent_2025,seven_day_same_hour,2025-03-27,24,303.29991798457263,37.94733192202055,265.35258606255206,4.3776596629135724,3.794733192202055
FR,independent_2025,seven_day_same_hour,2025-03-28,24,202.66316454764163,37.94733192202055,164.71583262562106,29.159824003744262,3.794733192202055
FR,independent_2025,seven_day_same_hour,2025-03-29,24,164.2849549621954,37.94733192202055,126.33762304017483,9.83574273263369,3.794733192202055
FR,independent_2025,seven_day_same_hour,2025-03-30,23,62.89510321918679,37.94733192202055,24.94777129716623,71.88284675783862,3.794733192202055
FR,independent_2025,seven_day_same_hour,2025-03-31,24,372.3272481849838,37.94733192202055,334.3799162629632,69.79090587718599,3.794733192202055
FR,independent_2025,seven_day_same_hour,2025-04-01,24,312.26278359820134,46.46049894151541,265.8022846566859,42.72602966966042,4.646049894151542
FR,independent_2025,seven_day_same_hour,2025-04-02,24,213.48207583875782,46.46049894151541,167.02157689724243,27.175914062079073,4.646049894151542
FR,independent_2025,seven_day_same_hour,2025-04-03,24,405.711193921156,45.97366596101027,359.7375279601457,3.2424565448628755,4.597366596101027
FR,independent_2025,seven_day_same_hour,2025-04-04,24,198.49710657093442,38.46049894151541,160.036607629419,26.693323436041993,3.846049894151541
FR,independent_2025,seven_day_same_hour,2025-04-05,24,234.89744890131993,38.46049894151541,196.43694995980454,30.987202651617963,3.846049894151541
FR,independent_2025,seven_day_same_hour,2025-04-06,24,360.2264851762498,38.46049894151541,321.7659862347344,31.562209279207877,3.846049894151541
FR,independent_2025,seven_day_same_hour,2025-04-07,24,389.11046325444545,38.46049894151541,350.64996431293,29.927359179713903,3.846049894151541
FR,independent_2025,seven_day_same_hour,2025-04-08,24,336.84788246493264,38.46049894151541,298.3873835234172,32.5242153421392,3.846049894151541
FR,independent_2025,seven_day_same_hour,2025-04-09,24,222.47422776695123,38.46049894151541,184.0137288254358,12.8006915285724,3.846049894151541
FR,independent_2025,seven_day_same_hour,2025-04-10,24,149.452499880308,46.94733192202055,102.50516795828747,28.79083438671836,4.694733192202055
FR,independent_2025,seven_day_same_hour,2025-04-11,24,220.6911178602885,46.94733192202055,173.74378593826793,50.07158456008881,4.694733192202055
FR,independent_2025,seven_day_same_hour,2025-04-12,24,83.89709023059714,46.94733192202055,36.949758308576605,34.3845899578929,4.694733192202055
FR,independent_2025,seven_day_same_hour,2025-04-13,24,141.40670869724826,46.94733192202055,94.45937677522771,29.280301611635878,4.694733192202055
FR,independent_2025,seven_day_same_hour,2025-04-14,24,122.8824376900606,37.46049894151541,85.4219387485452,27.066544311830157,3.7460498941515414
FR,independent_2025,seven_day_same_hour,2025-04-15,24,93.58737458224631,37.46049894151541,56.1268756407309,30.63442029527033,3.7460498941515414
FR,independent_2025,seven_day_same_hour,2025-04-16,24,231.86091519139617,37.46049894151541,194.40041624988078,76.917129656658,3.7460498941515414
FR,independent_2025,seven_day_same_hour,2025-04-17,24,254.45134249650698,37.46049894151541,216.99084355499159,47.25258806500895,3.7460498941515414
FR,independent_2025,seven_day_same_hour,2025-04-18,24,165.3417883370725,28.460498941515414,136.88128939555708,10.860556144617107,2.846049894151541
FR,independent_2025,seven_day_same_hour,2025-04-19,24,58.97073161866573,28.460498941515414,30.510232677150313,57.395798999906276,2.846049894151541
FR,independent_2025,seven_day_same_hour,2025-04-20,24,150.4433737944903,36.97366596101027,113.46970783348002,45.703437015829024,3.6973665961010274
FR,independent_2025,seven_day_same_hour,2025-04-21,24,245.45221144378144,36.97366596101027,208.47854548277115,18.2647327055314,3.6973665961010274
FR,independent_2025,seven_day_same_hour,2025-04-22,24,224.4099935943059,37.94733192202055,186.46266167228532,36.6893196249369,3.794733192202055
FR,independent_2025,seven_day_same_hour,2025-04-23,24,109.24895001453758,37.94733192202055,71.30161809251703,40.17479665588826,3.794733192202055
FR,independent_2025,seven_day_same_hour,2025-04-24,24,147.6666931973175,37.94733192202055,109.71936127529695,29.875483581541275,3.794733192202055
FR,independent_2025,seven_day_same_hour,2025-04-25,24,218.1339674478279,37.94733192202055,180.18663552580733,41.998491794842266,3.794733192202055
FR,independent_2025,seven_day_same_hour,2025-04-26,24,124.29491078519553,37.94733192202055,86.34757886317499,40.221386680688994,3.794733192202055
FR,independent_2025,seven_day_same_hour,2025-04-27,24,197.84093993264884,37.94733192202055,159.89360801062827,84.51535298806635,3.794733192202055
FR,independent_2025,seven_day_same_hour,2025-04-28,24,240.91980290117408,37.94733192202055,202.97247097915357,40.59793310641794,3.794733192202055
FR,independent_2025,seven_day_same_hour,2025-04-29,24,141.20897607381647,38.46049894151541,102.74847713230105,18.996835766606353,3.846049894151541
FR,independent_2025,seven_day_same_hour,2025-04-30,24,293.3058930192347,28.460498941515414,264.8453940777193,78.06015343169798,2.846049894151541
FR,independent_2025,seven_day_same_hour,2025-05-01,24,239.30791779404817,36.97366596101027,202.3342518330379,114.42163053866165,3.6973665961010274
FR,independent_2025,seven_day_same_hour,2025-05-02,24,144.86465437962173,37.94733192202055,106.91732245760116,19.449341441173004,3.794733192202055
FR,independent_2025,seven_day_same_hour,2025-05-03,24,97.02653097444389,37.94733192202055,59.07919905242333,22.969683354812737,3.794733192202055
FR,independent_2025,seven_day_same_hour,2025-05-04,24,43.0211863254312,37.94733192202055,5.073854403410648,50.61433694569061,3.794733192202055
FR,independent_2025,seven_day_same_hour,2025-05-05,24,62.13394613350759,37.94733192202055,24.186614211487047,42.29680648627174,3.794733192202055
FR,independent_2025,seven_day_same_hour,2025-05-06,24,107.59983716163266,37.94733192202055,69.65250523961211,9.730059640406282,3.794733192202055
FR,independent_2025,seven_day_same_hour,2025-05-07,24,157.83591337156102,37.94733192202055,119.88858144954045,18.09819972665494,3.794733192202055
FR,independent_2025,seven_day_same_hour,2025-05-08,24,48.526374535629756,37.486832980505135,11.039541555124615,24.254441520469243,3.748683298050514
FR,independent_2025,seven_day_same_hour,2025-05-09,24,70.24062562248209,29.486832980505138,40.75379264197695,27.65,2.948683298050514
FR,independent_2025,seven_day_same_hour,2025-05-10,24,210.61526555860183,29.486832980505138,181.1284325780967,73.23588433263947,2.948683298050514
FR,independent_2025,seven_day_same_hour,2025-05-11,24,185.32238058320905,45.97366596101027,139.34871462219874,111.25597664472275,4.597366596101027
FR,independent_2025,seven_day_same_hour,2025-05-12,24,163.12272380988227,37.486832980505135,125.63589082937717,26.280727065433254,3.748683298050514
FR,independent_2025,seven_day_same_hour,2025-05-13,24,260.8418382626488,28.973665961010276,231.86817230163854,35.01052280781283,2.8973665961010275
FR,independent_2025,seven_day_same_hour,2025-05-14,24,188.48972290449018,37.46049894151541,151.02922396297475,12.391962457718705,3.746049894151541
FR,independent_2025,seven_day_same_hour,2025-05-15,24,113.57587987664493,45.97366596101027,67.60221391563466,1.799419489252145,4.597366596101027
FR,independent_2025,seven_day_same_hour,2025-05-16,24,82.34591072744547,45.97366596101027,36.3722447664352,30.643597342855273,4.597366596101027
FR,independent_2025,seven_day_same_hour,2025-05-17,24,107.39711725811775,46.94733192202055,60.4497853360972,17.393529049147382,4.6947331922020545
FR,independent_2025,seven_day_same_hour,2025-05-18,24,96.0644228268493,46.94733192202055,49.11709090482874,51.42893460591773,4.6947331922020545
FR,independent_2025,seven_day_same_hour,2025-05-19,24,86.61538833934192,45.97366596101027,40.64172237833165,42.565061762421564,4.597366596101027
FR,independent_2025,seven_day_same_hour,2025-05-20,24,129.565467754093,46.94733192202055,82.61813583207245,4.081050381810002,4.6947331922020545
FR,independent_2025,seven_day_same_hour,2025-05-21,24,127.94957569586445,46.94733192202055,81.0022437738439,46.005128671195365,4.6947331922020545
FR,independent_2025,seven_day_same_hour,2025-05-22,24,166.28258842285658,36.97366596101027,129.3089224618463,3.346140795963322,3.6973665961010274
FR,independent_2025,seven_day_same_hour,2025-05-23,24,121.60847020965973,36.97366596101027,84.63480424864944,6.217364984064673,3.6973665961010274
FR,independent_2025,seven_day_same_hour,2025-05-24,24,72.97992216076095,36.97366596101027,36.006256199750666,17.95616499378312,3.6973665961010274
FR,independent_2025,seven_day_same_hour,2025-05-25,24,71.09494099527186,37.486832980505135,33.608108014766714,33.14838382159253,3.748683298050514
FR,independent_2025,seven_day_same_hour,2025-05-26,24,111.60365118192769,37.486832980505135,74.11681820142256,26.836431926292406,3.748683298050514
FR,independent_2025,seven_day_same_hour,2025-05-27,24,150.35362782456784,37.486832980505135,112.86679484406271,20.919271264726845,3.748683298050514
FR,independent_2025,seven_day_same_hour,2025-05-28,24,198.44395476245967,37.486832980505135,160.95712178195453,0.8091164135995541,3.748683298050514
FR,independent_2025,seven_day_same_hour,2025-05-29,24,117.56471122888067,37.486832980505135,80.07787824837553,26.779386293392335,3.748683298050514
FR,independent_2025,seven_day_same_hour,2025-05-30,24,214.71757331022252,37.486832980505135,177.23074032971738,6.456519595914983,3.748683298050514
FR,independent_2025,seven_day_same_hour,2025-05-31,24,191.54854535197242,29.486832980505138,162.06171237146728,12.34584754361893,2.948683298050514
FR,independent_2025,seven_day_same_hour,2025-06-01,24,125.82165291357587,37.97366596101027,87.8479869525656,38.709129162912106,3.7973665961010274
FR,independent_2025,seven_day_same_hour,2025-06-02,24,135.6198765177152,37.97366596101027,97.64621055670492,43.84060133949225,3.7973665961010274
FR,independent_2025,seven_day_same_hour,2025-06-03,24,125.26670252386293,29.486832980505138,95.77986954335779,77.81622642161193,2.948683298050514
FR,independent_2025,seven_day_same_hour,2025-06-04,24,54.12934517418336,29.486832980505138,24.642512193678225,89.21045198960121,2.948683298050514
FR,independent_2025,seven_day_same_hour,2025-06-05,24,25.117985620388897,38.46049894151541,-13.342513321126521,37.02282561885103,3.846049894151541
FR,independent_2025,seven_day_same_hour,2025-06-06,24,161.45931703950575,29.486832980505138,131.97248405900064,1.802526295512223,2.948683298050514
FR,independent_2025,seven_day_same_hour,2025-06-07,24,72.93498204954864,28.973665961010276,43.96131608853837,10.123859628845565,2.8973665961010275
FR,independent_2025,seven_day_same_hour,2025-06-08,24,170.1477910319163,28.973665961010276,141.17412507090603,25.421339797711823,2.8973665961010275
FR,independent_2025,seven_day_same_hour,2025-06-09,24,93.47226778004449,28.973665961010276,64.4986018190342,38.82539273852082,2.8973665961010275
FR,independent_2025,seven_day_same_hour,2025-06-10,24,118.92033645901998,28.973665961010276,89.94667049800968,23.989506569813116,2.8973665961010275
FR,independent_2025,seven_day_same_hour,2025-06-11,24,136.3839325791647,28.973665961010276,107.41026661815442,31.111299335513536,2.8973665961010275
FR,independent_2025,seven_day_same_hour,2025-06-12,24,146.4010512840783,18.973665961010276,127.42738532306802,73.31499301549692,1.8973665961010275
FR,independent_2025,seven_day_same_hour,2025-06-13,24,159.91707377558734,18.973665961010276,140.94340781457706,22.168779933246952,1.8973665961010275
FR,independent_2025,seven_day_same_hour,2025-06-14,24,207.43832658295435,18.973665961010276,188.46466062194406,1.605266807797932,1.8973665961010275
FR,independent_2025,seven_day_same_hour,2025-06-15,24,112.90201705816841,27.973665961010276,84.92835109715816,14.162999999999982,2.7973665961010274
FR,independent_2025,seven_day_same_hour,2025-06-16,24,160.32174835748663,27.973665961010276,132.34808239647634,49.29715588726472,2.7973665961010274
FR,independent_2025,seven_day_same_hour,2025-06-17,24,207.73543204990904,27.973665961010276,179.76176608889875,36.18554621178927,2.7973665961010274
FR,independent_2025,seven_day_same_hour,2025-06-18,24,260.27813233110356,37.94733192202055,222.330800409083,15.646750772577633,3.794733192202055
FR,independent_2025,seven_day_same_hour,2025-06-19,24,269.53380891842323,37.94733192202055,231.5864769964027,1.3805281427674174,3.794733192202055
FR,independent_2025,seven_day_same_hour,2025-06-20,24,329.21504751953626,37.94733192202055,291.2677155975157,15.477933443039774,3.794733192202055
FR,independent_2025,seven_day_same_hour,2025-06-21,24,218.51581954473275,37.94733192202055,180.56848762271218,47.608819224397394,3.794733192202055
FR,independent_2025,seven_day_same_hour,2025-06-22,24,293.7627485835476,37.94733192202055,255.81541666152705,55.61324928517243,3.794733192202055
FR,independent_2025,seven_day_same_hour,2025-06-23,24,201.99546929308067,37.94733192202055,164.0481373710601,1.8444420740477767,3.794733192202055
FR,independent_2025,seven_day_same_hour,2025-06-24,24,252.78958191992461,37.94733192202055,214.84224999790405,18.631936873923507,3.794733192202055
FR,independent_2025,seven_day_same_hour,2025-06-25,24,228.46599269401335,37.94733192202055,190.51866077199278,43.49731434065714,3.794733192202055
FR,independent_2025,seven_day_same_hour,2025-06-26,24,176.54162714529014,36.97366596101027,139.56796118427985,15.2630060740114,3.6973665961010274
FR,independent_2025,seven_day_same_hour,2025-06-27,24,163.4825694727921,36.97366596101027,126.50890351178182,51.678876101022894,3.697366596101028
FR,independent_2025,seven_day_same_hour,2025-06-28,24,177.88659496527646,36.97366596101027,140.91292900426618,45.75915106941784,3.6973665961010274
FR,independent_2025,seven_day_same_hour,2025-06-29,24,183.08677333088764,28.973665961010276,154.11310736987735,29.288830368802223,2.8973665961010275
FR,independent_2025,seven_day_same_hour,2025-06-30,24,156.09071229545503,28.973665961010276,127.11704633444478,68.73008200210438,2.8973665961010275
FR,independent_2025,seven_day_same_hour,2025-07-01,24,162.42157755019488,28.973665961010276,133.4479115891846,113.81561106446779,2.8973665961010275
FR,independent_2025,seven_day_same_hour,2025-07-02,24,126.7045483053967,37.97366596101027,88.73088234438642,16.137571258239007,3.7973665961010274
FR,independent_2025,seven_day_same_hour,2025-07-03,24,138.78066443107352,37.97366596101027,100.80699847006322,23.269584741562326,3.7973665961010274
FR,independent_2025,seven_day_same_hour,2025-07-04,24,193.67399239698625,37.97366596101027,155.70032643597597,19.94132127141495,3.7973665961010274
FR,independent_2025,seven_day_same_hour,2025-07-05,24,74.99420417036778,27.973665961010273,47.0205382093575,68.78868536023317,2.7973665961010274
FR,independent_2025,seven_day_same_hour,2025-07-06,24,58.206269864547586,27.973665961010273,30.23260390353731,98.95487125476807,2.7973665961010274
FR,independent_2025,seven_day_same_hour,2025-07-07,24,34.32417115400581,28.486832980505135,5.837338173500683,131.40018665388314,2.8486832980505135
FR,independent_2025,seven_day_same_hour,2025-07-08,24,171.3306572579682,37.97366596101027,133.35699129695791,33.358284023143824,3.7973665961010274
FR,independent_2025,seven_day_same_hour,2025-07-09,24,216.3796661697969,27.973665961010276,188.40600020878662,59.298501940514996,2.7973665961010274
FR,independent_2025,seven_day_same_hour,2025-07-10,24,202.5045052791,27.973665961010276,174.5308393180897,21.98258457835098,2.7973665961010274
FR,independent_2025,seven_day_same_hour,2025-07-11,24,115.7357787398787,36.97366596101027,78.76211277886841,23.84813491252983,3.6973665961010274
FR,independent_2025,seven_day_same_hour,2025-07-12,24,194.3137511141387,36.97366596101027,157.34008515312843,29.687999999999988,3.6973665961010274
FR,independent_2025,seven_day_same_hour,2025-07-13,24,200.05490214604433,36.97366596101027,163.08123618503407,29.122000000000014,3.6973665961010274
FR,independent_2025,seven_day_same_hour,2025-07-14,24,98.64599569103726,36.97366596101027,61.67232973002698,63.67318917438201,3.6973665961010274
FR,independent_2025,seven_day_same_hour,2025-07-15,24,165.83720098380724,36.97366596101027,128.86353502279695,11.163187435605153,3.6973665961010274
FR,independent_2025,seven_day_same_hour,2025-07-16,24,128.70639311967668,27.973665961010276,100.73272715866638,31.647340112013282,2.7973665961010274
FR,independent_2025,seven_day_same_hour,2025-07-17,24,103.02756834841423,27.973665961010276,75.05390238740395,14.139472217162734,2.7973665961010274
FR,independent_2025,seven_day_same_hour,2025-07-18,24,72.27837388777682,27.973665961010276,44.30470792676654,9.489980001569918,2.7973665961010274
FR,independent_2025,seven_day_same_hour,2025-07-19,24,192.6792860791856,18.973665961010276,173.70562011817532,2.3700000000000045,1.8973665961010275
FR,independent_2025,seven_day_same_hour,2025-07-20,24,123.28298959975155,18.973665961010276,104.30932363874128,0.008918148932210102,1.8973665961010275
FR,independent_2025,seven_day_same_hour,2025-07-21,24,71.4629965335798,27.973665961010276,43.48933057256952,47.229118325733445,2.7973665961010274
FR,independent_2025,seven_day_same_hour,2025-07-22,24,173.7816458895315,18.973665961010276,154.8079799285212,25.460140329583965,1.8973665961010275
FR,independent_2025,seven_day_same_hour,2025-07-23,24,97.64576359483199,27.973665961010276,69.6720976338217,12.30097885794197,2.7973665961010274
FR,independent_2025,seven_day_same_hour,2025-07-24,24,126.18538888376261,18.973665961010276,107.21172292275233,33.133999999999986,1.8973665961010275
FR,independent_2025,seven_day_same_hour,2025-07-25,24,122.94966185787067,18.973665961010276,103.97599589686038,54.99885211714266,1.8973665961010275
FR,independent_2025,seven_day_same_hour,2025-07-26,24,167.8007320515377,18.973665961010276,148.8270660905274,3.329373981063384,1.8973665961010275
FR,independent_2025,seven_day_same_hour,2025-07-27,24,109.26552306529868,27.973665961010276,81.2918571042884,28.025153001843023,2.7973665961010274
FR,independent_2025,seven_day_same_hour,2025-07-28,24,131.46939898588926,27.973665961010276,103.49573302487896,30.18603657201045,2.7973665961010274
FR,independent_2025,seven_day_same_hour,2025-07-29,24,155.20208526467712,27.973665961010276,127.22841930366687,9.063487413925515,2.7973665961010274
FR,independent_2025,seven_day_same_hour,2025-07-30,24,158.54511319150248,36.97366596101027,121.5714472304922,9.848259179500246,3.6973665961010274
FR,independent_2025,seven_day_same_hour,2025-07-31,24,191.26045409127175,36.97366596101027,154.28678813026147,11.671333158935,3.6973665961010274
FR,independent_2025,seven_day_same_hour,2025-08-01,24,191.80049245882128,36.97366596101027,154.826826497811,14.783053436583941,3.6973665961010274
FR,independent_2025,seven_day_same_hour,2025-08-02,24,174.09203036709346,36.97366596101027,137.11836440608315,31.391999999999996,3.6973665961010274
FR,independent_2025,seven_day_same_hour,2025-08-03,24,148.61492295049268,36.97366596101027,111.6412569894824,58.57972927464769,3.6973665961010274
FR,independent_2025,seven_day_same_hour,2025-08-04,24,155.43430725776795,36.97366596101027,118.46064129675769,13.69840505693709,3.6973665961010274
FR,independent_2025,seven_day_same_hour,2025-08-05,24,131.78397418702,28.973665961010276,102.81030822600971,15.07101256378074,2.8973665961010275
FR,independent_2025,seven_day_same_hour,2025-08-06,24,215.46374958930147,28.973665961010276,186.49008362829122,47.61607466074159,2.8973665961010275
FR,independent_2025,seven_day_same_hour,2025-08-07,24,209.76418082414145,28.973665961010276,180.79051486313116,26.808011146380608,2.8973665961010275
FR,independent_2025,seven_day_same_hour,2025-08-08,24,168.62616491667617,28.973665961010276,139.65249895566586,40.10664596866758,2.8973665961010275
FR,independent_2025,seven_day_same_hour,2025-08-09,24,170.47254285483524,28.973665961010276,141.49887689382496,16.17912057854744,2.8973665961010275
FR,independent_2025,seven_day_same_hour,2025-08-10,24,246.52656246492734,28.973665961010276,217.55289650391705,21.14119230418038,2.8973665961010275
FR,independent_2025,seven_day_same_hour,2025-08-11,24,127.21991075579986,28.973665961010276,98.24624479478959,92.47579775487529,2.8973665961010275
FR,independent_2025,seven_day_same_hour,2025-08-12,24,239.27405098195163,28.973665961010276,210.30038502094135,45.76872611035418,2.8973665961010275
FR,independent_2025,seven_day_same_hour,2025-08-13,24,151.46773721516428,28.973665961010276,122.49407125415401,32.83193122165055,2.8973665961010275
FR,independent_2025,seven_day_same_hour,2025-08-14,24,141.37963773101697,37.486832980505135,103.89280475051183,19.246713553702094,3.748683298050514
FR,independent_2025,seven_day_same_hour,2025-08-15,24,186.27285373214255,36.97366596101027,149.29918777113227,23.26713616869438,3.697366596101028
FR,independent_2025,seven_day_same_hour,2025-08-16,24,148.62238770361037,27.973665961010273,120.64872174260009,30.39974936329392,2.7973665961010274
FR,independent_2025,seven_day_same_hour,2025-08-17,24,168.7865323066206,27.973665961010273,140.8128663456103,8.581775813927777,2.7973665961010274
FR,independent_2025,seven_day_same_hour,2025-08-18,24,180.4311986792771,27.973665961010273,152.4575327182668,16.15500069348161,2.7973665961010274
FR,independent_2025,seven_day_same_hour,2025-08-19,24,122.15485138812457,27.973665961010273,94.18118542711429,30.240887035546365,2.7973665961010274
FR,independent_2025,seven_day_same_hour,2025-08-20,24,85.49034910999985,27.973665961010273,57.51668314898957,46.05915751756332,2.7973665961010274
FR,independent_2025,seven_day_same_hour,2025-08-21,24,111.17675866543632,27.973665961010273,83.20309270442607,67.39956980941403,2.7973665961010274
FR,independent_2025,seven_day_same_hour,2025-08-22,24,146.89515110890574,18.973665961010276,127.92148514789544,52.589555752220875,1.8973665961010275
FR,independent_2025,seven_day_same_hour,2025-08-23,24,199.95086977649402,18.973665961010276,180.97720381548373,1.641222105627378,1.8973665961010275
FR,independent_2025,seven_day_same_hour,2025-08-24,24,190.10035259863363,28.973665961010276,161.12668663762335,39.395617809693846,2.8973665961010275
FR,independent_2025,seven_day_same_hour,2025-08-25,24,226.88175378161594,28.973665961010276,197.90808782060566,23.05766781029456,2.8973665961010275
FR,independent_2025,seven_day_same_hour,2025-08-26,24,167.67744147681623,27.973665961010276,139.70377551580594,14.846021933872237,2.7973665961010274
FR,independent_2025,seven_day_same_hour,2025-08-27,24,139.65438459108634,36.97366596101027,102.68071863007606,3.1291587169656054,3.6973665961010274
FR,independent_2025,seven_day_same_hour,2025-08-28,24,202.0881622248493,37.94733192202055,164.14083030282873,3.3599403971059303,3.794733192202055
FR,independent_2025,seven_day_same_hour,2025-08-29,24,191.69609420590157,37.94733192202055,153.748762283881,33.73346033063055,3.794733192202055
FR,independent_2025,seven_day_same_hour,2025-08-30,24,101.87813090366461,36.97366596101027,64.90446494265433,104.01325705748496,3.6973665961010274
FR,independent_2025,seven_day_same_hour,2025-08-31,24,93.49128935705703,36.97366596101027,56.51762339604675,17.453660073518556,3.6973665961010274
FR,independent_2025,seven_day_same_hour,2025-09-01,24,169.608978334747,36.97366596101027,132.63531237373672,15.582520721280673,3.6973665961010274
FR,independent_2025,seven_day_same_hour,2025-09-02,24,87.77659012719165,37.94733192202055,49.82925820517111,83.51192069065684,3.794733192202055
FR,independent_2025,seven_day_same_hour,2025-09-03,24,110.99670374860258,37.94733192202055,73.04937182658205,2.339419264179,3.794733192202055
FR,independent_2025,seven_day_same_hour,2025-09-04,24,175.97614192434602,36.97366596101027,139.00247596333574,31.505204394453074,3.6973665961010274
FR,independent_2025,seven_day_same_hour,2025-09-05,24,186.6967602967227,36.97366596101027,149.7230943357124,23.724212097775194,3.6973665961010274
FR,independent_2025,seven_day_same_hour,2025-09-06,24,112.34395917787157,36.97366596101027,75.37029321686131,23.081182278065953,3.6973665961010274
FR,independent_2025,seven_day_same_hour,2025-09-07,24,160.23289579217334,36.97366596101027,123.25922983116305,50.883059621156235,3.6973665961010274
FR,independent_2025,seven_day_same_hour,2025-09-08,24,166.96112138248304,37.94733192202055,129.0137894604625,45.95077425865364,3.794733192202055
FR,independent_2025,seven_day_same_hour,2025-09-09,24,231.76499008839784,37.94733192202055,193.81765816637733,16.821140746276342,3.794733192202055
FR,independent_2025,seven_day_same_hour,2025-09-10,24,65.27367807157431,38.46049894151541,26.8131791300589,75.02169146265238,3.846049894151541
FR,independent_2025,seven_day_same_hour,2025-09-11,24,100.25519238222171,38.46049894151541,61.79469344070629,9.624882179145935,3.846049894151541
FR,independent_2025,seven_day_same_hour,2025-09-12,24,129.4080208855066,38.46049894151541,90.9475219439912,14.867660184025993,3.846049894151541
FR,independent_2025,seven_day_same_hour,2025-09-13,24,42.334828222437395,38.46049894151541,3.8743292809219847,21.274281238083873,3.846049894151541
FR,independent_2025,seven_day_same_hour,2025-09-14,24,61.57393735044848,37.486832980505135,24.087104369943354,17.788289573025807,3.748683298050514
FR,independent_2025,seven_day_same_hour,2025-09-15,24,29.714643100466724,28.973665961010276,0.7409771394564478,26.997147135630467,2.8973665961010275
FR,independent_2025,seven_day_same_hour,2025-09-16,24,167.43478889876752,37.46049894151541,129.9742899572521,4.476867205427141,3.7460498941515414
FR,independent_2025,seven_day_same_hour,2025-09-17,24,302.3454437467976,37.94733192202055,264.3981118247771,45.33513791251727,3.794733192202055
FR,independent_2025,seven_day_same_hour,2025-09-18,24,300.4361432017362,37.94733192202055,262.48881127971566,21.253316440351966,3.794733192202055
FR,independent_2025,seven_day_same_hour,2025-09-19,24,243.1078602360624,45.97366596101027,197.13419427505212,27.259815530928307,4.597366596101027
FR,independent_2025,seven_day_same_hour,2025-09-20,24,103.92894675196483,37.46049894151541,66.46844781044942,43.66617431117069,3.7460498941515414
FR,independent_2025,seven_day_same_hour,2025-09-21,24,72.69939278107907,46.94733192202055,25.752060859058535,38.744780181628414,4.6947331922020545
FR,independent_2025,seven_day_same_hour,2025-09-22,24,120.93501269145563,37.94733192202055,82.98768076943509,39.34882804200511,3.794733192202055
FR,independent_2025,seven_day_same_hour,2025-09-23,24,132.21165242997566,37.46049894151541,94.75115348846025,7.858220531103214,3.7460498941515414
FR,independent_2025,seven_day_same_hour,2025-09-24,24,206.27335778962677,37.46049894151541,168.81285884811135,30.60773478597625,3.7460498941515414
FR,independent_2025,seven_day_same_hour,2025-09-25,24,258.0693057967682,37.94733192202055,220.12197387474768,11.735889040966725,3.794733192202055
FR,independent_2025,seven_day_same_hour,2025-09-26,24,160.49871441341207,37.94733192202055,122.55138249139152,6.64777092204433,3.794733192202055
FR,independent_2025,seven_day_same_hour,2025-09-27,24,165.72284606534484,37.94733192202055,127.7755141433243,44.54733434007511,3.794733192202055
FR,independent_2025,seven_day_same_hour,2025-09-28,24,114.78055850788513,37.94733192202055,76.8332265858646,20.125935486960273,3.794733192202055
FR,independent_2025,seven_day_same_hour,2025-09-29,24,189.4538070620638,37.94733192202055,151.50647514004322,17.461769176192263,3.794733192202055
FR,independent_2025,seven_day_same_hour,2025-09-30,24,263.51635391057243,37.94733192202055,225.56902198855192,31.84271085074181,3.794733192202055
FR,independent_2025,ridge_alpha_10,2025-01-09,24,180.3336493234855,38.46049894151541,141.87315038197013,4.493777777777751,3.846049894151541
FR,independent_2025,ridge_alpha_10,2025-01-10,24,125.20000629908446,45.97366596101027,79.22634033807424,2.112176522414245,4.597366596101027
FR,independent_2025,ridge_alpha_10,2025-01-11,24,58.69558825256996,47.434164902525694,11.261423350044254,5.360282425311368,4.743416490252569
FR,independent_2025,ridge_alpha_10,2025-01-12,24,83.19115933641052,47.434164902525694,35.75699443388487,13.572548816416997,4.743416490252569
FR,independent_2025,ridge_alpha_10,2025-01-13,24,165.45372951995876,46.94733192202055,118.50639759793819,14.383479373981515,4.6947331922020545
FR,independent_2025,ridge_alpha_10,2025-01-14,24,180.1538201237019,44.99999999999999,135.1538201237019,32.62300453699953,4.5
FR,independent_2025,ridge_alpha_10,2025-01-15,24,324.4131846250475,46.46049894151541,277.9526856835321,59.89962028352272,4.646049894151542
FR,independent_2025,ridge_alpha_10,2025-01-16,24,189.11074886439508,37.94733192202055,151.1634169423745,19.258248645489516,3.794733192202055
FR,independent_2025,ridge_alpha_10,2025-01-17,24,186.97242202181894,37.94733192202055,149.02509009979838,3.5761777218165207,3.794733192202055
FR,independent_2025,ridge_alpha_10,2025-01-18,24,88.31588083271185,37.94733192202055,50.36854891069129,3.5107516728701285,3.794733192202055
FR,independent_2025,ridge_alpha_10,2025-01-19,24,43.501266321127275,37.94733192202055,5.5539343991067085,32.51678076257349,3.794733192202055
FR,independent_2025,ridge_alpha_10,2025-01-20,24,642.8654098999609,37.94733192202055,604.9180779779404,8.366996982738328,3.794733192202055
FR,independent_2025,ridge_alpha_10,2025-01-21,24,244.32568549399537,37.94733192202055,206.3783535719748,10.409452514771942,3.794733192202055
FR,independent_2025,ridge_alpha_10,2025-01-22,24,89.4615274877857,37.94733192202055,51.514195565765135,76.01544291955395,3.794733192202055
FR,independent_2025,ridge_alpha_10,2025-01-23,24,147.42152568917618,37.94733192202055,109.47419376715573,4.909946932450566,3.794733192202055
FR,independent_2025,ridge_alpha_10,2025-01-24,24,101.60427278753491,36.973665961010276,64.63060682652463,51.829419152630294,3.6973665961010274
FR,independent_2025,ridge_alpha_10,2025-01-25,24,105.62823192888214,37.94733192202055,67.68090000686158,80.64264257019653,3.794733192202055
FR,independent_2025,ridge_alpha_10,2025-01-26,24,55.48931902375395,46.94733192202055,8.541987101733383,151.38321147921107,4.6947331922020545
FR,independent_2025,ridge_alpha_10,2025-01-27,24,128.34144863670545,47.434164902525694,80.90728373417974,4.004248870562677,4.743416490252569
FR,independent_2025,ridge_alpha_10,2025-01-28,24,125.04315789169735,45.97366596101027,79.06949193068706,50.409884807028476,4.597366596101027
FR,independent_2025,ridge_alpha_10,2025-01-29,24,187.08313639475534,47.434164902525694,139.64897149222963,88.821787080908,4.743416490252569
FR,independent_2025,ridge_alpha_10,2025-01-30,24,200.55747885177442,47.434164902525694,153.1233139492487,31.969470159038366,4.743416490252569
FR,independent_2025,ridge_alpha_10,2025-01-31,24,113.95724933688848,38.46049894151541,75.49675039537306,54.09545682976864,3.846049894151541
FR,independent_2025,ridge_alpha_10,2025-02-01,24,108.01324915239786,46.46049894151541,61.55275021088244,17.859535359418885,4.646049894151542
FR,independent_2025,ridge_alpha_10,2025-02-02,24,86.71282739612775,47.434164902525694,39.27866249360204,28.06940247057176,4.743416490252569
FR,independent_2025,ridge_alpha_10,2025-02-03,24,272.1296414853065,45.97366596101027,226.1559755242962,30.851536933942953,4.597366596101027
FR,independent_2025,ridge_alpha_10,2025-02-04,24,134.15770037448112,37.46049894151541,96.6972014329657,59.84247832462799,3.7460498941515414
FR,independent_2025,ridge_alpha_10,2025-02-05,24,154.33824032568577,37.94733192202055,116.39090840366526,3.286935992880956,3.794733192202055
FR,independent_2025,ridge_alpha_10,2025-02-06,24,165.35202939177645,37.94733192202055,127.40469746975594,15.749320262644062,3.794733192202055
FR,independent_2025,ridge_alpha_10,2025-02-07,24,89.33607366107503,37.94733192202055,51.38874173905447,5.968745150688221,3.794733192202055
FR,independent_2025,ridge_alpha_10,2025-02-08,24,47.029958391103435,37.94733192202055,9.082626469082868,45.41422188154209,3.794733192202055
FR,independent_2025,ridge_alpha_10,2025-02-09,24,62.18796671288271,37.94733192202055,24.240634790862146,15.583133732377604,3.794733192202055
FR,independent_2025,ridge_alpha_10,2025-02-10,24,126.45542368864182,37.46049894151541,88.99492474712639,2.4082135962870552,3.746049894151541
FR,independent_2025,ridge_alpha_10,2025-02-11,24,107.46072674504444,37.46049894151541,70.00022780352901,9.42001240863243,3.746049894151541
FR,independent_2025,ridge_alpha_10,2025-02-12,24,100.31270102946263,37.46049894151541,62.852202087947205,24.847679756605828,3.746049894151541
FR,independent_2025,ridge_alpha_10,2025-02-13,24,130.10388238595687,28.486832980505135,101.61704940545172,3.101455759135945,2.8486832980505135
FR,independent_2025,ridge_alpha_10,2025-02-14,24,177.7336814811789,36.973665961010276,140.76001552016862,7.285877383565946,3.6973665961010274
FR,independent_2025,ridge_alpha_10,2025-02-15,24,81.3402812968751,36.486832980505135,44.85344831636996,5.245099132333678,3.6486832980505133
FR,independent_2025,ridge_alpha_10,2025-02-16,24,49.903485540291626,37.94733192202055,11.95615361827106,40.04505491376338,3.794733192202055
FR,independent_2025,ridge_alpha_10,2025-02-17,24,263.83538249336715,37.46049894151541,226.37488355185172,46.838406726723576,3.7460498941515414
FR,independent_2025,ridge_alpha_10,2025-02-18,24,144.99626143023164,37.46049894151541,107.53576248871622,66.6926206596325,3.7460498941515414
FR,independent_2025,ridge_alpha_10,2025-02-19,24,167.88679287209607,37.94733192202055,129.9394609500755,0.7200087719256771,3.794733192202055
FR,independent_2025,ridge_alpha_10,2025-02-20,24,117.59302828467287,37.94733192202055,79.6456963626523,0.3499729724794065,3.794733192202055
FR,independent_2025,ridge_alpha_10,2025-02-21,24,120.90008880612172,37.94733192202055,82.9527568841012,30.749176391615492,3.794733192202055
FR,independent_2025,ridge_alpha_10,2025-02-22,24,93.05898138952091,37.94733192202055,55.11164946750037,12.599842754126428,3.794733192202055
FR,independent_2025,ridge_alpha_10,2025-02-23,24,154.95045517813747,47.43416490252569,107.51629027561177,45.9937302499647,4.743416490252569
FR,independent_2025,ridge_alpha_10,2025-02-24,24,181.09937120911263,37.46049894151541,143.6388722675972,7.803797012747964,3.746049894151541
FR,independent_2025,ridge_alpha_10,2025-02-25,24,126.81055813276322,37.94733192202055,88.86322621074265,24.906763069661338,3.794733192202055
FR,independent_2025,ridge_alpha_10,2025-02-26,24,194.89271857430174,37.94733192202055,156.94538665228117,19.887515009175104,3.794733192202055
FR,independent_2025,ridge_alpha_10,2025-02-27,24,153.98962075390688,37.46049894151541,116.52912181239145,14.867933837411726,3.7460498941515414
FR,independent_2025,ridge_alpha_10,2025-02-28,24,138.94986044089768,37.46049894151541,101.48936149938226,12.013778793677318,3.7460498941515414
FR,independent_2025,ridge_alpha_10,2025-03-01,24,160.21559286459376,37.46049894151541,122.75509392307833,27.292866268610226,3.7460498941515414
FR,independent_2025,ridge_alpha_10,2025-03-02,24,196.81864780067752,37.46049894151541,159.3581488591621,34.06338860395638,3.7460498941515414
FR,independent_2025,ridge_alpha_10,2025-03-03,24,190.25013888882208,28.973665961010276,161.2764729278118,14.323314939864332,2.8973665961010275
FR,independent_2025,ridge_alpha_10,2025-03-04,24,229.68268994483694,28.973665961010276,200.70902398382665,14.657138858492061,2.8973665961010275
FR,independent_2025,ridge_alpha_10,2025-03-05,24,253.75776297528006,28.973665961010276,224.78409701426978,48.51893936908499,2.8973665961010275
FR,independent_2025,ridge_alpha_10,2025-03-06,24,253.47310721171203,28.973665961010276,224.49944125070175,14.800472309408065,2.8973665961010275
FR,independent_2025,ridge_alpha_10,2025-03-07,24,216.37491841448107,37.46049894151541,178.91441947296565,19.079006822279524,3.7460498941515414
FR,independent_2025,ridge_alpha_10,2025-03-08,24,162.61859112274652,37.46049894151541,125.1580921812311,87.96632339545937,3.7460498941515414
FR,independent_2025,ridge_alpha_10,2025-03-09,24,131.30362836295458,46.46049894151541,84.84312942143917,54.68503019680681,4.646049894151541
FR,independent_2025,ridge_alpha_10,2025-03-10,24,161.35787061399037,38.46049894151541,122.89737167247495,28.92784663011031,3.8460498941515415
FR,independent_2025,ridge_alpha_10,2025-03-11,24,128.17485209986833,37.46049894151541,90.71435315835294,10.368678762038954,3.7460498941515414
FR,independent_2025,ridge_alpha_10,2025-03-12,24,130.44105962313193,37.94733192202055,92.49372770111137,11.299476618317385,3.794733192202055
FR,independent_2025,ridge_alpha_10,2025-03-13,24,161.33805551900448,37.94733192202055,123.39072359698392,18.266499166588545,3.794733192202055
FR,independent_2025,ridge_alpha_10,2025-03-14,24,136.48381575698932,37.94733192202055,98.53648383496875,3.768539951204815,3.794733192202055
FR,independent_2025,ridge_alpha_10,2025-03-15,24,129.50334388149454,37.94733192202055,91.55601195947398,27.78905716657738,3.794733192202055
FR,independent_2025,ridge_alpha_10,2025-03-16,24,188.85077334306237,37.94733192202055,150.90344142104183,45.190315577571624,3.794733192202055
FR,independent_2025,ridge_alpha_10,2025-03-17,24,269.11726996079767,37.46049894151541,231.65677101928225,15.760096039059675,3.7460498941515414
FR,independent_2025,ridge_alpha_10,2025-03-18,24,316.70380920025866,37.46049894151541,279.24331025874324,14.136922197285287,3.7460498941515414
FR,independent_2025,ridge_alpha_10,2025-03-19,24,306.9339659280903,37.94733192202055,268.9866340060697,12.552291943422517,3.794733192202055
FR,independent_2025,ridge_alpha_10,2025-03-20,24,293.50194801109285,37.94733192202055,255.55461608907225,8.498698779719035,3.794733192202055
FR,independent_2025,ridge_alpha_10,2025-03-21,24,117.42746927185496,37.94733192202055,79.48013734983441,22.736213263723513,3.794733192202055
FR,independent_2025,ridge_alpha_10,2025-03-22,24,129.12703851858612,46.46049894151541,82.66653957707072,17.869810957404567,4.646049894151542
FR,independent_2025,ridge_alpha_10,2025-03-23,24,133.1100857330856,37.46049894151541,95.6495867915702,39.55428130093348,3.7460498941515414
FR,independent_2025,ridge_alpha_10,2025-03-24,24,217.32346916030622,37.46049894151541,179.8629702187908,55.32375075629113,3.7460498941515414
FR,independent_2025,ridge_alpha_10,2025-03-25,24,195.61897119410776,37.94733192202055,157.6716392720872,13.76829981505557,3.794733192202055
FR,independent_2025,ridge_alpha_10,2025-03-26,24,163.56051614874474,37.94733192202055,125.61318422672419,6.957955016981899,3.794733192202055
FR,independent_2025,ridge_alpha_10,2025-03-27,24,302.85744089784686,37.94733192202055,264.9101089758263,4.820136749639346,3.794733192202055
FR,independent_2025,ridge_alpha_10,2025-03-28,24,202.66316454764163,37.94733192202055,164.71583262562106,29.159824003744262,3.794733192202055
FR,independent_2025,ridge_alpha_10,2025-03-29,24,150.0490528383646,46.46049894151541,103.58855389684918,32.584811875959346,4.646049894151542
FR,independent_2025,ridge_alpha_10,2025-03-30,23,62.89510321918679,37.94733192202055,24.94777129716623,71.88284675783862,3.794733192202055
FR,independent_2025,ridge_alpha_10,2025-03-31,24,373.8018111903805,37.94733192202055,335.8544792683599,68.31634287178929,3.794733192202055
FR,independent_2025,ridge_alpha_10,2025-04-01,24,321.9953781074044,45.97366596101027,276.0217121463941,32.50660217995221,4.597366596101027
FR,independent_2025,ridge_alpha_10,2025-04-02,24,227.7885111087882,37.486832980505135,190.30167812828307,3.895812831038427,3.748683298050514
FR,independent_2025,ridge_alpha_10,2025-04-03,24,366.5564823677747,38.46049894151541,328.09598342625935,34.884001078749236,3.846049894151541
FR,independent_2025,ridge_alpha_10,2025-04-04,24,198.49710657093442,38.46049894151541,160.036607629419,26.693323436041993,3.846049894151541
FR,independent_2025,ridge_alpha_10,2025-04-05,24,209.52276127105188,46.94733192202055,162.5754293490313,64.84872326239119,4.6947331922020545
FR,independent_2025,ridge_alpha_10,2025-04-06,24,333.7442905512529,38.46049894151541,295.2837916097375,58.044403904204785,3.846049894151541
FR,independent_2025,ridge_alpha_10,2025-04-07,24,389.11046325444545,38.46049894151541,350.64996431293,29.927359179713903,3.846049894151541
FR,independent_2025,ridge_alpha_10,2025-04-08,24,336.84788246493264,38.46049894151541,298.3873835234172,32.5242153421392,3.846049894151541
FR,independent_2025,ridge_alpha_10,2025-04-09,24,222.47422776695123,38.46049894151541,184.0137288254358,12.8006915285724,3.846049894151541
FR,independent_2025,ridge_alpha_10,2025-04-10,24,149.50161591878566,47.434164902525694,102.06745101625995,29.22855132874588,4.743416490252569
FR,independent_2025,ridge_alpha_10,2025-04-11,24,220.6911178602885,46.94733192202055,173.74378593826793,50.07158456008881,4.694733192202055
FR,independent_2025,ridge_alpha_10,2025-04-12,24,84.42669868742036,46.94733192202055,37.4793667653998,33.8549815010697,4.694733192202055
FR,independent_2025,ridge_alpha_10,2025-04-13,24,131.1943895955064,37.46049894151541,93.73389065399098,30.005787732872605,3.7460498941515414
FR,independent_2025,ridge_alpha_10,2025-04-14,24,99.12100169720637,28.973665961010276,70.14733573619611,42.341147324179246,2.8973665961010275
FR,independent_2025,ridge_alpha_10,2025-04-15,24,95.12349381743013,28.973665961010276,66.14982785641986,20.61146807958137,2.8973665961010275
FR,independent_2025,ridge_alpha_10,2025-04-16,24,230.61354091023526,37.46049894151541,193.15304196871983,78.16450393781895,3.7460498941515414
FR,independent_2025,ridge_alpha_10,2025-04-17,24,263.92145821662496,28.460498941515414,235.46095927510953,28.782472344891005,2.846049894151541
FR,independent_2025,ridge_alpha_10,2025-04-18,24,143.01336869678371,36.97366596101027,106.03970273577343,41.70214280440075,3.697366596101028
FR,independent_2025,ridge_alpha_10,2025-04-19,24,61.07922353109065,37.94733192202055,23.131891609070095,64.7741400679865,3.794733192202055
FR,independent_2025,ridge_alpha_10,2025-04-20,24,150.9391810918263,38.46049894151541,112.47868215031089,46.69446269899815,3.846049894151541
FR,independent_2025,ridge_alpha_10,2025-04-21,24,168.50013632071878,28.460498941515414,140.03963737920338,86.70364080909917,2.846049894151541
FR,independent_2025,ridge_alpha_10,2025-04-22,24,204.00724583800218,37.94733192202055,166.0599139159816,57.09206738124061,3.794733192202055
FR,independent_2025,ridge_alpha_10,2025-04-23,24,117.93644260119407,37.94733192202055,79.98911067917354,31.487304069231755,3.794733192202055
FR,independent_2025,ridge_alpha_10,2025-04-24,24,156.48228927490396,38.46049894151541,118.02179033338852,21.5730545234497,3.846049894151541
FR,independent_2025,ridge_alpha_10,2025-04-25,24,219.98587318406942,38.46049894151541,181.525374242554,40.659753078095605,3.846049894151541
FR,independent_2025,ridge_alpha_10,2025-04-26,24,124.29491078519553,37.94733192202055,86.34757886317499,40.221386680688994,3.794733192202055
FR,independent_2025,ridge_alpha_10,2025-04-27,24,200.31126718687125,37.94733192202055,162.36393526485068,82.04502573384394,3.794733192202055
FR,independent_2025,ridge_alpha_10,2025-04-28,24,245.0578240057199,37.94733192202055,207.11049208369934,36.45991200187217,3.794733192202055
FR,independent_2025,ridge_alpha_10,2025-04-29,24,115.52587736530383,27.973665961010276,87.55221140429354,34.193101494613856,2.7973665961010274
FR,independent_2025,ridge_alpha_10,2025-04-30,24,223.70146627680677,28.460498941515414,195.24096733529134,147.66458017412592,2.846049894151541
FR,independent_2025,ridge_alpha_10,2025-05-01,24,247.97565913971857,37.94733192202055,210.02832721769806,106.7275551540015,3.794733192202055
FR,independent_2025,ridge_alpha_10,2025-05-02,24,145.22166523199215,37.94733192202055,107.2743333099716,19.092330588802568,3.794733192202055
FR,independent_2025,ridge_alpha_10,2025-05-03,24,99.08916239118459,36.973665961010276,62.11549643017432,19.933385977061747,3.697366596101027
FR,independent_2025,ridge_alpha_10,2025-05-04,24,47.25965632729212,37.94733192202055,9.312324405271568,46.37586694382969,3.794733192202055
FR,independent_2025,ridge_alpha_10,2025-05-05,24,54.05395468847658,28.973665961010276,25.080288727466307,41.40313197029248,2.8973665961010275
FR,independent_2025,ridge_alpha_10,2025-05-06,24,77.65512329264126,28.973665961010276,48.68145733163098,30.701107548387412,2.8973665961010275
FR,independent_2025,ridge_alpha_10,2025-05-07,24,121.70478511201192,27.973665961010276,93.73111915100164,44.25566202519376,2.7973665961010274
FR,independent_2025,ridge_alpha_10,2025-05-08,24,40.69629268456197,28.486832980505138,12.209459704056826,23.08452337153703,2.8486832980505135
FR,independent_2025,ridge_alpha_10,2025-05-09,24,76.73187667588049,28.486832980505135,48.24504369537535,20.158748946601598,2.8486832980505135
FR,independent_2025,ridge_alpha_10,2025-05-10,24,270.4937964145287,18.973665961010276,251.52013045351836,2.844186457217802,1.8973665961010275
FR,independent_2025,ridge_alpha_10,2025-05-11,24,223.9792025684771,29.486832980505138,194.49236958797195,56.11232167894954,2.948683298050514
FR,independent_2025,ridge_alpha_10,2025-05-12,24,136.82484102341263,18.973665961010276,117.85117506240236,34.06544283240807,1.8973665961010275
FR,independent_2025,ridge_alpha_10,2025-05-13,24,172.4604599584722,18.973665961010276,153.48679399746192,113.39190111198945,1.8973665961010275
FR,independent_2025,ridge_alpha_10,2025-05-14,24,172.7364466495472,28.486832980505135,144.24961366904205,19.17157275165141,2.8486832980505135
FR,independent_2025,ridge_alpha_10,2025-05-15,24,113.57587987664493,45.97366596101027,67.60221391563466,1.799419489252145,4.597366596101027
FR,independent_2025,ridge_alpha_10,2025-05-16,24,60.19391072744548,37.97366596101027,22.220244766435204,44.795597342855274,3.7973665961010274
FR,independent_2025,ridge_alpha_10,2025-05-17,24,107.87140076623652,45.97366596101027,61.89773480522626,15.945579580018325,4.597366596101027
FR,independent_2025,ridge_alpha_10,2025-05-18,24,65.78019215511944,28.460498941515414,37.319693213604026,63.22633229714245,2.846049894151541
FR,independent_2025,ridge_alpha_10,2025-05-19,24,64.21491220972437,20.0,44.214912209724375,38.99187193102884,2.0
FR,independent_2025,ridge_alpha_10,2025-05-20,24,87.4630775411172,27.973665961010276,59.48941158010694,27.209774633775517,2.7973665961010274
FR,independent_2025,ridge_alpha_10,2025-05-21,24,113.05845437211929,28.460498941515414,84.59795543060386,42.409417014435405,2.846049894151541
FR,independent_2025,ridge_alpha_10,2025-05-22,24,151.83105090895637,28.460498941515414,123.37055196744097,9.284511290368641,2.846049894151541
FR,independent_2025,ridge_alpha_10,2025-05-23,24,118.65999203606827,28.460498941515414,90.19949309455285,0.6526761381612687,2.846049894151541
FR,independent_2025,ridge_alpha_10,2025-05-24,24,72.99775845862537,36.97366596101027,36.024092497615094,17.938328695918692,3.6973665961010274
FR,independent_2025,ridge_alpha_10,2025-05-25,24,62.335183570754786,28.460498941515414,33.87468462923937,32.88180720711988,2.846049894151541
FR,independent_2025,ridge_alpha_10,2025-05-26,24,97.96283196965166,27.973665961010276,69.98916600864138,30.96408411907359,2.7973665961010274
FR,independent_2025,ridge_alpha_10,2025-05-27,24,139.81073206979985,27.973665961010276,111.83706610878959,21.94899999999997,2.7973665961010274
FR,independent_2025,ridge_alpha_10,2025-05-28,24,183.27634401328115,37.46049894151541,145.81584507176572,15.95039312378836,3.746049894151541
FR,independent_2025,ridge_alpha_10,2025-05-29,24,116.02138877325518,19.486832980505138,96.53455579275004,10.32270874901782,1.9486832980505138
FR,independent_2025,ridge_alpha_10,2025-05-30,24,211.10138592326308,36.97366596101027,174.1277199622528,9.559539963379564,3.6973665961010274
FR,independent_2025,ridge_alpha_10,2025-05-31,24,189.40686905361673,19.486832980505138,169.9200360731116,4.487523841974621,1.9486832980505138
FR,independent_2025,ridge_alpha_10,2025-06-01,24,124.72573778190542,37.97366596101027,86.75207182089514,39.80504429458257,3.7973665961010274
FR,independent_2025,ridge_alpha_10,2025-06-02,24,93.5239855879228,18.973665961010276,74.55031962691253,66.93649226928464,1.8973665961010275
FR,independent_2025,ridge_alpha_10,2025-06-03,24,119.4672527150683,18.973665961010276,100.49358675405801,73.1025092109117,1.8973665961010275
FR,independent_2025,ridge_alpha_10,2025-06-04,24,60.20386195767182,45.97366596101027,14.230195996661536,99.6227681866179,4.597366596101027
FR,independent_2025,ridge_alpha_10,2025-06-05,24,22.870529703087655,29.486832980505138,-6.616303277417481,30.296615575141985,2.948683298050514
FR,independent_2025,ridge_alpha_10,2025-06-06,24,156.49575742950972,28.973665961010276,127.52209146849945,6.252918886013404,2.8973665961010275
FR,independent_2025,ridge_alpha_10,2025-06-07,24,72.94606390061642,28.973665961010276,43.972397939606154,10.11277777777778,2.8973665961010275
FR,independent_2025,ridge_alpha_10,2025-06-08,24,180.6907934560582,29.486832980505138,151.20396047555306,15.391504393064793,2.948683298050514
FR,independent_2025,ridge_alpha_10,2025-06-09,24,99.40625936903689,27.973665961010276,71.4325934080266,31.89140114952842,2.7973665961010274
FR,independent_2025,ridge_alpha_10,2025-06-10,24,101.34033645901997,27.973665961010276,73.36667049800967,40.56950656981313,2.7973665961010274
FR,independent_2025,ridge_alpha_10,2025-06-11,24,128.2177633332345,18.973665961010276,109.24409737222423,29.277468581443728,1.8973665961010275
FR,independent_2025,ridge_alpha_10,2025-06-12,24,162.34900078973172,18.973665961010276,143.37533482872144,57.36704350984351,1.8973665961010275
FR,independent_2025,ridge_alpha_10,2025-06-13,24,159.91707377558734,18.973665961010276,140.94340781457706,22.168779933246952,1.8973665961010275
FR,independent_2025,ridge_alpha_10,2025-06-14,24,183.93245197331476,37.94733192202055,145.9851200512942,44.084807378447806,3.794733192202055
FR,independent_2025,ridge_alpha_10,2025-06-15,24,112.81655082381309,27.973665961010276,84.8428848628028,14.248466234355334,2.7973665961010274
FR,independent_2025,ridge_alpha_10,2025-06-16,24,124.82774835748661,18.973665961010276,105.85408239647633,75.79115588726474,1.8973665961010275
FR,independent_2025,ridge_alpha_10,2025-06-17,24,169.44643204990905,18.973665961010276,150.47276608889877,65.47454621178926,1.8973665961010275
FR,independent_2025,ridge_alpha_10,2025-06-18,24,261.1737720513614,37.94733192202055,223.22644012934086,14.751111052319771,3.794733192202055
FR,independent_2025,ridge_alpha_10,2025-06-19,24,267.1563196308639,37.94733192202055,229.20898770884332,3.758017430326788,3.794733192202055
FR,independent_2025,ridge_alpha_10,2025-06-20,24,329.0775187583116,37.94733192202055,291.13018683629105,15.615462204264418,3.794733192202055
FR,independent_2025,ridge_alpha_10,2025-06-21,24,215.96815992031918,36.97366596101027,178.9944939593089,49.18281288780068,3.6973665961010274
FR,independent_2025,ridge_alpha_10,2025-06-22,24,293.7627485835476,37.94733192202055,255.81541666152705,55.61324928517243,3.794733192202055
FR,independent_2025,ridge_alpha_10,2025-06-23,24,152.48226021256727,28.973665961010276,123.50859425155699,42.3839851935509,2.8973665961010275
FR,independent_2025,ridge_alpha_10,2025-06-24,24,231.71964466780878,28.973665961010276,202.7459787067985,30.72820816502906,2.8973665961010275
FR,independent_2025,ridge_alpha_10,2025-06-25,24,228.63908886485964,37.94733192202055,190.69175694283908,43.32421816981085,3.794733192202055
FR,independent_2025,ridge_alpha_10,2025-06-26,24,159.06962714529016,36.97366596101027,122.09596118427986,32.735006074011395,3.697366596101028
FR,independent_2025,ridge_alpha_10,2025-06-27,24,171.49057654038265,45.97366596101027,125.51691057937236,52.67086903343235,4.597366596101027
FR,independent_2025,ridge_alpha_10,2025-06-28,24,177.88659496527646,36.97366596101027,140.91292900426618,45.75915106941784,3.6973665961010274
FR,independent_2025,ridge_alpha_10,2025-06-29,24,183.36902570231223,29.486832980505138,153.8821927218071,29.51974501687249,2.948683298050514
FR,independent_2025,ridge_alpha_10,2025-06-30,24,154.14271229545506,27.973665961010276,126.16904633444479,69.67808200210438,2.7973665961010274
FR,independent_2025,ridge_alpha_10,2025-07-01,24,155.33701644069902,18.973665961010276,136.36335047968873,110.90017217396365,1.8973665961010275
FR,independent_2025,ridge_alpha_10,2025-07-02,24,108.85680799487584,28.486832980505135,80.3699750143707,24.498478588254727,2.8486832980505135
FR,independent_2025,ridge_alpha_10,2025-07-03,24,137.31733109774018,36.97366596101027,100.3436651367299,23.73291807489565,3.697366596101027
FR,independent_2025,ridge_alpha_10,2025-07-04,24,194.78677017476403,27.973665961010276,166.81310421375375,8.82854349363717,2.7973665961010274
FR,independent_2025,ridge_alpha_10,2025-07-05,24,72.91658774763717,27.973665961010273,44.94292178662688,70.86630178296379,2.7973665961010274
FR,independent_2025,ridge_alpha_10,2025-07-06,24,83.57791852400067,29.486832980505138,54.09108554349553,75.09638961480985,2.948683298050514
FR,independent_2025,ridge_alpha_10,2025-07-07,24,111.75656274379918,18.973665961010276,92.7828967827889,44.45462804459493,1.8973665961010275
FR,independent_2025,ridge_alpha_10,2025-07-08,24,154.86671984971622,18.973665961010276,135.89305388870594,30.822221431395803,1.8973665961010275
FR,independent_2025,ridge_alpha_10,2025-07-09,24,227.5899995031303,28.973665961010276,198.61633354212,49.088168607181615,2.8973665961010275
FR,independent_2025,ridge_alpha_10,2025-07-10,24,217.56360907824396,37.94733192202055,179.6162771562234,16.897146740217295,3.794733192202055
FR,independent_2025,ridge_alpha_10,2025-07-11,24,110.3690997527666,37.94733192202055,72.42176783074603,30.18847986065221,3.794733192202055
FR,independent_2025,ridge_alpha_10,2025-07-12,24,191.62150310536862,37.94733192202055,153.67417118334805,33.353913969780365,3.794733192202055
FR,independent_2025,ridge_alpha_10,2025-07-13,24,212.22912436826658,28.973665961010276,183.2554584072563,8.947777777777787,2.8973665961010275
FR,independent_2025,ridge_alpha_10,2025-07-14,24,138.77999569103727,18.973665961010276,119.80632973002699,5.5391891743820025,1.8973665961010275
FR,independent_2025,ridge_alpha_10,2025-07-15,24,105.51412696784814,18.973665961010276,86.54046100683786,53.486261451564246,1.8973665961010275
FR,independent_2025,ridge_alpha_10,2025-07-16,24,117.12139311967667,18.973665961010276,98.14772715866638,34.232340112013276,1.8973665961010275
FR,independent_2025,ridge_alpha_10,2025-07-17,24,104.66138219129397,27.973665961010276,76.68771623028368,12.505658374283001,2.7973665961010274
FR,independent_2025,ridge_alpha_10,2025-07-18,24,66.90033529614202,27.973665961010276,38.926669335131734,14.868018593204724,2.7973665961010274
FR,independent_2025,ridge_alpha_10,2025-07-19,24,192.6792860791856,18.973665961010276,173.70562011817532,2.3700000000000045,1.8973665961010275
FR,independent_2025,ridge_alpha_10,2025-07-20,24,104.69298959975154,27.973665961010276,76.71932363874127,27.598918148932214,2.7973665961010274
FR,independent_2025,ridge_alpha_10,2025-07-21,24,71.8739965335798,18.973665961010276,52.90033057256953,37.81811832573344,1.8973665961010275
FR,independent_2025,ridge_alpha_10,2025-07-22,24,173.7816458895315,18.973665961010276,154.8079799285212,25.460140329583965,1.8973665961010275
FR,independent_2025,ridge_alpha_10,2025-07-23,24,60.79366305628508,18.973665961010276,41.81999709527479,40.153079396488884,1.8973665961010275
FR,independent_2025,ridge_alpha_10,2025-07-24,24,155.6513888837626,27.973665961010276,127.67772292275231,12.668000000000006,2.7973665961010274
FR,independent_2025,ridge_alpha_10,2025-07-25,24,128.0954337917563,18.973665961010276,109.12176783074602,49.85308018325702,1.8973665961010275
FR,independent_2025,ridge_alpha_10,2025-07-26,24,152.61136228812614,27.973665961010276,124.63769632711586,27.518743744474932,2.7973665961010274
FR,independent_2025,ridge_alpha_10,2025-07-27,24,107.05223808504664,28.973665961010276,78.07857212403636,31.238437982095064,2.8973665961010275
FR,independent_2025,ridge_alpha_10,2025-07-28,24,119.4974455626815,18.973665961010276,100.52377960167122,33.15798999521819,1.8973665961010275
FR,independent_2025,ridge_alpha_10,2025-07-29,24,133.18208526467714,18.973665961010276,114.20841930366687,22.08348741392551,1.8973665961010275
FR,independent_2025,ridge_alpha_10,2025-07-30,24,158.30710595658883,36.97366596101027,121.33343999557857,10.08626641441387,3.6973665961010274
FR,independent_2025,ridge_alpha_10,2025-07-31,24,193.93752855737716,36.97366596101027,156.96386259636688,8.99425869282959,3.6973665961010274
FR,independent_2025,ridge_alpha_10,2025-08-01,24,191.3688338827734,36.97366596101027,154.39516792176312,15.214712012631821,3.6973665961010274
FR,independent_2025,ridge_alpha_10,2025-08-02,24,172.93520702030645,37.94733192202055,134.98787509828588,33.52248930779726,3.794733192202055
FR,independent_2025,ridge_alpha_10,2025-08-03,24,145.0376742097409,37.94733192202055,107.09034228772035,63.13064397640974,3.794733192202055
FR,independent_2025,ridge_alpha_10,2025-08-04,24,149.4014183688791,28.973665961010276,120.42775240786881,11.731293945825968,2.8973665961010275
FR,independent_2025,ridge_alpha_10,2025-08-05,24,136.85498675080075,18.973665961010276,117.88132078979045,0.0,1.8973665961010275
FR,independent_2025,ridge_alpha_10,2025-08-06,24,212.86700107156702,27.973665961010276,184.89333511055673,49.21282317847607,2.7973665961010274
FR,independent_2025,ridge_alpha_10,2025-08-07,24,188.32882185025073,18.973665961010276,169.35515588924045,38.24337012027132,1.8973665961010275
FR,independent_2025,ridge_alpha_10,2025-08-08,24,189.61002639277686,37.94733192202055,151.66269447075632,28.09645045357712,3.794733192202055
FR,independent_2025,ridge_alpha_10,2025-08-09,24,174.94272920258686,37.94733192202055,136.99539728056632,20.682600191806074,3.794733192202055
FR,independent_2025,ridge_alpha_10,2025-08-10,24,219.76677096153222,37.94733192202055,181.81943903951165,56.87464976858578,3.794733192202055
FR,independent_2025,ridge_alpha_10,2025-08-11,24,135.10546631135543,18.973665961010276,116.13180035034513,74.59024219931975,1.8973665961010275
FR,independent_2025,ridge_alpha_10,2025-08-12,24,223.26516209306277,18.973665961010276,204.29149613205246,51.77761499924307,1.8973665961010275
FR,independent_2025,ridge_alpha_10,2025-08-13,24,143.4149151519083,18.973665961010276,124.44124919089802,30.884753284906537,1.8973665961010275
FR,independent_2025,ridge_alpha_10,2025-08-14,24,165.04895844885345,46.94733192202055,118.10162652683289,5.037891777381034,4.6947331922020545
FR,independent_2025,ridge_alpha_10,2025-08-15,24,190.3718537321426,27.973665961010273,162.3981877711323,10.168136168694332,2.7973665961010274
FR,independent_2025,ridge_alpha_10,2025-08-16,24,147.49016548138815,37.97366596101027,109.51649952037783,41.531971585516175,3.7973665961010274
FR,independent_2025,ridge_alpha_10,2025-08-17,24,157.02953230662055,36.97366596101027,120.0558663456103,29.338775813927782,3.697366596101028
FR,independent_2025,ridge_alpha_10,2025-08-18,24,153.7278071543625,19.486832980505138,134.24097417385735,34.37155923789106,1.9486832980505138
FR,independent_2025,ridge_alpha_10,2025-08-19,24,117.93406645248669,19.486832980505138,98.44723347198155,25.974838990679103,1.9486832980505138
FR,independent_2025,ridge_alpha_10,2025-08-20,24,85.49034910999985,27.973665961010273,57.51668314898957,46.05915751756332,2.7973665961010274
FR,independent_2025,ridge_alpha_10,2025-08-21,24,92.89262214087013,18.973665961010276,73.91895617985986,76.68370633398024,1.8973665961010275
FR,independent_2025,ridge_alpha_10,2025-08-22,24,147.86340781457704,18.973665961010276,128.88974185356676,51.62129904654955,1.8973665961010275
FR,independent_2025,ridge_alpha_10,2025-08-23,24,189.43060435565928,28.486832980505135,160.94377137515414,21.67465454595697,2.8486832980505135
FR,independent_2025,ridge_alpha_10,2025-08-24,24,187.5769645978893,36.97366596101027,150.603298636879,49.91900581043819,3.6973665961010274
FR,independent_2025,ridge_alpha_10,2025-08-25,24,196.39842044828265,18.973665961010276,177.42475448727237,43.54100114362785,1.8973665961010275
FR,independent_2025,ridge_alpha_10,2025-08-26,24,138.29544147681622,18.973665961010276,119.32177551580594,35.22802193387224,1.8973665961010275
FR,independent_2025,ridge_alpha_10,2025-08-27,24,138.24473264975703,36.97366596101027,101.27106668874674,4.538810658294921,3.6973665961010274
FR,independent_2025,ridge_alpha_10,2025-08-28,24,199.69489129268604,36.97366596101027,162.72122533167575,4.779545368258908,3.6973665961010274
FR,independent_2025,ridge_alpha_10,2025-08-29,24,187.1644234087822,36.97366596101027,150.19075744777192,37.29146516673964,3.6973665961010274
FR,independent_2025,ridge_alpha_10,2025-08-30,24,121.47613090366464,27.973665961010276,93.50246494265437,75.41525705748492,2.7973665961010274
FR,independent_2025,ridge_alpha_10,2025-08-31,24,105.92275939643014,36.97366596101027,68.94909343541987,5.022190034145439,3.6973665961010274
FR,independent_2025,ridge_alpha_10,2025-09-01,24,152.6666575651944,36.97366596101027,115.69299160418413,32.52484149083327,3.6973665961010274
FR,independent_2025,ridge_alpha_10,2025-09-02,24,54.91235419756079,28.973665961010276,25.938688236550526,107.40249065927742,2.8973665961010275
FR,independent_2025,ridge_alpha_10,2025-09-03,24,109.83414659115633,36.97366596101027,72.86048063014606,2.528310460614989,3.6973665961010274
FR,independent_2025,ridge_alpha_10,2025-09-04,24,113.14380402357631,27.973665961010276,85.17013806256602,85.33754229522279,2.7973665961010274
FR,independent_2025,ridge_alpha_10,2025-09-05,24,185.483892041942,36.97366596101027,148.51022608093172,24.93708035255588,3.6973665961010274
FR,independent_2025,ridge_alpha_10,2025-09-06,24,117.93564965604921,38.46049894151541,79.4751507145338,18.97632478039347,3.846049894151541
FR,independent_2025,ridge_alpha_10,2025-09-07,24,160.4839776432411,37.94733192202055,122.53664572122057,51.60564373109872,3.794733192202055
FR,independent_2025,ridge_alpha_10,2025-09-08,24,126.89650286005758,28.973665961010276,97.92283689904733,77.04172682006882,2.8973665961010275
FR,independent_2025,ridge_alpha_10,2025-09-09,24,101.72152531405443,18.973665961010276,82.74785935304415,127.89093955960952,1.8973665961010275
FR,independent_2025,ridge_alpha_10,2025-09-10,24,89.64615482167821,38.46049894151541,51.185655880162805,50.64921471254848,3.846049894151541
FR,independent_2025,ridge_alpha_10,2025-09-11,24,100.25519238222171,38.46049894151541,61.7946934407063,9.624882179145928,3.846049894151541
FR,independent_2025,ridge_alpha_10,2025-09-12,24,127.66266351147749,38.46049894151541,89.20216456996208,16.61301755805512,3.846049894151541
FR,independent_2025,ridge_alpha_10,2025-09-13,24,39.83117541931553,38.46049894151541,1.3706764778001181,23.77793404120574,3.846049894151541
FR,independent_2025,ridge_alpha_10,2025-09-14,24,40.79771522655893,28.973665961010276,11.824049265548654,30.05134467742051,2.8973665961010275
FR,independent_2025,ridge_alpha_10,2025-09-15,24,29.478415215825926,28.460498941515414,1.0179162743105086,26.720208000776406,2.846049894151541
FR,independent_2025,ridge_alpha_10,2025-09-16,24,135.25361087685343,36.97366596101027,98.27994491584316,36.17121224683608,3.697366596101028
FR,independent_2025,ridge_alpha_10,2025-09-17,24,207.95622845538674,20.0,187.95622845538674,121.77702128190765,2.0
FR,independent_2025,ridge_alpha_10,2025-09-18,24,246.578377517355,28.486832980505135,218.09154453684985,65.65058318321778,2.8486832980505135
FR,independent_2025,ridge_alpha_10,2025-09-19,24,260.71964855190913,46.94733192202055,213.7723166298886,10.621693176091838,4.6947331922020545
FR,independent_2025,ridge_alpha_10,2025-09-20,24,104.50862643255853,37.46049894151541,67.04812749104312,43.08649463057699,3.7460498941515414
FR,independent_2025,ridge_alpha_10,2025-09-21,24,68.70727529887603,47.434164902525694,21.27311039635034,43.223730644336605,4.743416490252569
FR,independent_2025,ridge_alpha_10,2025-09-22,24,119.89730114723224,37.46049894151541,82.43680220571682,39.89970660572338,3.7460498941515414
FR,independent_2025,ridge_alpha_10,2025-09-23,24,130.8679934037815,37.46049894151541,93.40749446226607,9.201879557297389,3.7460498941515414
FR,independent_2025,ridge_alpha_10,2025-09-24,24,202.74196727655342,37.94733192202055,164.7946353545329,34.62595827955471,3.794733192202055
FR,independent_2025,ridge_alpha_10,2025-09-25,24,257.28108125482413,37.94733192202055,219.33374933280356,12.524113582910843,3.794733192202055
FR,independent_2025,ridge_alpha_10,2025-09-26,24,158.4322086871293,37.46049894151541,120.97170974561388,8.227443667821973,3.7460498941515414
FR,independent_2025,ridge_alpha_10,2025-09-27,24,165.52735557739533,37.46049894151541,128.06685663587993,44.25599184751948,3.7460498941515414
FR,independent_2025,ridge_alpha_10,2025-09-28,24,114.78055850788513,37.94733192202055,76.8332265858646,20.125935486960273,3.794733192202055
FR,independent_2025,ridge_alpha_10,2025-09-29,24,205.58620286956238,38.46049894151541,167.12570392804702,1.8425403881884677,3.846049894151541
FR,independent_2025,ridge_alpha_10,2025-09-30,24,251.1274119947167,36.97366596101027,214.15374603370645,43.25798680558728,3.697366596101028
FR,independent_2025,rf_depth_6_leaf_20,2025-01-09,24,171.14491446857235,37.486832980505135,133.65808148806715,12.708846671680732,3.748683298050514
FR,independent_2025,rf_depth_6_leaf_20,2025-01-10,24,90.6128013429364,37.46049894151541,53.15230240142097,28.186214459067514,3.7460498941515414
FR,independent_2025,rf_depth_6_leaf_20,2025-01-11,24,35.01005004420031,27.486832980505135,7.523217063695171,9.098488711660451,2.748683298050514
FR,independent_2025,rf_depth_6_leaf_20,2025-01-12,24,54.14977710859222,46.947331922020545,7.202445186571708,42.12709806373016,4.6947331922020545
FR,independent_2025,rf_depth_6_leaf_20,2025-01-13,24,162.9585346496507,45.97366596101027,116.9848686886404,15.905008283279301,4.597366596101027
FR,independent_2025,rf_depth_6_leaf_20,2025-01-14,24,59.23604340948168,27.486832980505138,31.74921042897654,136.0276142317249,2.748683298050514
FR,independent_2025,rf_depth_6_leaf_20,2025-01-15,24,57.53921586528074,9.486832980505138,48.0523828847756,289.7999230822792,0.9486832980505138
FR,independent_2025,rf_depth_6_leaf_20,2025-01-16,24,12.132019061613164,18.0,-5.867980938386836,176.28964652625086,1.7999999999999998
FR,independent_2025,rf_depth_6_leaf_20,2025-01-17,24,0.20964935397597628,18.0,-17.790350646024024,170.39161846763892,1.7999999999999998
FR,independent_2025,rf_depth_6_leaf_20,2025-01-18,24,0.0,0.0,0.0,53.87930058356142,0.0
FR,independent_2025,rf_depth_6_leaf_20,2025-01-19,24,0.0,0.0,0.0,38.0707151616802,0.0
FR,independent_2025,rf_depth_6_leaf_20,2025-01-20,24,0.0,0.0,0.0,613.2850749606787,0.0
FR,independent_2025,rf_depth_6_leaf_20,2025-01-21,24,0.0,0.0,0.0,216.78780608674674,0.0
FR,independent_2025,rf_depth_6_leaf_20,2025-01-22,24,0.0,0.0,0.0,127.52963848531908,0.0
FR,independent_2025,rf_depth_6_leaf_20,2025-01-23,24,0.0,0.0,0.0,114.38414069960629,0.0
FR,independent_2025,rf_depth_6_leaf_20,2025-01-24,24,0.0,0.0,0.0,116.46002597915492,0.0
FR,independent_2025,rf_depth_6_leaf_20,2025-01-25,24,0.0,0.0,0.0,148.3235425770581,0.0
FR,independent_2025,rf_depth_6_leaf_20,2025-01-26,24,0.0,0.0,0.0,159.92519858094445,0.0
FR,independent_2025,rf_depth_6_leaf_20,2025-01-27,24,63.06487202327409,18.973665961010276,44.09120606226381,40.82032654247861,1.8973665961010275
FR,independent_2025,rf_depth_6_leaf_20,2025-01-28,24,53.22082036703742,18.973665961010276,34.24715440602714,95.2322223316884,1.8973665961010275
FR,independent_2025,rf_depth_6_leaf_20,2025-01-29,24,172.05329897350086,47.434164902525694,124.61913407097515,103.85162450216248,4.743416490252569
FR,independent_2025,rf_depth_6_leaf_20,2025-01-30,24,203.6384425454197,46.46049894151541,157.17794360390434,27.914840504382738,4.646049894151542
FR,independent_2025,rf_depth_6_leaf_20,2025-01-31,24,117.42391600355512,38.46049894151541,78.9634170620397,50.628790163101996,3.846049894151541
FR,independent_2025,rf_depth_6_leaf_20,2025-02-01,24,100.17419624098466,46.46049894151541,53.71369729946923,25.69858827083209,4.646049894151542
FR,independent_2025,rf_depth_6_leaf_20,2025-02-02,24,57.83005446866298,56.947331922020545,0.8827225466424125,66.46534241753139,5.6947331922020545
FR,independent_2025,rf_depth_6_leaf_20,2025-02-03,24,211.48339939852337,28.460498941515414,183.02290045700795,73.9846120012312,2.846049894151541
FR,independent_2025,rf_depth_6_leaf_20,2025-02-04,24,155.77692875994302,28.460498941515414,127.3164298184276,29.223249939166095,2.846049894151541
FR,independent_2025,rf_depth_6_leaf_20,2025-02-05,24,13.138974041082921,9.486832980505138,3.6521410605777795,116.02570333596844,0.9486832980505138
FR,independent_2025,rf_depth_6_leaf_20,2025-02-06,24,0.0,0.0,0.0,143.1540177324,0.0
FR,independent_2025,rf_depth_6_leaf_20,2025-02-07,24,0.0,0.0,0.0,57.35748688974269,0.0
FR,independent_2025,rf_depth_6_leaf_20,2025-02-08,24,0.0,0.0,0.0,54.49684835062496,0.0
FR,independent_2025,rf_depth_6_leaf_20,2025-02-09,24,0.0,0.0,0.0,39.82376852323975,0.0
FR,independent_2025,rf_depth_6_leaf_20,2025-02-10,24,0.0,0.0,0.0,91.40313834341345,0.0
FR,independent_2025,rf_depth_6_leaf_20,2025-02-11,24,0.0,0.0,0.0,79.42024021216145,0.0
FR,independent_2025,rf_depth_6_leaf_20,2025-02-12,24,0.0,0.0,0.0,87.69988184455303,0.0
FR,independent_2025,rf_depth_6_leaf_20,2025-02-13,24,0.0,0.0,0.0,104.71850516458767,0.0
FR,independent_2025,rf_depth_6_leaf_20,2025-02-14,24,0.0,0.0,0.0,148.04589290373457,0.0
FR,independent_2025,rf_depth_6_leaf_20,2025-02-15,24,0.0,0.0,0.0,50.09854744870364,0.0
FR,independent_2025,rf_depth_6_leaf_20,2025-02-16,24,0.0,0.0,0.0,52.00120853203444,0.0
FR,independent_2025,rf_depth_6_leaf_20,2025-02-17,24,0.0,0.0,0.0,273.2132902785753,0.0
FR,independent_2025,rf_depth_6_leaf_20,2025-02-18,24,0.0,0.0,0.0,174.2283831483487,0.0
FR,independent_2025,rf_depth_6_leaf_20,2025-02-19,24,0.0,0.0,0.0,130.65946972200118,0.0
FR,independent_2025,rf_depth_6_leaf_20,2025-02-20,24,0.0,0.0,0.0,79.99566933513171,0.0
FR,independent_2025,rf_depth_6_leaf_20,2025-02-21,24,0.0,0.0,0.0,113.7019332757167,0.0
FR,independent_2025,rf_depth_6_leaf_20,2025-02-22,24,0.0,0.0,0.0,67.7114922216268,0.0
FR,independent_2025,rf_depth_6_leaf_20,2025-02-23,24,113.76482778852414,18.0,95.76482778852414,57.74519273705232,1.7999999999999998
FR,independent_2025,rf_depth_6_leaf_20,2025-02-24,24,150.21740743945514,18.486832980505138,131.73057445895,19.71209482139517,1.8486832980505137
FR,independent_2025,rf_depth_6_leaf_20,2025-02-25,24,109.34576779422162,36.97366596101027,72.37210183321139,41.3978874471926,3.6973665961010274
FR,independent_2025,rf_depth_6_leaf_20,2025-02-26,24,194.182195735064,35.99999999999999,158.182195735064,18.650705926392277,3.5999999999999996
FR,independent_2025,rf_depth_6_leaf_20,2025-02-27,24,135.23883901799218,37.46049894151541,97.77834007647672,33.618715573326455,3.7460498941515414
FR,independent_2025,rf_depth_6_leaf_20,2025-02-28,24,57.13897443545481,37.94733192202055,19.191642513434275,94.3114977796253,3.794733192202055
FR,independent_2025,rf_depth_6_leaf_20,2025-03-01,24,156.38496300312715,37.94733192202055,118.43763108110659,31.610329110581972,3.794733192202055
FR,independent_2025,rf_depth_6_leaf_20,2025-03-02,24,207.03341146954602,37.94733192202055,169.08607954752546,24.335457915593025,3.794733192202055
FR,independent_2025,rf_depth_6_leaf_20,2025-03-03,24,137.76889846984963,37.94733192202055,99.82156654782906,75.77822131984706,3.794733192202055
FR,independent_2025,rf_depth_6_leaf_20,2025-03-04,24,135.13091790658473,18.973665961010276,116.15725194557444,99.20891089674427,1.8973665961010275
FR,independent_2025,rf_depth_6_leaf_20,2025-03-05,24,191.99287388160928,18.973665961010276,173.019207920599,100.28382846275576,1.8973665961010275
FR,independent_2025,rf_depth_6_leaf_20,2025-03-06,24,198.647695764433,18.973665961010276,179.6740298034227,59.6258837566871,1.8973665961010275
FR,independent_2025,rf_depth_6_leaf_20,2025-03-07,24,156.7373283440516,18.973665961010276,137.76366238304132,60.22976391220385,1.8973665961010275
FR,independent_2025,rf_depth_6_leaf_20,2025-03-08,24,99.24824469239866,18.973665961010276,80.27457873138839,132.8498368453021,1.8973665961010275
FR,independent_2025,rf_depth_6_leaf_20,2025-03-09,24,140.70011695900806,28.460498941515414,112.23961801749265,27.288541600753334,2.846049894151541
FR,independent_2025,rf_depth_6_leaf_20,2025-03-10,24,162.15720135892911,37.46049894151541,124.69670241741369,27.128515885171566,3.746049894151541
FR,independent_2025,rf_depth_6_leaf_20,2025-03-11,24,120.84473544293348,47.434164902525694,73.4105705404078,27.672461379984085,4.743416490252569
FR,independent_2025,rf_depth_6_leaf_20,2025-03-12,24,130.02465361012787,47.434164902525694,82.59048870760216,21.20271561182659,4.743416490252569
FR,independent_2025,rf_depth_6_leaf_20,2025-03-13,24,163.2691996718683,45.97366596101027,117.29553371085802,24.36168905271444,4.597366596101027
FR,independent_2025,rf_depth_6_leaf_20,2025-03-14,24,90.69639765470038,37.94733192202055,52.74906573267981,49.555958053493754,3.794733192202055
FR,independent_2025,rf_depth_6_leaf_20,2025-03-15,24,120.9587534927054,37.94733192202055,83.01142157068483,36.333647555366525,3.794733192202055
FR,independent_2025,rf_depth_6_leaf_20,2025-03-16,24,170.7930593422844,45.97366596101027,124.81939338127412,71.27436361733933,4.597366596101027
FR,independent_2025,rf_depth_6_leaf_20,2025-03-17,24,179.58500907498666,18.973665961010276,160.61134311397637,86.80552394436555,1.8973665961010275
FR,independent_2025,rf_depth_6_leaf_20,2025-03-18,24,284.051910730409,28.460498941515414,255.59141178889362,37.7888206671349,2.846049894151541
FR,independent_2025,rf_depth_6_leaf_20,2025-03-19,24,289.6776147781213,28.460498941515414,261.2171158366059,20.32181011288634,2.846049894151541
FR,independent_2025,rf_depth_6_leaf_20,2025-03-20,24,229.1331949127594,28.460498941515414,200.67269597124397,63.38061889754732,2.846049894151541
FR,independent_2025,rf_depth_6_leaf_20,2025-03-21,24,102.42800705645703,28.973665961010276,73.45434109544675,28.76200951811117,2.8973665961010275
FR,independent_2025,rf_depth_6_leaf_20,2025-03-22,24,93.28555577147088,18.973665961010276,74.3118898104606,26.22446072401469,1.8973665961010275
FR,independent_2025,rf_depth_6_leaf_20,2025-03-23,24,143.8146087406342,47.434164902525694,96.38044383810853,38.82342425439515,4.743416490252569
FR,independent_2025,rf_depth_6_leaf_20,2025-03-24,24,266.6046581115908,37.94733192202055,228.65732618957026,6.52939478551167,3.794733192202055
FR,independent_2025,rf_depth_6_leaf_20,2025-03-25,24,196.2475266644933,37.94733192202055,158.30019474247274,13.13974434467002,3.794733192202055
FR,independent_2025,rf_depth_6_leaf_20,2025-03-26,24,158.916110585887,37.94733192202055,120.96877866386643,11.602360579839655,3.794733192202055
FR,independent_2025,rf_depth_6_leaf_20,2025-03-27,24,303.29991798457263,37.94733192202055,265.35258606255206,4.3776596629135724,3.794733192202055
FR,independent_2025,rf_depth_6_leaf_20,2025-03-28,24,206.94404922288348,37.94733192202055,168.9967173008629,24.878939328502412,3.794733192202055
FR,independent_2025,rf_depth_6_leaf_20,2025-03-29,24,164.2849549621954,37.94733192202055,126.33762304017483,9.83574273263369,3.794733192202055
FR,independent_2025,rf_depth_6_leaf_20,2025-03-30,23,112.30827355702877,38.46049894151541,73.84777461551334,22.982843439491504,3.846049894151541
FR,independent_2025,rf_depth_6_leaf_20,2025-03-31,24,343.4339638303177,38.46049894151541,304.97346488880225,99.19735725134694,3.846049894151541
FR,independent_2025,rf_depth_6_leaf_20,2025-04-01,24,314.51357813613254,55.46049894151541,259.05307919461717,49.475235131729164,5.54604989415154
FR,independent_2025,rf_depth_6_leaf_20,2025-04-02,24,213.44704496870727,28.973665961010276,184.47337900769702,9.72411195162448,2.8973665961010275
FR,independent_2025,rf_depth_6_leaf_20,2025-04-03,24,381.50766326803534,37.46049894151541,344.0471643265199,18.93282017848867,3.7460498941515414
FR,independent_2025,rf_depth_6_leaf_20,2025-04-04,24,185.22958030788823,46.46049894151541,138.7690813663728,47.960849699088186,4.646049894151541
FR,independent_2025,rf_depth_6_leaf_20,2025-04-05,24,210.71447431477503,47.434164902525694,163.28030941224938,64.14384319917312,4.743416490252569
FR,independent_2025,rf_depth_6_leaf_20,2025-04-06,24,333.7983831046423,38.46049894151541,295.3378841631269,57.990311350815375,3.846049894151541
FR,independent_2025,rf_depth_6_leaf_20,2025-04-07,24,389.2888262330897,38.46049894151541,350.8283272915743,29.748996201069644,3.846049894151541
FR,independent_2025,rf_depth_6_leaf_20,2025-04-08,24,377.74125301911715,47.434164902525694,330.30708811659144,0.6045107489649695,4.743416490252569
FR,independent_2025,rf_depth_6_leaf_20,2025-04-09,24,240.26298234756356,47.434164902525694,192.82881744503788,3.9856029089703213,4.743416490252569
FR,independent_2025,rf_depth_6_leaf_20,2025-04-10,24,149.02045553400936,47.434164902525694,101.58629063148368,29.709711713522154,4.743416490252569
FR,independent_2025,rf_depth_6_leaf_20,2025-04-11,24,223.08118177412098,46.94733192202055,176.13384985210044,47.6815206462563,4.694733192202055
FR,independent_2025,rf_depth_6_leaf_20,2025-04-12,24,83.82882542821964,47.434164902525694,36.394660525693965,34.93968774077554,4.743416490252569
FR,independent_2025,rf_depth_6_leaf_20,2025-04-13,24,120.6358750232615,37.94733192202055,82.68854310124097,41.05113528562262,3.794733192202055
FR,independent_2025,rf_depth_6_leaf_20,2025-04-14,24,126.72465347932915,46.46049894151541,80.26415453781374,32.22432852256162,4.646049894151541
FR,independent_2025,rf_depth_6_leaf_20,2025-04-15,24,94.02893209556447,37.94733192202055,56.08160017354392,30.679695762457314,3.794733192202055
FR,independent_2025,rf_depth_6_leaf_20,2025-04-16,24,240.91400292693874,37.46049894151541,203.4535039854233,67.86404192111547,3.7460498941515414
FR,independent_2025,rf_depth_6_leaf_20,2025-04-17,24,276.55793545339947,28.460498941515414,248.09743651188404,16.145995108116495,2.846049894151541
FR,independent_2025,rf_depth_6_leaf_20,2025-04-18,24,143.01336869678371,36.97366596101027,106.03970273577343,41.70214280440075,3.697366596101028
FR,independent_2025,rf_depth_6_leaf_20,2025-04-19,24,109.14145009869307,28.460498941515414,80.68095115717765,7.225080519878944,2.846049894151541
FR,independent_2025,rf_depth_6_leaf_20,2025-04-20,24,161.96662321046148,27.973665961010276,133.9929572494512,25.180187599857845,2.7973665961010274
FR,independent_2025,rf_depth_6_leaf_20,2025-04-21,24,196.3095822757965,28.460498941515414,167.84908333428106,58.89419485402149,2.846049894151541
FR,independent_2025,rf_depth_6_leaf_20,2025-04-22,24,147.0146215041507,37.94733192202055,109.06728958213012,114.0846917150921,3.794733192202055
FR,independent_2025,rf_depth_6_leaf_20,2025-04-23,24,108.73466092006588,37.94733192202055,70.78732899804533,40.689085750359965,3.794733192202055
FR,independent_2025,rf_depth_6_leaf_20,2025-04-24,24,142.3187949626867,28.973665961010276,113.34512900167638,26.24971585516184,2.8973665961010275
FR,independent_2025,rf_depth_6_leaf_20,2025-04-25,24,219.53585267774298,28.973665961010276,190.5621867167327,31.622940603916902,2.8973665961010275
FR,independent_2025,rf_depth_6_leaf_20,2025-04-26,24,108.28756094316059,20.0,88.28756094316059,38.2814046007034,2.0
FR,independent_2025,rf_depth_6_leaf_20,2025-04-27,24,179.90074589983726,38.46049894151541,141.44024695832184,102.96871404037279,3.846049894151541
FR,independent_2025,rf_depth_6_leaf_20,2025-04-28,24,240.91980290117408,37.94733192202055,202.97247097915357,40.59793310641794,3.794733192202055
FR,independent_2025,rf_depth_6_leaf_20,2025-04-29,24,119.50141392412493,28.460498941515414,91.04091498260952,30.70439791629788,2.846049894151541
FR,independent_2025,rf_depth_6_leaf_20,2025-04-30,24,281.1135265529446,28.460498941515414,252.6530276114292,90.25251989798807,2.846049894151541
FR,independent_2025,rf_depth_6_leaf_20,2025-05-01,24,229.8233658700465,27.973665961010276,201.84969990903622,114.90618246266334,2.7973665961010274
FR,independent_2025,rf_depth_6_leaf_20,2025-05-02,24,145.22166523199215,37.94733192202055,107.2743333099716,19.092330588802568,3.794733192202055
FR,independent_2025,rf_depth_6_leaf_20,2025-05-03,24,94.34216814584843,37.94733192202055,56.39483622382788,25.654046183408184,3.794733192202055
FR,independent_2025,rf_depth_6_leaf_20,2025-05-04,24,60.04623592453132,29.486832980505138,30.559402944026182,25.128788405075078,2.948683298050514
FR,independent_2025,rf_depth_6_leaf_20,2025-05-05,24,62.13394613350759,37.94733192202055,24.186614211487047,42.29680648627174,3.794733192202055
FR,independent_2025,rf_depth_6_leaf_20,2025-05-06,24,94.71164359925871,28.973665961010276,65.73797763824842,13.644587241769969,2.8973665961010275
FR,independent_2025,rf_depth_6_leaf_20,2025-05-07,24,127.85106584620426,37.94733192202055,89.90373392418371,48.08304725201168,3.794733192202055
FR,independent_2025,rf_depth_6_leaf_20,2025-05-08,24,40.89179628175419,37.94733192202055,2.9444643597336384,32.34951871586022,3.794733192202055
FR,independent_2025,rf_depth_6_leaf_20,2025-05-09,24,87.83154394477134,37.94733192202055,49.88421202275079,18.51958061922616,3.794733192202055
FR,independent_2025,rf_depth_6_leaf_20,2025-05-10,24,273.3379828717465,18.973665961010276,254.36431691073616,0.0,1.8973665961010275
FR,independent_2025,rf_depth_6_leaf_20,2025-05-11,24,265.9873572279318,18.973665961010276,247.01369126692148,3.591000000000008,1.8973665961010275
FR,independent_2025,rf_depth_6_leaf_20,2025-05-12,24,158.1768284839814,27.973665961010273,130.20316252297116,21.713455371839274,2.7973665961010274
FR,independent_2025,rf_depth_6_leaf_20,2025-05-13,24,225.77212951867713,18.973665961010276,206.79846355766685,60.08023155178452,1.8973665961010275
FR,independent_2025,rf_depth_6_leaf_20,2025-05-14,24,158.385212079513,20.0,138.385212079513,25.035974341180463,2.0
FR,independent_2025,rf_depth_6_leaf_20,2025-05-15,24,67.66837684723512,19.486832980505138,48.18154386672998,21.220089538156827,1.9486832980505138
FR,independent_2025,rf_depth_6_leaf_20,2025-05-16,24,65.07896894337634,28.973665961010276,36.10530298236607,30.910539126924405,2.8973665961010275
FR,independent_2025,rf_depth_6_leaf_20,2025-05-17,24,103.59798581299593,46.94733192202055,56.65065389097539,21.19266049426919,4.6947331922020545
FR,independent_2025,rf_depth_6_leaf_20,2025-05-18,24,104.3130248050901,37.97366596101027,66.33935884407981,34.20666666666666,3.7973665961010274
FR,independent_2025,rf_depth_6_leaf_20,2025-05-19,24,78.45873083189755,28.460498941515414,49.998231890382144,33.20855225037107,2.846049894151541
FR,independent_2025,rf_depth_6_leaf_20,2025-05-20,24,90.02669604429266,28.973665961010276,61.0530300832824,25.646156130600055,2.8973665961010275
FR,independent_2025,rf_depth_6_leaf_20,2025-05-21,24,114.5477794161394,28.973665961010276,85.57411345512912,41.433258989910144,2.8973665961010275
FR,independent_2025,rf_depth_6_leaf_20,2025-05-22,24,131.77681317062383,36.97366596101027,94.80314720961356,37.85191604819606,3.6973665961010274
FR,independent_2025,rf_depth_6_leaf_20,2025-05-23,24,77.55226285371926,36.97366596101027,40.57859689270898,50.27357234000514,3.6973665961010274
FR,independent_2025,rf_depth_6_leaf_20,2025-05-24,24,61.656464117386165,28.460498941515414,33.19596517587075,20.76645601766304,2.846049894151541
FR,independent_2025,rf_depth_6_leaf_20,2025-05-25,24,66.47271229243809,19.486832980505138,46.98587931193295,19.770612524426298,1.9486832980505138
FR,independent_2025,rf_depth_6_leaf_20,2025-05-26,24,91.1497910491906,19.486832980505138,71.66295806868546,29.29029205902951,1.9486832980505138
FR,independent_2025,rf_depth_6_leaf_20,2025-05-27,24,142.49127711871122,28.486832980505138,114.00444413820608,19.781621970583473,2.8486832980505135
FR,independent_2025,rf_depth_6_leaf_20,2025-05-28,24,169.89337604522177,28.460498941515414,141.43287710370635,20.333361091847735,2.846049894151541
FR,independent_2025,rf_depth_6_leaf_20,2025-05-29,24,117.2659100724639,37.94733192202055,79.31857815044336,27.538686391324504,3.794733192202055
FR,independent_2025,rf_depth_6_leaf_20,2025-05-30,24,203.54660921003054,37.94733192202055,165.59927728801,18.08798263762236,3.794733192202055
FR,independent_2025,rf_depth_6_leaf_20,2025-05-31,24,164.21562193603484,18.973665961010276,145.24195597502455,29.165603940061658,1.8973665961010275
FR,independent_2025,rf_depth_6_leaf_20,2025-06-01,24,142.3039390496306,27.973665961010273,114.33027308862033,12.226843026857381,2.7973665961010274
FR,independent_2025,rf_depth_6_leaf_20,2025-06-02,24,92.42209873993743,18.973665961010276,73.44843277892714,68.03837911727003,1.8973665961010275
FR,independent_2025,rf_depth_6_leaf_20,2025-06-03,24,120.0540991505424,19.486832980505138,100.56726617003726,73.02882979493246,1.9486832980505138
FR,independent_2025,rf_depth_6_leaf_20,2025-06-04,24,94.8560896243147,38.46049894151541,56.395590682799295,57.457373500480145,3.846049894151541
FR,independent_2025,rf_depth_6_leaf_20,2025-06-05,24,25.170133694865417,37.94733192202055,-12.777198227155138,36.457510524879645,3.794733192202055
FR,independent_2025,rf_depth_6_leaf_20,2025-06-06,24,160.42931703950575,29.486832980505138,130.94248405900063,2.832526295512224,2.948683298050514
FR,independent_2025,rf_depth_6_leaf_20,2025-06-07,24,72.93714575168423,28.973665961010276,43.963479790673944,10.12169592670999,2.8973665961010275
FR,independent_2025,rf_depth_6_leaf_20,2025-06-08,24,185.56913082962814,18.973665961010276,166.59546486861785,0.0,1.8973665961010275
FR,independent_2025,rf_depth_6_leaf_20,2025-06-09,24,121.61449000226672,18.973665961010276,102.64082404125644,0.6831705162985884,1.8973665961010275
FR,independent_2025,rf_depth_6_leaf_20,2025-06-10,24,103.48033645901998,28.973665961010276,74.50667049800967,39.42950656981313,2.8973665961010275
FR,independent_2025,rf_depth_6_leaf_20,2025-06-11,24,128.21776333323453,18.973665961010276,109.24409737222423,29.277468581443728,1.8973665961010275
FR,independent_2025,rf_depth_6_leaf_20,2025-06-12,24,208.96116745434253,37.94733192202055,171.01383553232196,29.728542806242984,3.794733192202055
FR,independent_2025,rf_depth_6_leaf_20,2025-06-13,24,164.31707377558735,28.973665961010276,135.34340781457706,27.768779933246947,2.8973665961010275
FR,independent_2025,rf_depth_6_leaf_20,2025-06-14,24,165.81065777299324,46.94733192202055,118.86332585097266,71.20660157876934,4.6947331922020545
FR,independent_2025,rf_depth_6_leaf_20,2025-06-15,24,114.85448344257253,18.973665961010276,95.88081748156225,3.2105336155958923,1.8973665961010275
FR,independent_2025,rf_depth_6_leaf_20,2025-06-16,24,125.603827946636,19.486832980505138,106.11699496613086,75.5282433176102,1.9486832980505138
FR,independent_2025,rf_depth_6_leaf_20,2025-06-17,24,169.43994094350234,18.973665961010276,150.46627498249205,65.48103731819597,1.8973665961010275
FR,independent_2025,rf_depth_6_leaf_20,2025-06-18,24,261.8201422061279,38.46049894151541,223.3596432646125,14.617907917048143,3.846049894151541
FR,independent_2025,rf_depth_6_leaf_20,2025-06-19,24,251.91871998249064,37.94733192202055,213.97138806047008,18.995617078700036,3.794733192202055
FR,independent_2025,rf_depth_6_leaf_20,2025-06-20,24,226.58929522623316,18.973665961010276,207.61562926522288,99.13001977533258,1.8973665961010275
FR,independent_2025,rf_depth_6_leaf_20,2025-06-21,24,218.51581954473275,37.94733192202055,180.56848762271218,47.608819224397394,3.794733192202055
FR,independent_2025,rf_depth_6_leaf_20,2025-06-22,24,315.4307426990729,18.973665961010276,296.4570767380626,14.971589208636885,1.8973665961010275
FR,independent_2025,rf_depth_6_leaf_20,2025-06-23,24,194.85203199837986,37.94733192202055,156.9047000763593,8.987879368748594,3.794733192202055
FR,independent_2025,rf_depth_6_leaf_20,2025-06-24,24,227.82969301173227,37.94733192202055,189.8823610897117,43.59182578211585,3.794733192202055
FR,independent_2025,rf_depth_6_leaf_20,2025-06-25,24,229.26226906149293,37.94733192202055,191.31493713947236,42.70103797317756,3.794733192202055
FR,independent_2025,rf_depth_6_leaf_20,2025-06-26,24,190.10169145349454,36.97366596101027,153.12802549248428,1.702941765806969,3.6973665961010274
FR,independent_2025,rf_depth_6_leaf_20,2025-06-27,24,168.0931510723814,28.460498941515414,139.63265213086598,38.55512748193874,2.846049894151541
FR,independent_2025,rf_depth_6_leaf_20,2025-06-28,24,201.23662422531976,28.973665961010276,172.2629582643095,14.409121809374511,2.8973665961010275
FR,independent_2025,rf_depth_6_leaf_20,2025-06-29,24,183.25566221977653,28.973665961010276,154.28199625876624,29.119941479913336,2.8973665961010275
FR,independent_2025,rf_depth_6_leaf_20,2025-06-30,24,156.09071229545503,28.973665961010276,127.11704633444478,68.73008200210438,2.8973665961010275
FR,independent_2025,rf_depth_6_leaf_20,2025-07-01,24,166.60063854208127,18.973665961010276,147.626972581071,99.6365500725814,1.8973665961010275
FR,independent_2025,rf_depth_6_leaf_20,2025-07-02,24,135.1581195636357,36.97366596101027,98.1844536026254,6.684000000000026,3.6973665961010274
FR,independent_2025,rf_depth_6_leaf_20,2025-07-03,24,114.43064213930019,37.94733192202055,76.48331021727964,47.59327299434591,3.794733192202055
FR,independent_2025,rf_depth_6_leaf_20,2025-07-04,24,169.04477017476404,18.973665961010276,150.07110421375376,25.57054349363716,1.8973665961010275
FR,independent_2025,rf_depth_6_leaf_20,2025-07-05,24,103.80837984925168,18.973665961010276,84.83471388824141,30.97450968134926,1.8973665961010275
FR,independent_2025,rf_depth_6_leaf_20,2025-07-06,24,91.86364778345663,28.973665961010276,62.88998182244636,66.29749333585902,2.8973665961010275
FR,independent_2025,rf_depth_6_leaf_20,2025-07-07,24,116.05156274379917,27.973665961010276,88.07789678278888,49.15962804459494,2.7973665961010274
FR,independent_2025,rf_depth_6_leaf_20,2025-07-08,24,143.37115753780114,37.94733192202055,105.4238256157806,61.29144970432114,3.794733192202055
FR,independent_2025,rf_depth_6_leaf_20,2025-07-09,24,256.0524925338457,37.94733192202055,218.1051606118251,29.599341537476505,3.794733192202055
FR,independent_2025,rf_depth_6_leaf_20,2025-07-10,24,217.98750527909996,36.97366596101027,181.01383931808968,15.499584578351005,3.6973665961010274
FR,independent_2025,rf_depth_6_leaf_20,2025-07-11,24,110.04729434321487,37.94733192202055,72.09996242119433,30.51028527020391,3.794733192202055
FR,independent_2025,rf_depth_6_leaf_20,2025-07-12,24,206.0017511141387,18.973665961010276,187.02808515312842,0.0,1.8973665961010275
FR,independent_2025,rf_depth_6_leaf_20,2025-07-13,24,185.29790214604435,27.973665961010276,157.32423618503407,34.87900000000002,2.7973665961010274
FR,independent_2025,rf_depth_6_leaf_20,2025-07-14,24,120.41752703961524,18.973665961010276,101.44386107860495,23.901657825804037,1.8973665961010275
FR,independent_2025,rf_depth_6_leaf_20,2025-07-15,24,109.4470306469531,18.973665961010276,90.47336468594281,49.55335777245929,1.8973665961010275
FR,independent_2025,rf_depth_6_leaf_20,2025-07-16,24,110.13105124557825,18.973665961010276,91.15738528456797,41.222681986111695,1.8973665961010275
FR,independent_2025,rf_depth_6_leaf_20,2025-07-17,24,68.62292092483433,18.973665961010276,49.64925496382405,39.544119640742636,1.8973665961010275
FR,independent_2025,rf_depth_6_leaf_20,2025-07-18,24,57.294817911470645,27.973665961010276,29.32115195046036,24.473535977876097,2.7973665961010274
FR,independent_2025,rf_depth_6_leaf_20,2025-07-19,24,180.69741602480764,18.973665961010276,161.72375006379735,14.351870054377969,1.8973665961010275
FR,independent_2025,rf_depth_6_leaf_20,2025-07-20,24,108.34187848864042,28.973665961010276,79.36821252763015,24.950029260043337,2.8973665961010275
FR,independent_2025,rf_depth_6_leaf_20,2025-07-21,24,66.52732986691313,28.973665961010276,37.55366390590285,53.164784992400115,2.8973665961010275
FR,independent_2025,rf_depth_6_leaf_20,2025-07-22,24,195.78564588953148,27.973665961010276,167.8119799285212,12.456140329583974,2.7973665961010274
FR,independent_2025,rf_depth_6_leaf_20,2025-07-23,24,97.64576359483199,27.973665961010276,69.6720976338217,12.30097885794197,2.7973665961010274
FR,independent_2025,rf_depth_6_leaf_20,2025-07-24,24,140.64627836171303,28.973665961010276,111.67261240070275,28.67311052204957,2.8973665961010275
FR,independent_2025,rf_depth_6_leaf_20,2025-07-25,24,167.92098934731183,28.973665961010276,138.94732338630155,20.027524627701496,2.8973665961010275
FR,independent_2025,rf_depth_6_leaf_20,2025-07-26,24,167.8007320515377,18.973665961010276,148.8270660905274,3.329373981063384,1.8973665961010275
FR,independent_2025,rf_depth_6_leaf_20,2025-07-27,24,116.19779364060219,18.973665961010276,97.2241276795919,12.092882426539518,1.8973665961010275
FR,independent_2025,rf_depth_6_leaf_20,2025-07-28,24,118.86239898588926,18.973665961010276,99.88873302487897,33.793036572010436,1.8973665961010275
FR,independent_2025,rf_depth_6_leaf_20,2025-07-29,24,156.0965297091216,28.973665961010276,127.12286374811131,9.169042969481069,2.8973665961010275
FR,independent_2025,rf_depth_6_leaf_20,2025-07-30,24,158.54511319150248,36.97366596101027,121.5714472304922,9.848259179500246,3.6973665961010274
FR,independent_2025,rf_depth_6_leaf_20,2025-07-31,24,133.69045409127176,18.973665961010276,114.71678813026148,51.24133315893499,1.8973665961010275
FR,independent_2025,rf_depth_6_leaf_20,2025-08-01,24,191.3688338827734,36.97366596101027,154.39516792176312,15.214712012631821,3.6973665961010274
FR,independent_2025,rf_depth_6_leaf_20,2025-08-02,24,187.30803036709344,18.973665961010276,168.33436440608315,0.17599999999998772,1.8973665961010275
FR,independent_2025,rf_depth_6_leaf_20,2025-08-03,24,184.80692295049266,18.973665961010276,165.83325698948238,4.387729274647711,1.8973665961010275
FR,independent_2025,rf_depth_6_leaf_20,2025-08-04,24,148.60730725776796,27.973665961010276,120.63364129675769,11.525405056937089,2.7973665961010274
FR,independent_2025,rf_depth_6_leaf_20,2025-08-05,24,134.01143928383482,36.97366596101027,97.03777332282455,20.8435474669659,3.6973665961010274
FR,independent_2025,rf_depth_6_leaf_20,2025-08-06,24,216.73700107156702,27.973665961010276,188.76333511055674,45.34282317847607,2.7973665961010274
FR,independent_2025,rf_depth_6_leaf_20,2025-08-07,24,209.76418082414145,28.973665961010276,180.79051486313116,26.808011146380608,2.8973665961010275
FR,independent_2025,rf_depth_6_leaf_20,2025-08-08,24,190.81068093972172,37.94733192202055,152.86334901770113,26.895795906632316,3.794733192202055
FR,independent_2025,rf_depth_6_leaf_20,2025-08-09,24,171.39057387696369,28.973665961010276,142.4169079159534,15.261089556418995,2.8973665961010275
FR,independent_2025,rf_depth_6_leaf_20,2025-08-10,24,233.5343386813436,28.973665961010276,204.56067272033332,34.13341608776412,2.8973665961010275
FR,independent_2025,rf_depth_6_leaf_20,2025-08-11,24,127.0791322723657,18.973665961010276,108.10546631135541,82.61657623830946,1.8973665961010275
FR,independent_2025,rf_depth_6_leaf_20,2025-08-12,24,194.68249476532714,18.973665961010276,175.70882880431685,80.36028232697868,1.8973665961010275
FR,independent_2025,rf_depth_6_leaf_20,2025-08-13,24,143.13047070746387,28.973665961010276,114.15680474645359,41.16919772935097,2.8973665961010275
FR,independent_2025,rf_depth_6_leaf_20,2025-08-14,24,118.35256221961633,27.973665961010276,90.37889625860605,32.760622045607874,2.7973665961010274
FR,independent_2025,rf_depth_6_leaf_20,2025-08-15,24,181.51240744044298,18.973665961010276,162.5387414794327,10.027582460393944,1.8973665961010275
FR,independent_2025,rf_depth_6_leaf_20,2025-08-16,24,151.68658105714422,18.973665961010276,132.71291509613394,18.33555600976007,1.8973665961010275
FR,independent_2025,rf_depth_6_leaf_20,2025-08-17,24,167.35330812054838,18.973665961010276,148.3796421595381,1.0149999999999864,1.8973665961010275
FR,independent_2025,rf_depth_6_leaf_20,2025-08-18,24,123.95864879326881,27.973665961010276,95.98498283225852,72.62755057948989,2.7973665961010274
FR,independent_2025,rf_depth_6_leaf_20,2025-08-19,24,109.37429387480644,18.973665961010276,90.40062791379616,34.021444548864494,1.8973665961010275
FR,independent_2025,rf_depth_6_leaf_20,2025-08-20,24,101.74734910999986,18.973665961010276,82.77368314898958,20.802157517563316,1.8973665961010275
FR,independent_2025,rf_depth_6_leaf_20,2025-08-21,24,121.04559895993776,28.973665961010276,92.07193299892747,58.530729514912636,2.8973665961010275
FR,independent_2025,rf_depth_6_leaf_20,2025-08-22,24,126.90187781643797,18.973665961010276,107.92821185542769,72.58282904468862,1.8973665961010275
FR,independent_2025,rf_depth_6_leaf_20,2025-08-23,24,199.76695509496986,18.973665961010276,180.79328913395958,1.8251367871515356,1.8973665961010275
FR,independent_2025,rf_depth_6_leaf_20,2025-08-24,24,218.65696459788927,18.973665961010276,199.683298636879,0.8390058104382092,1.8973665961010275
FR,independent_2025,rf_depth_6_leaf_20,2025-08-25,24,196.08535495992595,18.973665961010276,177.11168899891567,43.85406663198455,1.8973665961010275
FR,independent_2025,rf_depth_6_leaf_20,2025-08-26,24,132.1669473714099,18.973665961010276,113.19328141039962,41.35651603927856,1.8973665961010275
FR,independent_2025,rf_depth_6_leaf_20,2025-08-27,24,134.96024514254495,37.94733192202055,97.01291322052438,8.796964126517281,3.794733192202055
FR,independent_2025,rf_depth_6_leaf_20,2025-08-28,24,200.2273783882519,37.94733192202055,162.28004646623134,5.220724233703322,3.794733192202055
FR,independent_2025,rf_depth_6_leaf_20,2025-08-29,24,191.69609420590157,37.94733192202055,153.748762283881,33.73346033063055,3.794733192202055
FR,independent_2025,rf_depth_6_leaf_20,2025-08-30,24,137.40942202790637,28.973665961010276,108.43575606689606,60.48196593324323,2.8973665961010275
FR,independent_2025,rf_depth_6_leaf_20,2025-08-31,24,82.40605981069288,37.94733192202055,44.458727888672335,29.512555580892972,3.794733192202055
FR,independent_2025,rf_depth_6_leaf_20,2025-09-01,24,169.608978334747,36.97366596101027,132.63531237373672,15.582520721280673,3.6973665961010274
FR,independent_2025,rf_depth_6_leaf_20,2025-09-02,24,87.77659012719165,37.94733192202055,49.82925820517111,83.51192069065684,3.794733192202055
FR,independent_2025,rf_depth_6_leaf_20,2025-09-03,24,109.29856064509217,37.94733192202055,71.35122872307163,4.037562367689418,3.794733192202055
FR,independent_2025,rf_depth_6_leaf_20,2025-09-04,24,167.65858636879048,37.97366596101027,129.68492040778017,40.822759950008646,3.7973665961010274
FR,independent_2025,rf_depth_6_leaf_20,2025-09-05,24,148.59042342907347,19.486832980505138,129.10359044856833,44.34371598491927,1.9486832980505138
FR,independent_2025,rf_depth_6_leaf_20,2025-09-06,24,112.34395917787157,36.97366596101027,75.37029321686131,23.081182278065953,3.6973665961010274
FR,independent_2025,rf_depth_6_leaf_20,2025-09-07,24,185.12121651209236,19.486832980505138,165.63438353158722,8.507905920732071,1.9486832980505138
FR,independent_2025,rf_depth_6_leaf_20,2025-09-08,24,172.9362811670643,37.94733192202055,134.98894924504376,39.97561447407239,3.794733192202055
FR,independent_2025,rf_depth_6_leaf_20,2025-09-09,24,242.10499008839784,37.94733192202055,204.1576581663773,6.481140746276367,3.794733192202055
FR,independent_2025,rf_depth_6_leaf_20,2025-09-10,24,58.43652921745831,28.486832980505135,29.949696236953166,71.88517435575812,2.8486832980505135
FR,independent_2025,rf_depth_6_leaf_20,2025-09-11,24,81.45026510346287,37.46049894151541,43.98976616194746,27.429809457904767,3.7460498941515414
FR,independent_2025,rf_depth_6_leaf_20,2025-09-12,24,126.75203528030949,28.973665961010276,97.7783693192992,8.036812808717997,2.8973665961010275
FR,independent_2025,rf_depth_6_leaf_20,2025-09-13,24,42.2442303178871,37.486832980505135,4.757397337381967,20.39121318162389,3.748683298050514
FR,independent_2025,rf_depth_6_leaf_20,2025-09-14,24,37.425887017284154,27.973665961010276,9.452221056273883,32.423172886695276,2.7973665961010274
FR,independent_2025,rf_depth_6_leaf_20,2025-09-15,24,29.478415215825923,28.460498941515414,1.0179162743105086,26.720208000776406,2.846049894151541
FR,independent_2025,rf_depth_6_leaf_20,2025-09-16,24,161.88421610554565,37.973665961010276,123.91055014453538,10.54060701814386,3.7973665961010274
FR,independent_2025,rf_depth_6_leaf_20,2025-09-17,24,326.17496040047524,37.46049894151541,288.7144614589598,21.01878827833457,3.7460498941515414
FR,independent_2025,rf_depth_6_leaf_20,2025-09-18,24,269.1668553249289,27.973665961010273,241.19318936391866,42.548938356148966,2.7973665961010274
FR,independent_2025,rf_depth_6_leaf_20,2025-09-19,24,206.65950779142895,28.460498941515414,178.19900884991353,46.195000956066906,2.846049894151541
FR,independent_2025,rf_depth_6_leaf_20,2025-09-20,24,104.39286836830509,37.46049894151541,66.93236942678966,43.20225269483045,3.7460498941515414
FR,independent_2025,rf_depth_6_leaf_20,2025-09-21,24,62.68808491088783,28.486832980505135,34.20125193038269,30.295589110304256,2.8486832980505135
FR,independent_2025,rf_depth_6_leaf_20,2025-09-22,24,105.70259584434332,37.94733192202055,67.75526392232277,54.58124488911743,3.794733192202055
FR,independent_2025,rf_depth_6_leaf_20,2025-09-23,24,132.50375221827875,37.94733192202055,94.55642029625818,8.05295372330528,3.794733192202055
FR,independent_2025,rf_depth_6_leaf_20,2025-09-24,24,205.5970292234655,37.94733192202055,167.64969730144497,31.77089633264262,3.794733192202055
FR,independent_2025,rf_depth_6_leaf_20,2025-09-25,24,230.0326090792318,37.94733192202055,192.08527715721127,39.77258575850314,3.794733192202055
FR,independent_2025,rf_depth_6_leaf_20,2025-09-26,24,125.64806573366768,28.460498941515414,97.18756679215225,32.0115866212836,2.846049894151541
FR,independent_2025,rf_depth_6_leaf_20,2025-09-27,24,164.34485684877828,28.973665961010276,135.37119088776802,36.95165759563139,2.8973665961010275
FR,independent_2025,rf_depth_6_leaf_20,2025-09-28,24,99.04492508978227,28.973665961010276,70.07125912877197,26.887902944052897,2.8973665961010275
FR,independent_2025,rf_depth_6_leaf_20,2025-09-29,24,172.88067201774732,37.46049894151541,135.4201730762319,33.548071240003594,3.7460498941515414
FR,independent_2025,rf_depth_6_leaf_20,2025-09-30,24,245.96014676144293,36.97366596101027,208.98648080043264,48.42525203886109,3.697366596101027
FR,independent_2025,rf_depth_12_leaf_5,2025-01-09,24,173.24587154570773,38.46049894151541,134.78537260419236,11.581555555555525,3.846049894151541
FR,independent_2025,rf_depth_12_leaf_5,2025-01-10,24,124.45058628564954,47.434164902525694,77.01642138312388,4.3220954773645985,4.743416490252569
FR,independent_2025,rf_depth_12_leaf_5,2025-01-11,24,28.739167994811737,37.94733192202055,-9.208163927208716,25.829869702564338,3.794733192202055
FR,independent_2025,rf_depth_12_leaf_5,2025-01-12,24,38.21907143058138,46.94733192202055,-8.728260491439187,58.057803741741054,4.6947331922020545
FR,independent_2025,rf_depth_12_leaf_5,2025-01-13,24,79.24054570586861,46.94733192202055,32.293213783848046,100.59666318807166,4.6947331922020545
FR,independent_2025,rf_depth_12_leaf_5,2025-01-14,24,0.22068957689715774,18.973665961010276,-18.752976384113126,186.52980104481458,1.8973665961010275
FR,independent_2025,rf_depth_12_leaf_5,2025-01-15,24,-8.769406245205872,19.486832980505138,-28.256239225711013,366.1085451927658,1.9486832980505138
FR,independent_2025,rf_depth_12_leaf_5,2025-01-16,24,0.0,0.0,0.0,170.42166558786403,0.0
FR,independent_2025,rf_depth_12_leaf_5,2025-01-17,24,0.0,0.0,0.0,152.6012678216149,0.0
FR,independent_2025,rf_depth_12_leaf_5,2025-01-18,24,0.0,0.0,0.0,53.87930058356142,0.0
FR,independent_2025,rf_depth_12_leaf_5,2025-01-19,24,0.0,0.0,0.0,38.0707151616802,0.0
FR,independent_2025,rf_depth_12_leaf_5,2025-01-20,24,0.0,0.0,0.0,613.2850749606787,0.0
FR,independent_2025,rf_depth_12_leaf_5,2025-01-21,24,0.0,0.0,0.0,216.78780608674674,0.0
FR,independent_2025,rf_depth_12_leaf_5,2025-01-22,24,0.0,0.0,0.0,127.52963848531908,0.0
FR,independent_2025,rf_depth_12_leaf_5,2025-01-23,24,0.0,0.0,0.0,114.38414069960629,0.0
FR,independent_2025,rf_depth_12_leaf_5,2025-01-24,24,0.0,0.0,0.0,116.46002597915492,0.0
FR,independent_2025,rf_depth_12_leaf_5,2025-01-25,24,0.0,0.0,0.0,148.3235425770581,0.0
FR,independent_2025,rf_depth_12_leaf_5,2025-01-26,24,23.522550259154514,18.0,5.522550259154514,154.40264832178994,1.7999999999999998
FR,independent_2025,rf_depth_12_leaf_5,2025-01-27,24,34.90598088261246,9.486832980505138,25.419147902107323,59.49238470263509,0.9486832980505138
FR,independent_2025,rf_depth_12_leaf_5,2025-01-28,24,55.59646741648328,18.973665961010276,36.62280145547301,92.85657528224253,1.8973665961010275
FR,independent_2025,rf_depth_12_leaf_5,2025-01-29,24,143.24592469233994,47.434164902525694,95.81175978981423,132.6589987833234,4.743416490252569
FR,independent_2025,rf_depth_12_leaf_5,2025-01-30,24,181.15787545415776,47.434164902525694,133.72371055163205,51.369073556655025,4.743416490252569
FR,independent_2025,rf_depth_12_leaf_5,2025-01-31,24,91.26510643920122,28.973665961010276,62.291440478190935,67.30076674695076,2.8973665961010275
FR,independent_2025,rf_depth_12_leaf_5,2025-02-01,24,55.606727438526036,28.460498941515414,27.14622849701061,52.26605707329071,2.846049894151541
FR,independent_2025,rf_depth_12_leaf_5,2025-02-02,24,57.95614747219872,57.434164902525694,0.521982569673014,66.82608239450079,5.743416490252569
FR,independent_2025,rf_depth_12_leaf_5,2025-02-03,24,185.08236508442639,38.46049894151541,146.62186614291096,110.38564631532819,3.8460498941515415
FR,independent_2025,rf_depth_12_leaf_5,2025-02-04,24,69.24339647454809,28.460498941515414,40.78289753303267,115.75678222456102,2.846049894151541
FR,independent_2025,rf_depth_12_leaf_5,2025-02-05,24,13.138974041082921,9.486832980505138,3.6521410605777795,116.02570333596844,0.9486832980505138
FR,independent_2025,rf_depth_12_leaf_5,2025-02-06,24,0.0,0.0,0.0,143.1540177324,0.0
FR,independent_2025,rf_depth_12_leaf_5,2025-02-07,24,0.0,0.0,0.0,57.35748688974269,0.0
FR,independent_2025,rf_depth_12_leaf_5,2025-02-08,24,0.0,0.0,0.0,54.49684835062496,0.0
FR,independent_2025,rf_depth_12_leaf_5,2025-02-09,24,0.0,0.0,0.0,39.82376852323975,0.0
FR,independent_2025,rf_depth_12_leaf_5,2025-02-10,24,0.0,0.0,0.0,91.40313834341345,0.0
FR,independent_2025,rf_depth_12_leaf_5,2025-02-11,24,0.0,0.0,0.0,79.42024021216145,0.0
FR,independent_2025,rf_depth_12_leaf_5,2025-02-12,24,0.0,0.0,0.0,87.69988184455303,0.0
FR,independent_2025,rf_depth_12_leaf_5,2025-02-13,24,0.0,0.0,0.0,104.71850516458767,0.0
FR,independent_2025,rf_depth_12_leaf_5,2025-02-14,24,0.0,0.0,0.0,148.04589290373457,0.0
FR,independent_2025,rf_depth_12_leaf_5,2025-02-15,24,0.0,0.0,0.0,50.09854744870364,0.0
FR,independent_2025,rf_depth_12_leaf_5,2025-02-16,24,0.0,0.0,0.0,52.00120853203444,0.0
FR,independent_2025,rf_depth_12_leaf_5,2025-02-17,24,0.0,0.0,0.0,273.2132902785753,0.0
FR,independent_2025,rf_depth_12_leaf_5,2025-02-18,24,0.0,0.0,0.0,174.2283831483487,0.0
FR,independent_2025,rf_depth_12_leaf_5,2025-02-19,24,0.0,0.0,0.0,130.65946972200118,0.0
FR,independent_2025,rf_depth_12_leaf_5,2025-02-20,24,0.0,0.0,0.0,79.99566933513171,0.0
FR,independent_2025,rf_depth_12_leaf_5,2025-02-21,24,0.0,0.0,0.0,113.7019332757167,0.0
FR,independent_2025,rf_depth_12_leaf_5,2025-02-22,24,0.0,0.0,0.0,67.7114922216268,0.0
FR,independent_2025,rf_depth_12_leaf_5,2025-02-23,24,96.40462746364983,27.0,69.40462746364983,84.10539306192663,2.7
FR,independent_2025,rf_depth_12_leaf_5,2025-02-24,24,114.11094530922719,28.460498941515414,85.65044636771177,65.7922229126334,2.846049894151541
FR,independent_2025,rf_depth_12_leaf_5,2025-02-25,24,120.4207369049211,37.46049894151541,82.9602379634057,30.809751316998288,3.7460498941515414
FR,independent_2025,rf_depth_12_leaf_5,2025-02-26,24,139.44209739761504,38.46049894151541,100.98159845609962,75.85130320535666,3.8460498941515415
FR,independent_2025,rf_depth_12_leaf_5,2025-02-27,24,148.22373366357397,37.46049894151541,110.7632347220586,20.63382092774458,3.7460498941515414
FR,independent_2025,rf_depth_12_leaf_5,2025-02-28,24,75.68573291234236,37.94733192202055,37.73840099032182,75.76473930273775,3.794733192202055
FR,independent_2025,rf_depth_12_leaf_5,2025-03-01,24,137.14803459489087,38.46049894151541,98.68753565337545,51.36042453831311,3.846049894151541
FR,independent_2025,rf_depth_12_leaf_5,2025-03-02,24,201.03319837917957,46.94733192202055,154.08586645715903,39.335671005959455,4.694733192202055
FR,independent_2025,rf_depth_12_leaf_5,2025-03-03,24,58.48082072290931,18.973665961010276,39.507154761899024,136.0926331057771,1.8973665961010275
FR,independent_2025,rf_depth_12_leaf_5,2025-03-04,24,200.85648539320644,28.460498941515414,172.39598645169102,42.9701763906277,2.846049894151541
FR,independent_2025,rf_depth_12_leaf_5,2025-03-05,24,186.56640541676035,18.973665961010276,167.59273945575006,105.7102969276047,1.8973665961010275
FR,independent_2025,rf_depth_12_leaf_5,2025-03-06,24,174.91163964720914,18.973665961010276,155.93797368619886,83.36193987391096,1.8973665961010275
FR,independent_2025,rf_depth_12_leaf_5,2025-03-07,24,146.97537612024615,18.973665961010276,128.00171015923587,69.9917161360093,1.8973665961010275
FR,independent_2025,rf_depth_12_leaf_5,2025-03-08,24,74.75863732244116,18.973665961010276,55.78497136143088,157.3394442152596,1.8973665961010275
FR,independent_2025,rf_depth_12_leaf_5,2025-03-09,24,105.68818589552278,36.97366596101027,68.71451993451248,70.8136396837335,3.6973665961010274
FR,independent_2025,rf_depth_12_leaf_5,2025-03-10,24,150.55871872029223,28.973665961010276,121.58505275928194,30.24016554330332,2.8973665961010275
FR,independent_2025,rf_depth_12_leaf_5,2025-03-11,24,120.84473544293348,47.434164902525694,73.4105705404078,27.672461379984085,4.743416490252569
FR,independent_2025,rf_depth_12_leaf_5,2025-03-12,24,124.91829104411775,46.94733192202055,77.97095912209718,25.82224519733157,4.6947331922020545
FR,independent_2025,rf_depth_12_leaf_5,2025-03-13,24,106.7543471988538,28.460498941515414,78.29384825733837,63.363374506234095,2.846049894151541
FR,independent_2025,rf_depth_12_leaf_5,2025-03-14,24,95.02071043909552,37.94733192202055,57.07337851707496,45.23164526909861,3.794733192202055
FR,independent_2025,rf_depth_12_leaf_5,2025-03-15,24,118.5478493634541,46.947331922020545,71.60051744143354,47.74455168461782,4.6947331922020545
FR,independent_2025,rf_depth_12_leaf_5,2025-03-16,24,152.48300864409032,55.947331922020545,96.53567672206978,99.55808027654368,5.594733192202055
FR,independent_2025,rf_depth_12_leaf_5,2025-03-17,24,181.93138020611138,27.973665961010273,153.9577142451011,93.45915281324082,2.7973665961010274
FR,independent_2025,rf_depth_12_leaf_5,2025-03-18,24,215.04724803098367,28.460498941515414,186.58674908946824,106.79348336656028,2.846049894151541
FR,independent_2025,rf_depth_12_leaf_5,2025-03-19,24,289.6776147781213,28.460498941515414,261.2171158366059,20.32181011288634,2.846049894151541
FR,independent_2025,rf_depth_12_leaf_5,2025-03-20,24,232.9445694555178,36.97366596101027,195.97090349450752,68.08241137428377,3.6973665961010274
FR,independent_2025,rf_depth_12_leaf_5,2025-03-21,24,84.16074017363468,28.973665961010276,55.18707421262442,47.029276400933504,2.8973665961010275
FR,independent_2025,rf_depth_12_leaf_5,2025-03-22,24,105.96107536837368,37.94733192202055,68.01374344635312,32.52260708812217,3.794733192202055
FR,independent_2025,rf_depth_12_leaf_5,2025-03-23,24,143.68868127634354,46.94733192202055,96.741349354323,38.46251873818068,4.6947331922020545
FR,independent_2025,rf_depth_12_leaf_5,2025-03-24,24,246.28484434175974,37.94733192202055,208.3375124197392,26.849208555342727,3.794733192202055
FR,independent_2025,rf_depth_12_leaf_5,2025-03-25,24,179.77197533673524,37.46049894151541,142.3114763952198,29.128462691922948,3.7460498941515414
FR,independent_2025,rf_depth_12_leaf_5,2025-03-26,24,110.62618732098602,37.94733192202055,72.67885539896547,59.89228384474062,3.794733192202055
FR,independent_2025,rf_depth_12_leaf_5,2025-03-27,24,236.41874916449257,37.94733192202055,198.47141724247203,71.25882848299361,3.794733192202055
FR,independent_2025,rf_depth_12_leaf_5,2025-03-28,24,201.2895041172099,28.460498941515414,172.8290051756945,21.04665145367082,2.846049894151541
FR,independent_2025,rf_depth_12_leaf_5,2025-03-29,24,142.0178381369496,37.46049894151541,104.55733919543418,31.616026577374342,3.7460498941515414
FR,independent_2025,rf_depth_12_leaf_5,2025-03-30,23,112.77260935810364,47.434164902525694,65.33844445557793,31.49217359942692,4.743416490252569
FR,independent_2025,rf_depth_12_leaf_5,2025-03-31,24,310.3832593132625,56.43416490252569,253.94909441073682,150.22172772941238,5.643416490252569
FR,independent_2025,rf_depth_12_leaf_5,2025-04-01,24,314.51357813613254,55.46049894151541,259.05307919461717,49.475235131729164,5.54604989415154
FR,independent_2025,rf_depth_12_leaf_5,2025-04-02,24,214.98590831235447,28.973665961010276,186.01224235134418,8.185248607977314,2.8973665961010275
FR,independent_2025,rf_depth_12_leaf_5,2025-04-03,24,379.73090421020277,37.94733192202055,341.7835722881822,21.19641221682639,3.794733192202055
FR,independent_2025,rf_depth_12_leaf_5,2025-04-04,24,168.74920437816658,56.434164902525694,112.31503947564089,74.4148915898201,5.643416490252569
FR,independent_2025,rf_depth_12_leaf_5,2025-04-05,24,231.4433183747529,38.46049894151541,192.98281943323747,34.44133317818503,3.846049894151541
FR,independent_2025,rf_depth_12_leaf_5,2025-04-06,24,332.6906726979594,38.46049894151541,294.230173756444,59.09802175749826,3.846049894151541
FR,independent_2025,rf_depth_12_leaf_5,2025-04-07,24,379.4948302317558,47.434164902525694,332.06066532923006,48.516658163413865,4.743416490252569
FR,independent_2025,rf_depth_12_leaf_5,2025-04-08,24,374.031585707668,47.434164902525694,326.5974208051423,4.314178060414122,4.743416490252569
FR,independent_2025,rf_depth_12_leaf_5,2025-04-09,24,240.58538783539694,47.434164902525694,193.15122293287126,3.6631974211369425,4.743416490252569
FR,independent_2025,rf_depth_12_leaf_5,2025-04-10,24,140.22858291152806,56.434164902525694,83.79441800900236,47.501584336003475,5.6434164902525685
FR,independent_2025,rf_depth_12_leaf_5,2025-04-11,24,187.62882992869473,46.94733192202055,140.68149800667416,83.13387249168258,4.694733192202055
FR,independent_2025,rf_depth_12_leaf_5,2025-04-12,24,78.2102075810136,46.94733192202055,31.262875658993067,40.07147260747644,4.694733192202055
FR,independent_2025,rf_depth_12_leaf_5,2025-04-13,24,114.70684218530272,47.434164902525694,67.27267728277701,56.46700110408658,4.743416490252569
FR,independent_2025,rf_depth_12_leaf_5,2025-04-14,24,107.1534724584155,37.46049894151541,69.69297351690008,42.795509543475276,3.7460498941515414
FR,independent_2025,rf_depth_12_leaf_5,2025-04-15,24,93.91433246644124,46.94733192202055,46.967000544420685,39.79429539158055,4.694733192202055
FR,independent_2025,rf_depth_12_leaf_5,2025-04-16,24,226.3802156046711,28.460498941515414,197.91971666315567,73.39782924338311,2.846049894151541
FR,independent_2025,rf_depth_12_leaf_5,2025-04-17,24,185.3804526891168,19.486832980505138,165.89361970861165,98.34981191138888,1.9486832980505138
FR,independent_2025,rf_depth_12_leaf_5,2025-04-18,24,129.18926079252446,37.94733192202055,91.24192887050391,56.49991666967027,3.794733192202055
FR,independent_2025,rf_depth_12_leaf_5,2025-04-19,24,109.44977765301297,28.460498941515414,80.98927871149756,6.916752965559027,2.846049894151541
FR,independent_2025,rf_depth_12_leaf_5,2025-04-20,24,156.8406232104615,18.973665961010276,137.86695724945122,21.30618759985782,1.8973665961010275
FR,independent_2025,rf_depth_12_leaf_5,2025-04-21,24,238.30957209963333,37.94733192202055,200.3622401776128,26.381038010689764,3.794733192202055
FR,independent_2025,rf_depth_12_leaf_5,2025-04-22,24,154.59250166164315,37.94733192202055,116.6451697396226,106.50681155759962,3.794733192202055
FR,independent_2025,rf_depth_12_leaf_5,2025-04-23,24,121.71715153980197,46.94733192202055,74.76981961778142,36.70659513062387,4.6947331922020545
FR,independent_2025,rf_depth_12_leaf_5,2025-04-24,24,124.74745442789366,37.46049894151541,87.28695548637822,52.30788937046,3.7460498941515414
FR,independent_2025,rf_depth_12_leaf_5,2025-04-25,24,214.30027095141324,36.97366596101027,177.32660499040298,44.858522330246615,3.697366596101027
FR,independent_2025,rf_depth_12_leaf_5,2025-04-26,24,118.24929917932397,18.973665961010276,99.27563321831371,27.293332325550267,1.8973665961010275
FR,independent_2025,rf_depth_12_leaf_5,2025-04-27,24,191.42710781700663,28.973665961010276,162.45344185599637,81.95551914269825,2.8973665961010275
FR,independent_2025,rf_depth_12_leaf_5,2025-04-28,24,234.95549357404138,38.46049894151541,196.49499463252596,47.07540945304555,3.846049894151541
FR,independent_2025,rf_depth_12_leaf_5,2025-04-29,24,113.73641392412495,37.46049894151541,76.27591498260952,45.46939791629788,3.7460498941515414
FR,independent_2025,rf_depth_12_leaf_5,2025-04-30,24,234.06348951757172,37.46049894151541,196.60299057605636,146.3025569333609,3.746049894151541
FR,independent_2025,rf_depth_12_leaf_5,2025-05-01,24,266.78869777380487,19.486832980505138,247.30186479329973,69.45401757839983,1.9486832980505138
FR,independent_2025,rf_depth_12_leaf_5,2025-05-02,24,87.93564084458227,38.46049894151541,49.475141903066856,76.89152199570731,3.846049894151541
FR,independent_2025,rf_depth_12_leaf_5,2025-05-03,24,94.6543033584758,37.94733192202055,56.706971436455255,25.34191097078081,3.794733192202055
FR,independent_2025,rf_depth_12_leaf_5,2025-05-04,24,53.47623592453132,29.486832980505138,23.989402944026182,31.698788405075078,2.948683298050514
FR,independent_2025,rf_depth_12_leaf_5,2025-05-05,24,37.08004154802266,19.486832980505138,17.593208567517525,48.89021213024127,1.9486832980505138
FR,independent_2025,rf_depth_12_leaf_5,2025-05-06,24,87.53189712039861,37.94733192202055,49.584565198378066,29.797999681640327,3.794733192202055
FR,independent_2025,rf_depth_12_leaf_5,2025-05-07,24,81.00992739124197,54.97366596101027,26.036261430231693,111.9505197459637,5.497366596101028
FR,independent_2025,rf_depth_12_leaf_5,2025-05-08,24,13.81669017709224,46.94733192202055,-33.13064174492831,68.42462482052217,4.694733192202055
FR,independent_2025,rf_depth_12_leaf_5,2025-05-09,24,89.5259958968604,37.94733192202055,51.57866397483984,16.825128667137108,3.794733192202055
FR,independent_2025,rf_depth_12_leaf_5,2025-05-10,24,268.19611939631267,18.973665961010276,249.22245343530236,5.141863475433809,1.8973665961010275
FR,independent_2025,rf_depth_12_leaf_5,2025-05-11,24,265.9873572279318,18.973665961010276,247.01369126692148,3.591000000000008,1.8973665961010275
FR,independent_2025,rf_depth_12_leaf_5,2025-05-12,24,164.71764490406886,28.486832980505135,136.23081192356372,15.685805971246708,2.8486832980505135
FR,independent_2025,rf_depth_12_leaf_5,2025-05-13,24,268.9938375874294,37.486832980505135,231.50700460692426,35.371690502527116,3.748683298050514
FR,independent_2025,rf_depth_12_leaf_5,2025-05-14,24,155.53372832055646,37.486832980505135,118.04689534005132,45.37429108064214,3.748683298050514
FR,independent_2025,rf_depth_12_leaf_5,2025-05-15,24,87.75973671736016,28.460498941515414,59.29923777584474,10.102395629042071,2.846049894151541
FR,independent_2025,rf_depth_12_leaf_5,2025-05-16,24,77.52667523984438,37.94733192202055,39.57934331782383,27.436498791466647,3.794733192202055
FR,independent_2025,rf_depth_12_leaf_5,2025-05-17,24,84.59333910115981,37.94733192202055,46.64600717913926,31.19730720610532,3.794733192202055
FR,independent_2025,rf_depth_12_leaf_5,2025-05-18,24,86.27979901103976,28.973665961010276,57.30613305002949,43.23989246071699,2.8973665961010275
FR,independent_2025,rf_depth_12_leaf_5,2025-05-19,24,83.47141281800924,37.94733192202055,45.524080895988675,37.68270324476454,3.794733192202055
FR,independent_2025,rf_depth_12_leaf_5,2025-05-20,24,70.71920439549436,37.97366596101027,32.7455384344841,53.95364777939836,3.7973665961010274
FR,independent_2025,rf_depth_12_leaf_5,2025-05-21,24,112.74404880827367,46.94733192202055,65.79671688625311,61.21065555878616,4.6947331922020545
FR,independent_2025,rf_depth_12_leaf_5,2025-05-22,24,132.18867387213118,37.94733192202055,94.24134195011062,38.41372130769899,3.794733192202055
FR,independent_2025,rf_depth_12_leaf_5,2025-05-23,24,62.645690870573844,28.460498941515414,34.18519192905843,56.666977303655685,2.846049894151541
FR,independent_2025,rf_depth_12_leaf_5,2025-05-24,24,74.37939045729895,36.97366596101027,37.405724496288684,16.5566966972451,3.6973665961010274
FR,independent_2025,rf_depth_12_leaf_5,2025-05-25,24,66.56341644966997,20.0,46.56341644966996,20.193075386689287,2.0
FR,independent_2025,rf_depth_12_leaf_5,2025-05-26,24,90.97906209696086,28.460498941515414,62.518563155445435,38.43468697226953,2.846049894151541
FR,independent_2025,rf_depth_12_leaf_5,2025-05-27,24,138.30448016272544,28.460498941515414,109.84398122121002,23.94208488757954,2.846049894151541
FR,independent_2025,rf_depth_12_leaf_5,2025-05-28,24,174.06799089342823,28.460498941515414,145.6074919519128,16.158746243641275,2.846049894151541
FR,independent_2025,rf_depth_12_leaf_5,2025-05-29,24,110.79255275420913,28.460498941515414,82.33205381269372,24.525210729074146,2.846049894151541
FR,independent_2025,rf_depth_12_leaf_5,2025-05-30,24,184.551647726641,37.94733192202055,146.60431580462046,37.082944121011906,3.794733192202055
FR,independent_2025,rf_depth_12_leaf_5,2025-05-31,24,193.57298979641686,19.486832980505138,174.08615681591172,0.32140309917448917,1.9486832980505138
FR,independent_2025,rf_depth_12_leaf_5,2025-06-01,24,137.88471816265547,27.973665961010273,109.91105220164522,16.646063913832492,2.7973665961010274
FR,independent_2025,rf_depth_12_leaf_5,2025-06-02,24,129.85979298567403,37.48683298050514,92.3729600051689,49.11385189102826,3.748683298050514
FR,independent_2025,rf_depth_12_leaf_5,2025-06-03,24,106.39437851806282,27.973665961010273,78.42071255705255,95.17538340791717,2.7973665961010274
FR,independent_2025,rf_depth_12_leaf_5,2025-06-04,24,62.431408056924525,18.973665961010276,43.457742095914256,70.39522208736518,1.8973665961010275
FR,independent_2025,rf_depth_12_leaf_5,2025-06-05,24,33.169866422717256,28.973665961010276,4.196200461706987,19.48411183601752,2.8973665961010275
FR,independent_2025,rf_depth_12_leaf_5,2025-06-06,24,147.04706217906045,38.46049894151541,108.58656323754505,25.188447116967808,3.846049894151541
FR,independent_2025,rf_depth_12_leaf_5,2025-06-07,24,72.82575474382374,29.486832980505138,43.33892176331861,10.746253954065324,2.948683298050514
FR,independent_2025,rf_depth_12_leaf_5,2025-06-08,24,175.74101567828043,28.486832980505135,147.2541826977753,19.34128217084256,2.8486832980505135
FR,independent_2025,rf_depth_12_leaf_5,2025-06-09,24,85.4708436797564,28.973665961010276,56.497177718746116,46.82681683880891,2.8973665961010275
FR,independent_2025,rf_depth_12_leaf_5,2025-06-10,24,128.9051854078643,37.94733192202055,90.95785348584373,22.97832358197907,3.794733192202055
FR,independent_2025,rf_depth_12_leaf_5,2025-06-11,24,144.08503983760022,28.973665961010276,115.11137387658992,23.410192077078037,2.8973665961010275
FR,independent_2025,rf_depth_12_leaf_5,2025-06-12,24,162.69529175783728,28.973665961010276,133.721625796827,67.02075254173795,2.8973665961010275
FR,independent_2025,rf_depth_12_leaf_5,2025-06-13,24,184.19625820813468,37.94733192202055,146.24892628611408,16.863261461709925,3.794733192202055
FR,independent_2025,rf_depth_12_leaf_5,2025-06-14,24,166.20682271204328,46.94733192202055,119.2594907900227,70.8104366397193,4.6947331922020545
FR,independent_2025,rf_depth_12_leaf_5,2025-06-15,24,118.06501705816842,18.973665961010276,99.09135109715814,0.0,1.8973665961010275
FR,independent_2025,rf_depth_12_leaf_5,2025-06-16,24,124.82774835748661,18.973665961010276,105.85408239647633,75.79115588726474,1.8973665961010275
FR,independent_2025,rf_depth_12_leaf_5,2025-06-17,24,40.693817949970715,18.973665961010276,21.72015198896043,194.2271603117276,1.8973665961010275
FR,independent_2025,rf_depth_12_leaf_5,2025-06-18,24,223.37244072953592,37.94733192202055,185.42510880751536,52.55244237414527,3.794733192202055
FR,independent_2025,rf_depth_12_leaf_5,2025-06-19,24,262.5479913263001,37.94733192202055,224.6006594042796,8.366345734890501,3.794733192202055
FR,independent_2025,rf_depth_12_leaf_5,2025-06-20,24,220.0918240959361,37.97366596101027,182.1181581349258,124.62749090562966,3.7973665961010274
FR,independent_2025,rf_depth_12_leaf_5,2025-06-21,24,203.88113714697482,37.94733192202055,165.93380522495426,62.24350162215532,3.794733192202055
FR,independent_2025,rf_depth_12_leaf_5,2025-06-22,24,315.4307426990729,18.973665961010276,296.4570767380626,14.971589208636885,1.8973665961010275
FR,independent_2025,rf_depth_12_leaf_5,2025-06-23,24,187.2154492003762,37.94733192202055,149.26811727835562,16.624462166752267,3.794733192202055
FR,independent_2025,rf_depth_12_leaf_5,2025-06-24,24,231.36889965296544,37.94733192202055,193.42156773094487,40.05261914088268,3.794733192202055
FR,independent_2025,rf_depth_12_leaf_5,2025-06-25,24,243.63832514021678,37.94733192202055,205.6909932181962,28.324981894453714,3.794733192202055
FR,independent_2025,rf_depth_12_leaf_5,2025-06-26,24,187.22114953438154,46.94733192202055,140.27381761236097,14.55714964593028,4.6947331922020545
FR,independent_2025,rf_depth_12_leaf_5,2025-06-27,24,170.93764789593973,45.97366596101027,124.96398193492949,53.223797677875226,4.597366596101027
FR,independent_2025,rf_depth_12_leaf_5,2025-06-28,24,202.19859496527644,27.973665961010276,174.22492900426616,12.447151069417856,2.7973665961010274
FR,independent_2025,rf_depth_12_leaf_5,2025-06-29,24,183.15431702831881,28.973665961010276,154.18065106730853,29.221286671371047,2.8973665961010275
FR,independent_2025,rf_depth_12_leaf_5,2025-06-30,24,170.52755281097132,36.97366596101027,133.55388684996103,62.29324148658813,3.6973665961010274
FR,independent_2025,rf_depth_12_leaf_5,2025-07-01,24,149.53980280388276,19.486832980505138,130.05296982337762,117.21055283027476,1.9486832980505138
FR,independent_2025,rf_depth_12_leaf_5,2025-07-02,24,81.9211845460717,37.94733192202055,43.97385262405115,60.894600978574275,3.794733192202055
FR,independent_2025,rf_depth_12_leaf_5,2025-07-03,24,86.3908338807977,37.94733192202055,48.44350195877713,75.63308125284843,3.794733192202055
FR,independent_2025,rf_depth_12_leaf_5,2025-07-04,24,185.8510150537358,27.973665961010276,157.87734909272552,17.764298614665393,2.7973665961010274
FR,independent_2025,rf_depth_12_leaf_5,2025-07-05,24,103.80837984925168,18.973665961010276,84.83471388824141,30.97450968134926,1.8973665961010275
FR,independent_2025,rf_depth_12_leaf_5,2025-07-06,24,125.76162720002324,28.973665961010276,96.78796123901296,32.39951391929242,2.8973665961010275
FR,independent_2025,rf_depth_12_leaf_5,2025-07-07,24,80.0964657476847,27.973665961010276,52.12279978667445,85.11472504070937,2.7973665961010274
FR,independent_2025,rf_depth_12_leaf_5,2025-07-08,24,183.58690941748233,37.94733192202055,145.63957749546177,21.075697824639974,3.794733192202055
FR,independent_2025,rf_depth_12_leaf_5,2025-07-09,24,217.9734480577361,37.94733192202055,180.02611613571554,67.67838601358608,3.794733192202055
FR,independent_2025,rf_depth_12_leaf_5,2025-07-10,24,156.654826324454,28.973665961010276,127.6811603634437,68.83226353299699,2.8973665961010275
FR,independent_2025,rf_depth_12_leaf_5,2025-07-11,24,89.14258225555864,46.94733192202055,42.1952503335381,60.414997357860145,4.6947331922020545
FR,independent_2025,rf_depth_12_leaf_5,2025-07-12,24,206.0017511141387,18.973665961010276,187.02808515312842,0.0,1.8973665961010275
FR,independent_2025,rf_depth_12_leaf_5,2025-07-13,24,185.29790214604435,27.973665961010276,157.32423618503407,34.87900000000002,2.7973665961010274
FR,independent_2025,rf_depth_12_leaf_5,2025-07-14,24,120.41752703961524,18.973665961010276,101.44386107860495,23.901657825804037,1.8973665961010275
FR,independent_2025,rf_depth_12_leaf_5,2025-07-15,24,77.1428387169068,18.973665961010276,58.169172755896504,81.8575497025056,1.8973665961010275
FR,independent_2025,rf_depth_12_leaf_5,2025-07-16,24,133.10105124557825,27.973665961010276,105.12738528456796,27.252681986111696,2.7973665961010274
FR,independent_2025,rf_depth_12_leaf_5,2025-07-17,24,82.3122795357779,18.973665961010276,63.33861357476763,25.854761029799057,1.8973665961010275
FR,independent_2025,rf_depth_12_leaf_5,2025-07-18,24,79.05803889272013,36.97366596101027,42.08437293170985,11.710314996626607,3.6973665961010274
FR,independent_2025,rf_depth_12_leaf_5,2025-07-19,24,192.6792860791856,18.973665961010276,173.70562011817532,2.3700000000000045,1.8973665961010275
FR,independent_2025,rf_depth_12_leaf_5,2025-07-20,24,108.34187848864042,28.973665961010276,79.36821252763015,24.950029260043337,2.8973665961010275
FR,independent_2025,rf_depth_12_leaf_5,2025-07-21,24,68.00946582978433,28.973665961010276,39.03579986877405,51.68264902952892,2.8973665961010275
FR,independent_2025,rf_depth_12_leaf_5,2025-07-22,24,196.39053477842037,28.973665961010276,167.4168688174101,12.85125144069508,2.8973665961010275
FR,independent_2025,rf_depth_12_leaf_5,2025-07-23,24,98.28354137260975,28.973665961010276,69.30987541159946,12.663201080164214,2.8973665961010275
FR,independent_2025,rf_depth_12_leaf_5,2025-07-24,24,133.2374941844355,28.973665961010276,104.26382822342522,36.081894699327094,2.8973665961010275
FR,independent_2025,rf_depth_12_leaf_5,2025-07-25,24,152.7784305879214,36.97366596101027,115.80476462691112,43.17008338709192,3.6973665961010274
FR,independent_2025,rf_depth_12_leaf_5,2025-07-26,24,134.87193477620437,18.973665961010276,115.89826881519409,36.25817125639671,1.8973665961010275
FR,independent_2025,rf_depth_12_leaf_5,2025-07-27,24,90.9591136619401,19.486832980505138,71.47228068143495,37.84472942469647,1.9486832980505138
FR,independent_2025,rf_depth_12_leaf_5,2025-07-28,24,106.20475543730535,28.973665961010276,77.23108947629507,56.45068012059434,2.8973665961010275
FR,independent_2025,rf_depth_12_leaf_5,2025-07-29,24,156.0965297091216,28.973665961010276,127.12286374811131,9.169042969481069,2.8973665961010275
FR,independent_2025,rf_depth_12_leaf_5,2025-07-30,24,158.64455355616903,37.48683298050514,121.15772057566392,10.261985834328527,3.748683298050514
FR,independent_2025,rf_depth_12_leaf_5,2025-07-31,24,133.03987902598587,19.486832980505138,113.55304604548073,52.40507524371574,1.9486832980505138
FR,independent_2025,rf_depth_12_leaf_5,2025-08-01,24,176.01420955089753,37.94733192202055,138.06687762887702,31.543002305517916,3.794733192202055
FR,independent_2025,rf_depth_12_leaf_5,2025-08-02,24,183.74353896058918,18.973665961010276,164.7698729995789,3.7404914065042476,1.8973665961010275
FR,independent_2025,rf_depth_12_leaf_5,2025-08-03,24,170.3513673949371,28.973665961010276,141.37770143392683,28.84328483020326,2.8973665961010275
FR,independent_2025,rf_depth_12_leaf_5,2025-08-04,24,143.30237879381076,29.486832980505138,113.81554581330563,18.343500540389144,2.948683298050514
FR,independent_2025,rf_depth_12_leaf_5,2025-08-05,24,135.3273542026069,37.97366596101027,97.35368824159661,20.527632548193836,3.7973665961010274
FR,independent_2025,rf_depth_12_leaf_5,2025-08-06,24,227.68957765258574,37.97366596101027,189.71591169157546,44.39024659745735,3.7973665961010274
FR,independent_2025,rf_depth_12_leaf_5,2025-08-07,24,207.52215518358403,37.97366596101027,169.54848922257375,38.05003678693802,3.7973665961010274
FR,independent_2025,rf_depth_12_leaf_5,2025-08-08,24,188.62508660091208,38.46049894151541,150.16458765939672,29.594557264936725,3.846049894151541
FR,independent_2025,rf_depth_12_leaf_5,2025-08-09,24,168.6493806937699,27.973665961010276,140.67571473275962,17.00228273961278,2.7973665961010274
FR,independent_2025,rf_depth_12_leaf_5,2025-08-10,24,260.0875624649274,27.973665961010273,232.11389650391706,6.580192304180372,2.7973665961010274
FR,independent_2025,rf_depth_12_leaf_5,2025-08-11,24,131.26489502070376,18.973665961010276,112.29122905969349,78.43081348997138,1.8973665961010275
FR,independent_2025,rf_depth_12_leaf_5,2025-08-12,24,198.82744078026423,19.486832980505138,179.34060779975908,76.72850333153644,1.9486832980505138
FR,independent_2025,rf_depth_12_leaf_5,2025-08-13,24,141.68266946691833,45.97366596101027,95.70900350590804,59.616998969896514,4.597366596101027
FR,independent_2025,rf_depth_12_leaf_5,2025-08-14,24,119.14627747458309,27.973665961010276,91.1726115135728,31.96690679064112,2.7973665961010274
FR,independent_2025,rf_depth_12_leaf_5,2025-08-15,24,144.15479666899745,28.973665961010276,115.18113070798715,57.385193231839494,2.8973665961010275
FR,independent_2025,rf_depth_12_leaf_5,2025-08-16,24,156.77158105714423,27.973665961010276,128.79791509613395,22.25055600976006,2.7973665961010274
FR,independent_2025,rf_depth_12_leaf_5,2025-08-17,24,166.8315323066206,18.973665961010276,147.85786634561032,1.5367758139277612,1.8973665961010275
FR,independent_2025,rf_depth_12_leaf_5,2025-08-18,24,83.4104245148979,37.94733192202055,45.46309259287733,123.14944081887108,3.794733192202055
FR,independent_2025,rf_depth_12_leaf_5,2025-08-19,24,121.76291173824546,28.973665961010276,92.78924577723521,31.632826685425442,2.8973665961010275
FR,independent_2025,rf_depth_12_leaf_5,2025-08-20,24,50.10126434510252,19.486832980505138,30.614431364597394,72.9614093019555,1.9486832980505138
FR,independent_2025,rf_depth_12_leaf_5,2025-08-21,24,132.96768258729458,37.94733192202055,95.02035066527402,55.58231184856608,3.794733192202055
FR,independent_2025,rf_depth_12_leaf_5,2025-08-22,24,163.9685084464105,27.973665961010276,135.9948424854002,44.516198414716115,2.7973665961010274
FR,independent_2025,rf_depth_12_leaf_5,2025-08-23,24,200.54866845705274,18.973665961010276,181.57500249604246,1.043423425068653,1.8973665961010275
FR,independent_2025,rf_depth_12_leaf_5,2025-08-24,24,218.65696459788927,18.973665961010276,199.683298636879,0.8390058104382092,1.8973665961010275
FR,independent_2025,rf_depth_12_leaf_5,2025-08-25,24,194.4409413368864,18.973665961010276,175.4672753758761,45.498480255024106,1.8973665961010275
FR,independent_2025,rf_depth_12_leaf_5,2025-08-26,24,125.63715045293631,18.973665961010276,106.66348449192603,47.88631295775215,1.8973665961010275
FR,independent_2025,rf_depth_12_leaf_5,2025-08-27,24,112.21650661335926,38.46049894151541,73.75600767184385,32.05386967519782,3.8460498941515415
FR,independent_2025,rf_depth_12_leaf_5,2025-08-28,24,202.0881622248493,37.94733192202055,164.14083030282873,3.3599403971059303,3.794733192202055
FR,independent_2025,rf_depth_12_leaf_5,2025-08-29,24,213.43790949349457,37.94733192202055,175.490577571474,11.99164504303755,3.794733192202055
FR,independent_2025,rf_depth_12_leaf_5,2025-08-30,24,149.254088694573,27.973665961010276,121.28042273356273,47.63729926657656,2.7973665961010274
FR,independent_2025,rf_depth_12_leaf_5,2025-08-31,24,86.72850001110677,37.94733192202055,48.781168089086215,25.190115380479092,3.794733192202055
FR,independent_2025,rf_depth_12_leaf_5,2025-09-01,24,127.49438789018348,36.973665961010276,90.5207219291732,57.69711116584419,3.697366596101027
FR,independent_2025,rf_depth_12_leaf_5,2025-09-02,24,87.01854746795374,37.94733192202055,49.071215545933185,84.26996334989475,3.794733192202055
FR,independent_2025,rf_depth_12_leaf_5,2025-09-03,24,93.34170757188254,37.94733192202055,55.394375649861985,19.99441544089906,3.794733192202055
FR,independent_2025,rf_depth_12_leaf_5,2025-09-04,24,160.4418362998401,36.97366596101027,123.46817033882982,47.03951001895899,3.697366596101028
FR,independent_2025,rf_depth_12_leaf_5,2025-09-05,24,-6.82006730621616,19.0,-25.82006730621616,199.26737373970377,1.9
FR,independent_2025,rf_depth_12_leaf_5,2025-09-06,24,95.37623286569911,36.97366596101027,58.40256690468883,40.04890859023843,3.6973665961010274
FR,independent_2025,rf_depth_12_leaf_5,2025-09-07,24,185.12121651209236,19.486832980505138,165.63438353158722,8.507905920732071,1.9486832980505138
FR,independent_2025,rf_depth_12_leaf_5,2025-09-08,24,92.80172805895897,18.973665961010276,73.82806209794869,101.13650162116745,1.8973665961010275
FR,independent_2025,rf_depth_12_leaf_5,2025-09-09,24,234.5416213956724,28.486832980505135,206.05478841516725,4.5840104974864175,2.8486832980505135
FR,independent_2025,rf_depth_12_leaf_5,2025-09-10,24,90.00791524519487,37.46049894151541,52.547416303679455,49.28745428903183,3.7460498941515414
FR,independent_2025,rf_depth_12_leaf_5,2025-09-11,24,94.73074942510227,46.94733192202055,47.78341750308172,23.636158116770503,4.694733192202055
FR,independent_2025,rf_depth_12_leaf_5,2025-09-12,24,106.20802088550661,38.46049894151541,67.74752194399122,38.06766018402598,3.846049894151541
FR,independent_2025,rf_depth_12_leaf_5,2025-09-13,24,41.88167522262349,37.486832980505135,4.394842242118354,20.753768276887502,3.748683298050514
FR,independent_2025,rf_depth_12_leaf_5,2025-09-14,24,37.605182464639064,28.973665961010276,8.63151650362879,33.24387743934037,2.8973665961010275
FR,independent_2025,rf_depth_12_leaf_5,2025-09-15,24,29.714643100466724,28.973665961010276,0.7409771394564478,26.997147135630467,2.8973665961010275
FR,independent_2025,rf_depth_12_leaf_5,2025-09-16,24,162.29657530248036,46.94733192202055,115.34924338045981,19.101913782219427,4.6947331922020545
FR,independent_2025,rf_depth_12_leaf_5,2025-09-17,24,288.0059364844908,28.460498941515414,259.5454375429754,50.18781219431901,2.846049894151541
FR,independent_2025,rf_depth_12_leaf_5,2025-09-18,24,274.83232054843086,38.46049894151541,236.37182160691543,47.370306113152196,3.846049894151541
FR,independent_2025,rf_depth_12_leaf_5,2025-09-19,24,206.65950779142895,28.460498941515414,178.19900884991353,46.195000956066906,2.846049894151541
FR,independent_2025,rf_depth_12_leaf_5,2025-09-20,24,104.39286836830509,37.46049894151541,66.93236942678966,43.20225269483045,3.7460498941515414
FR,independent_2025,rf_depth_12_leaf_5,2025-09-21,24,67.02292686508343,27.973665961010276,39.049260904073165,25.44758013661378,2.7973665961010274
FR,independent_2025,rf_depth_12_leaf_5,2025-09-22,24,121.88792772983953,37.94733192202055,83.94059580781898,38.39591300362122,3.794733192202055
FR,independent_2025,rf_depth_12_leaf_5,2025-09-23,24,133.32163162552737,37.94733192202055,95.37429970350681,7.235074316056654,3.794733192202055
FR,independent_2025,rf_depth_12_leaf_5,2025-09-24,24,196.3608595233308,37.94733192202055,158.41352760131025,41.007066032777345,3.794733192202055
FR,independent_2025,rf_depth_12_leaf_5,2025-09-25,24,214.02909070196915,37.94733192202055,176.0817587799486,55.77610413576582,3.794733192202055
FR,independent_2025,rf_depth_12_leaf_5,2025-09-26,24,124.39960960143893,28.460498941515414,95.9391106599235,33.26004275351235,2.846049894151541
FR,independent_2025,rf_depth_12_leaf_5,2025-09-27,24,150.89070612914497,27.973665961010276,122.91704016813468,49.405808315264736,2.7973665961010274
FR,independent_2025,rf_depth_12_leaf_5,2025-09-28,24,99.04532421968632,28.460498941515414,70.5848252781709,26.37433679465397,2.846049894151541
FR,independent_2025,rf_depth_12_leaf_5,2025-09-29,24,173.25544063427367,37.46049894151541,135.79494169275824,33.17330262347724,3.7460498941515414
FR,independent_2025,rf_depth_12_leaf_5,2025-09-30,24,225.2688655578543,36.97366596101027,188.29519959684401,69.11653324244972,3.697366596101027
FR,independent_2025,perfect_foresight,2025-01-09,24,183.8274271012633,37.46049894151541,146.36692815974789,0.0,3.7460498941515414
FR,independent_2025,perfect_foresight,2025-01-10,24,118.79901580200391,37.46049894151541,81.33851686048848,0.0,3.7460498941515414
FR,independent_2025,perfect_foresight,2025-01-11,24,36.108538755860764,19.486832980505138,16.621705775355622,0.0,1.9486832980505138
FR,independent_2025,perfect_foresight,2025-01-12,24,86.30320921131215,36.97366596101027,49.32954325030187,0.0,3.6973665961010274
FR,independent_2025,perfect_foresight,2025-01-13,24,170.83720889394027,37.94733192202055,132.8898769719197,0.0,3.794733192202055
FR,independent_2025,perfect_foresight,2025-01-14,24,205.724156582722,37.94733192202055,167.77682466070144,0.0,3.794733192202055
FR,independent_2025,perfect_foresight,2025-01-15,24,375.79963788907537,37.94733192202055,337.8523059670548,0.0,3.794733192202055
FR,independent_2025,perfect_foresight,2025-01-16,24,208.3689975098846,37.94733192202055,170.42166558786403,0.0,3.794733192202055
FR,independent_2025,perfect_foresight,2025-01-17,24,190.54859974363546,37.94733192202055,152.6012678216149,0.0,3.794733192202055
FR,independent_2025,perfect_foresight,2025-01-18,24,91.82663250558198,37.94733192202055,53.87930058356142,0.0,3.794733192202055
FR,independent_2025,perfect_foresight,2025-01-19,24,57.04438112269048,18.973665961010276,38.0707151616802,0.0,1.8973665961010275
FR,independent_2025,perfect_foresight,2025-01-20,24,651.2324068826993,37.94733192202055,613.2850749606787,0.0,3.794733192202055
FR,independent_2025,perfect_foresight,2025-01-21,24,254.7351380087673,37.94733192202055,216.78780608674674,0.0,3.794733192202055
FR,independent_2025,perfect_foresight,2025-01-22,24,146.50330444632937,18.973665961010276,127.52963848531908,0.0,1.8973665961010275
FR,independent_2025,perfect_foresight,2025-01-23,24,143.35780666061657,28.973665961010276,114.38414069960629,0.0,2.8973665961010275
FR,independent_2025,perfect_foresight,2025-01-24,24,154.4073579011755,37.94733192202055,116.46002597915492,0.0,3.794733192202055
FR,independent_2025,perfect_foresight,2025-01-25,24,195.75770747958381,47.434164902525694,148.3235425770581,0.0,4.743416490252569
FR,independent_2025,perfect_foresight,2025-01-26,24,225.872530502965,65.94733192202055,159.92519858094445,0.0,6.594733192202055
FR,independent_2025,perfect_foresight,2025-01-27,24,132.34569750726808,47.434164902525694,84.91153260474242,0.0,4.743416490252569
FR,independent_2025,perfect_foresight,2025-01-28,24,185.91354164024116,56.43416490252569,129.47937673771554,0.0,5.6434164902525685
FR,independent_2025,perfect_foresight,2025-01-29,24,274.9312575146531,46.46049894151541,228.47075857313763,0.0,4.646049894151542
FR,independent_2025,perfect_foresight,2025-01-30,24,223.5532830498025,38.46049894151541,185.09278410828708,0.0,3.846049894151541
FR,independent_2025,perfect_foresight,2025-01-31,24,167.53953914716226,37.94733192202055,129.5922072251417,0.0,3.794733192202055
FR,independent_2025,perfect_foresight,2025-02-01,24,125.3859515313116,45.97366596101027,79.41228557030132,0.0,4.597366596101027
FR,independent_2025,perfect_foresight,2025-02-02,24,95.32173092518408,27.973665961010276,67.3480649641738,0.0,2.7973665961010274
FR,independent_2025,perfect_foresight,2025-02-03,24,294.9548443802597,37.94733192202055,257.00751245823915,0.0,3.794733192202055
FR,independent_2025,perfect_foresight,2025-02-04,24,194.48701167961426,37.94733192202055,156.5396797575937,0.0,3.794733192202055
FR,independent_2025,perfect_foresight,2025-02-05,24,157.6251763185668,37.94733192202055,119.67784439654622,0.0,3.794733192202055
FR,independent_2025,perfect_foresight,2025-02-06,24,181.10134965442057,37.94733192202055,143.1540177324,0.0,3.794733192202055
FR,independent_2025,perfect_foresight,2025-02-07,24,94.81798583125811,37.46049894151541,57.35748688974269,0.0,3.7460498941515414
FR,independent_2025,perfect_foresight,2025-02-08,24,63.9836813311301,9.486832980505138,54.49684835062496,0.0,0.9486832980505138
FR,independent_2025,perfect_foresight,2025-02-09,24,67.31060150374489,27.486832980505135,39.82376852323975,0.0,2.748683298050514
FR,independent_2025,perfect_foresight,2025-02-10,24,128.86363728492887,37.46049894151541,91.40313834341345,0.0,3.746049894151541
FR,independent_2025,perfect_foresight,2025-02-11,24,107.39390617317173,27.973665961010276,79.42024021216145,0.0,2.7973665961010274
FR,independent_2025,perfect_foresight,2025-02-12,24,124.67354780556332,36.973665961010276,87.69988184455303,0.0,3.6973665961010274
FR,independent_2025,perfect_foresight,2025-02-13,24,141.69217112559795,36.973665961010276,104.71850516458767,0.0,3.6973665961010274
FR,independent_2025,perfect_foresight,2025-02-14,24,185.99322482575514,37.94733192202055,148.04589290373457,0.0,3.794733192202055
FR,independent_2025,perfect_foresight,2025-02-15,24,88.04587937072421,37.94733192202055,50.09854744870364,0.0,3.794733192202055
FR,independent_2025,perfect_foresight,2025-02-16,24,71.48804151253958,19.486832980505138,52.00120853203444,0.0,1.9486832980505138
FR,independent_2025,perfect_foresight,2025-02-17,24,311.16062220059587,37.94733192202055,273.2132902785753,0.0,3.794733192202055
FR,independent_2025,perfect_foresight,2025-02-18,24,212.17571507036928,37.94733192202055,174.2283831483487,0.0,3.794733192202055
FR,independent_2025,perfect_foresight,2025-02-19,24,168.60680164402174,37.94733192202055,130.65946972200118,0.0,3.794733192202055
FR,independent_2025,perfect_foresight,2025-02-20,24,117.94300125715228,37.94733192202055,79.99566933513171,0.0,3.794733192202055
FR,independent_2025,perfect_foresight,2025-02-21,24,161.1360981782424,47.434164902525694,113.7019332757167,0.0,4.743416490252569
FR,independent_2025,perfect_foresight,2025-02-22,24,77.71149222162681,10.0,67.7114922216268,0.0,1.0
FR,independent_2025,perfect_foresight,2025-02-23,24,181.9705194670919,28.460498941515414,153.51002052557646,0.0,2.846049894151541
FR,independent_2025,perfect_foresight,2025-02-24,24,180.41633524135545,28.973665961010276,151.44266928034517,0.0,2.8973665961010275
FR,independent_2025,perfect_foresight,2025-02-25,24,151.23048822191936,37.46049894151541,113.76998928040399,0.0,3.7460498941515414
FR,independent_2025,perfect_foresight,2025-02-26,24,205.80656762246653,28.973665961010276,176.83290166145628,0.0,2.8973665961010275
FR,independent_2025,perfect_foresight,2025-02-27,24,168.8575545913186,37.46049894151541,131.39705564980318,0.0,3.7460498941515414
FR,independent_2025,perfect_foresight,2025-02-28,24,150.963639234575,37.46049894151541,113.50314029305957,0.0,3.7460498941515414
FR,independent_2025,perfect_foresight,2025-03-01,24,178.508459133204,28.460498941515414,150.04796019168856,0.0,2.846049894151541
FR,independent_2025,perfect_foresight,2025-03-02,24,212.90837044362362,19.486832980505138,193.42153746311848,0.0,1.9486832980505138
FR,independent_2025,perfect_foresight,2025-03-03,24,213.5471197896967,37.94733192202055,175.59978786767613,0.0,3.794733192202055
FR,independent_2025,perfect_foresight,2025-03-04,24,253.31349476433923,37.94733192202055,215.36616284231872,0.0,3.794733192202055
FR,independent_2025,perfect_foresight,2025-03-05,24,311.25036830537533,37.94733192202055,273.30303638335477,0.0,3.794733192202055
FR,independent_2025,perfect_foresight,2025-03-06,24,277.2472454821303,37.94733192202055,239.29991356010981,0.0,3.794733192202055
FR,independent_2025,perfect_foresight,2025-03-07,24,244.4539252367606,46.46049894151541,197.99342629524517,0.0,4.646049894151541
FR,independent_2025,perfect_foresight,2025-03-08,24,251.5849145182059,38.46049894151541,213.12441557669047,0.0,3.846049894151541
FR,independent_2025,perfect_foresight,2025-03-09,24,167.9886585597614,28.460498941515414,139.52815961824598,0.0,2.846049894151541
FR,independent_2025,perfect_foresight,2025-03-10,24,189.7725502246058,37.94733192202055,151.82521830258526,0.0,3.794733192202055
FR,independent_2025,perfect_foresight,2025-03-11,24,139.03036384241244,37.94733192202055,101.08303192039189,0.0,3.794733192202055
FR,independent_2025,perfect_foresight,2025-03-12,24,141.74053624144932,37.94733192202055,103.79320431942875,0.0,3.794733192202055
FR,independent_2025,perfect_foresight,2025-03-13,24,179.60455468559303,37.94733192202055,141.65722276357246,0.0,3.794733192202055
FR,independent_2025,perfect_foresight,2025-03-14,24,139.765522727689,37.46049894151541,102.30502378617356,0.0,3.7460498941515414
FR,independent_2025,perfect_foresight,2025-03-15,24,147.31873508706164,27.973665961010276,119.34506912605136,0.0,2.7973665961010274
FR,independent_2025,perfect_foresight,2025-03-16,24,224.55425594012885,28.460498941515414,196.09375699861346,0.0,2.846049894151541
FR,independent_2025,perfect_foresight,2025-03-17,24,285.3641989803625,37.94733192202055,247.41686705834192,0.0,3.794733192202055
FR,independent_2025,perfect_foresight,2025-03-18,24,331.3275643780491,37.94733192202055,293.3802324560285,0.0,3.794733192202055
FR,independent_2025,perfect_foresight,2025-03-19,24,319.4862578715128,37.94733192202055,281.53892594949224,0.0,3.794733192202055
FR,independent_2025,perfect_foresight,2025-03-20,24,310.5138138103067,46.46049894151541,264.0533148687913,0.0,4.646049894151542
FR,independent_2025,perfect_foresight,2025-03-21,24,150.1636825355785,47.94733192202055,102.21635061355792,0.0,4.794733192202055
FR,independent_2025,perfect_foresight,2025-03-22,24,128.9968494759907,28.460498941515414,100.53635053447529,0.0,2.846049894151541
FR,independent_2025,perfect_foresight,2025-03-23,24,164.69070107300882,29.486832980505138,135.20386809250368,0.0,2.948683298050514
FR,independent_2025,perfect_foresight,2025-03-24,24,273.1340528971025,37.94733192202055,235.18672097508193,0.0,3.794733192202055
FR,independent_2025,perfect_foresight,2025-03-25,24,209.38727100916333,37.94733192202055,171.43993908714276,0.0,3.794733192202055
FR,independent_2025,perfect_foresight,2025-03-26,24,170.51847116572662,37.94733192202055,132.57113924370609,0.0,3.794733192202055
FR,independent_2025,perfect_foresight,2025-03-27,24,316.190744666981,46.46049894151541,269.73024572546564,0.0,4.646049894151542
FR,independent_2025,perfect_foresight,2025-03-28,24,231.8229885513859,37.94733192202055,193.87565662936532,0.0,3.794733192202055
FR,independent_2025,perfect_foresight,2025-03-29,24,174.12069769482906,37.94733192202055,136.17336577280852,0.0,3.794733192202055
FR,independent_2025,perfect_foresight,2025-03-30,23,115.80428401601513,18.973665961010276,96.83061805500485,0.0,1.8973665961010275
FR,independent_2025,perfect_foresight,2025-03-31,24,442.6313210816646,38.46049894151541,404.1708221401492,0.0,3.846049894151541
FR,independent_2025,perfect_foresight,2025-04-01,24,355.4756462483669,46.94733192202055,308.52831432634633,0.0,4.694733192202055
FR,independent_2025,perfect_foresight,2025-04-02,24,240.6579899008369,46.46049894151541,194.1974909593215,0.0,4.646049894151541
FR,independent_2025,perfect_foresight,2025-04-03,24,410.41414940753424,47.434164902525694,362.9799845050086,0.0,4.743416490252569
FR,independent_2025,perfect_foresight,2025-04-04,24,224.67726298748156,37.94733192202055,186.729931065461,0.0,3.794733192202055
FR,independent_2025,perfect_foresight,2025-04-05,24,264.91098559192767,37.486832980505135,227.4241526114225,0.0,3.748683298050514
FR,independent_2025,perfect_foresight,2025-04-06,24,372.30186147495255,18.973665961010276,353.32819551394226,0.0,1.8973665961010275
FR,independent_2025,perfect_foresight,2025-04-07,24,418.03782243415924,37.46049894151541,380.5773234926439,0.0,3.746049894151541
FR,independent_2025,perfect_foresight,2025-04-08,24,378.3457637680821,47.434164902525694,330.9115988655564,0.0,4.743416490252569
FR,independent_2025,perfect_foresight,2025-04-09,24,242.78808631501846,45.97366596101027,196.8144203540082,0.0,4.597366596101027
FR,independent_2025,perfect_foresight,2025-04-10,24,168.2696683060161,36.97366596101027,131.29600234500583,0.0,3.697366596101028
FR,independent_2025,perfect_foresight,2025-04-11,24,261.27586943987217,37.46049894151541,223.81537049835674,0.0,3.7460498941515414
FR,independent_2025,perfect_foresight,2025-04-12,24,90.30801422747977,18.973665961010276,71.3343482664695,0.0,1.8973665961010275
FR,independent_2025,perfect_foresight,2025-04-13,24,161.71334434787389,37.97366596101027,123.73967838686359,0.0,3.7973665961010274
FR,independent_2025,perfect_foresight,2025-04-14,24,160.43581498239593,47.94733192202055,112.48848306037536,0.0,4.794733192202055
FR,independent_2025,perfect_foresight,2025-04-15,24,115.73496189701152,28.973665961010276,86.76129593600123,0.0,2.8973665961010275
FR,independent_2025,perfect_foresight,2025-04-16,24,309.77804484805415,38.46049894151541,271.3175459065388,0.0,3.846049894151541
FR,independent_2025,perfect_foresight,2025-04-17,24,302.1907635420211,37.94733192202055,264.24343162000054,0.0,3.794733192202055
FR,independent_2025,perfect_foresight,2025-04-18,24,194.68917746219475,46.94733192202055,147.74184554017418,0.0,4.6947331922020545
FR,independent_2025,perfect_foresight,2025-04-19,24,116.366530618572,28.460498941515414,87.90603167705659,0.0,2.846049894151541
FR,independent_2025,perfect_foresight,2025-04-20,24,178.14681081031932,18.973665961010276,159.17314484930904,0.0,1.8973665961010275
FR,independent_2025,perfect_foresight,2025-04-21,24,273.6906101103231,46.94733192202055,226.74327818830255,0.0,4.6947331922020545
FR,independent_2025,perfect_foresight,2025-04-22,24,260.61248023873765,37.46049894151541,223.15198129722222,0.0,3.7460498941515414
FR,independent_2025,perfect_foresight,2025-04-23,24,158.42374667042583,46.94733192202055,111.47641474840529,0.0,4.694733192202055
FR,independent_2025,perfect_foresight,2025-04-24,24,168.5685108178485,28.973665961010276,139.59484485683822,0.0,2.8973665961010275
FR,independent_2025,perfect_foresight,2025-04-25,24,251.15879328165988,28.973665961010276,222.1851273206496,0.0,2.8973665961010275
FR,independent_2025,perfect_foresight,2025-04-26,24,155.54263150487427,28.973665961010276,126.56896554386398,0.0,2.8973665961010275
FR,independent_2025,perfect_foresight,2025-04-27,24,263.3826269597049,18.973665961010276,244.40896099869462,0.0,1.8973665961010275
FR,independent_2025,perfect_foresight,2025-04-28,24,281.03090302708694,37.46049894151541,243.5704040855715,0.0,3.746049894151541
FR,independent_2025,perfect_foresight,2025-04-29,24,159.69264482092797,37.94733192202055,121.7453128989074,0.0,3.794733192202055
FR,independent_2025,perfect_foresight,2025-04-30,24,389.8528794314379,46.94733192202055,342.90554750941726,0.0,4.6947331922020545
FR,independent_2025,perfect_foresight,2025-05-01,24,335.72954833270984,18.973665961010276,316.75588237169956,0.0,1.8973665961010275
FR,independent_2025,perfect_foresight,2025-05-02,24,154.8534968792793,28.486832980505138,126.36666389877416,0.0,2.8486832980505135
FR,independent_2025,perfect_foresight,2025-05-03,24,110.02254836824633,27.973665961010273,82.04888240723606,0.0,2.7973665961010274
FR,independent_2025,perfect_foresight,2025-05-04,24,74.66185731011153,18.973665961010276,55.68819134910126,0.0,1.8973665961010275
FR,independent_2025,perfect_foresight,2025-05-05,24,114.94391963927418,48.46049894151541,66.48342069775879,0.0,4.846049894151541
FR,independent_2025,perfect_foresight,2025-05-06,24,116.84306382153379,37.46049894151541,79.38256488001839,0.0,3.7460498941515414
FR,independent_2025,perfect_foresight,2025-05-07,24,175.44728011771082,37.46049894151541,137.9867811761954,0.0,3.746049894151541
FR,independent_2025,perfect_foresight,2025-05-08,24,63.26764903660414,27.973665961010276,35.29398307559386,0.0,2.7973665961010274
FR,independent_2025,perfect_foresight,2025-05-09,24,97.89062562248208,29.486832980505138,68.40379264197695,0.0,2.948683298050514
FR,independent_2025,perfect_foresight,2025-05-10,24,273.3379828717465,18.973665961010276,254.36431691073616,0.0,1.8973665961010275
FR,independent_2025,perfect_foresight,2025-05-11,24,278.57835722793175,27.973665961010276,250.6046912669215,0.0,2.7973665961010274
FR,independent_2025,perfect_foresight,2025-05-12,24,180.40345087531557,28.486832980505135,151.91661789481043,0.0,2.8486832980505135
FR,independent_2025,perfect_foresight,2025-05-13,24,313.82602703147194,46.94733192202055,266.87869510945137,0.0,4.694733192202055
FR,independent_2025,perfect_foresight,2025-05-14,24,210.368518342714,46.94733192202055,163.42118642069346,0.0,4.6947331922020545
FR,independent_2025,perfect_foresight,2025-05-15,24,107.86213234640223,38.46049894151541,69.40163340488681,0.0,3.846049894151541
FR,independent_2025,perfect_foresight,2025-05-16,24,95.47634105080589,28.460498941515414,67.01584210929047,0.0,2.846049894151541
FR,independent_2025,perfect_foresight,2025-05-17,24,97.33014736574971,19.486832980505138,77.84331438524458,0.0,1.9486832980505138
FR,independent_2025,perfect_foresight,2025-05-18,24,128.51969147175674,27.973665961010273,100.54602551074647,0.0,2.7973665961010274
FR,independent_2025,perfect_foresight,2025-05-19,24,112.18045010176348,28.973665961010276,83.20678414075321,0.0,2.8973665961010275
FR,independent_2025,perfect_foresight,2025-05-20,24,141.67285217489274,54.97366596101027,86.69918621388246,0.0,5.497366596101028
FR,independent_2025,perfect_foresight,2025-05-21,24,172.00737244503927,44.99999999999999,127.00737244503927,0.0,4.5
FR,independent_2025,perfect_foresight,2025-05-22,24,180.14189623831476,47.486832980505135,132.65506325780962,0.0,4.748683298050514
FR,independent_2025,perfect_foresight,2025-05-23,24,119.31266817422954,28.460498941515414,90.85216923271412,0.0,2.846049894151541
FR,independent_2025,perfect_foresight,2025-05-24,24,73.44925417403893,19.486832980505138,53.962421193533785,0.0,1.9486832980505138
FR,independent_2025,perfect_foresight,2025-05-25,24,86.2433248168644,19.486832980505138,66.75649183635925,0.0,1.9486832980505138
FR,independent_2025,perfect_foresight,2025-05-26,24,138.4137490692304,37.46049894151541,100.95325012771497,0.0,3.746049894151541
FR,independent_2025,perfect_foresight,2025-05-27,24,188.75973206979984,54.97366596101027,133.78606610878956,0.0,5.497366596101027
FR,independent_2025,perfect_foresight,2025-05-28,24,200.2267371370695,38.46049894151541,161.76623819555408,0.0,3.846049894151541
FR,independent_2025,perfect_foresight,2025-05-29,24,134.83093050277813,27.973665961010273,106.85726454176786,0.0,2.7973665961010274
FR,independent_2025,perfect_foresight,2025-05-30,24,222.14775886714776,38.46049894151541,183.68725992563236,0.0,3.846049894151541
FR,independent_2025,perfect_foresight,2025-05-31,24,193.3812258760965,18.973665961010276,174.4075599150862,0.0,1.8973665961010275
FR,independent_2025,perfect_foresight,2025-06-01,24,145.53078207648798,18.973665961010276,126.55711611547771,0.0,1.8973665961010275
FR,independent_2025,perfect_foresight,2025-06-02,24,187.9473108377126,46.46049894151541,141.48681189619717,0.0,4.646049894151542
FR,independent_2025,perfect_foresight,2025-06-03,24,212.05659490648512,38.46049894151541,173.59609596496972,0.0,3.846049894151541
FR,independent_2025,perfect_foresight,2025-06-04,24,177.8266301442897,63.97366596101027,113.85296418327944,0.0,6.397366596101027
FR,independent_2025,perfect_foresight,2025-06-05,24,33.16714527822965,9.486832980505138,23.680312297724505,0.0,0.9486832980505138
FR,independent_2025,perfect_foresight,2025-06-06,24,162.261843335018,28.486832980505138,133.77501035451286,0.0,2.8486832980505135
FR,independent_2025,perfect_foresight,2025-06-07,24,82.0588416783942,27.973665961010276,54.08517571738393,0.0,2.7973665961010274
FR,independent_2025,perfect_foresight,2025-06-08,24,185.56913082962814,18.973665961010276,166.59546486861785,0.0,1.8973665961010275
FR,independent_2025,perfect_foresight,2025-06-09,24,122.81082753806017,19.486832980505138,103.32399455755503,0.0,1.9486832980505138
FR,independent_2025,perfect_foresight,2025-06-10,24,151.88350898984336,37.94733192202055,113.9361770678228,0.0,3.794733192202055
FR,independent_2025,perfect_foresight,2025-06-11,24,176.49523191467827,37.973665961010276,138.52156595366796,0.0,3.7973665961010274
FR,independent_2025,perfect_foresight,2025-06-12,24,239.20287728008037,38.46049894151541,200.74237833856495,0.0,3.846049894151541
FR,independent_2025,perfect_foresight,2025-06-13,24,200.59902072832915,37.486832980505135,163.112187747824,0.0,3.748683298050514
FR,independent_2025,perfect_foresight,2025-06-14,24,209.04359339075228,18.973665961010276,190.069927429742,0.0,1.8973665961010275
FR,independent_2025,perfect_foresight,2025-06-15,24,118.06501705816842,18.973665961010276,99.09135109715814,0.0,1.8973665961010275
FR,independent_2025,perfect_foresight,2025-06-16,24,236.61890424475135,54.97366596101027,181.64523828374107,0.0,5.497366596101027
FR,independent_2025,perfect_foresight,2025-06-17,24,253.8946442227086,37.94733192202055,215.94731230068803,0.0,3.794733192202055
FR,independent_2025,perfect_foresight,2025-06-18,24,284.92488310368117,46.94733192202055,237.97755118166063,0.0,4.694733192202055
FR,independent_2025,perfect_foresight,2025-06-19,24,270.9143370611907,37.94733192202055,232.9670051391701,0.0,3.794733192202055
FR,independent_2025,perfect_foresight,2025-06-20,24,344.6929809625761,37.94733192202055,306.74564904055546,0.0,3.794733192202055
FR,independent_2025,perfect_foresight,2025-06-21,24,247.15097280811986,18.973665961010276,228.17730684710958,0.0,1.8973665961010275
FR,independent_2025,perfect_foresight,2025-06-22,24,330.40233190770977,18.973665961010276,311.4286659466995,0.0,1.8973665961010275
FR,independent_2025,perfect_foresight,2025-06-23,24,203.83991136712842,37.94733192202055,165.89257944510788,0.0,3.794733192202055
FR,independent_2025,perfect_foresight,2025-06-24,24,280.4215187938481,46.94733192202055,233.47418687182756,0.0,4.694733192202055
FR,independent_2025,perfect_foresight,2025-06-25,24,271.47647405416535,37.46049894151541,234.01597511264993,0.0,3.746049894151541
FR,independent_2025,perfect_foresight,2025-06-26,24,192.77829918031182,37.94733192202055,154.83096725829125,0.0,3.794733192202055
FR,independent_2025,perfect_foresight,2025-06-27,24,207.161445573815,28.973665961010276,178.18777961280472,0.0,2.8973665961010275
FR,independent_2025,perfect_foresight,2025-06-28,24,223.6457460346943,36.973665961010276,186.67208007368401,0.0,3.697366596101028
FR,independent_2025,perfect_foresight,2025-06-29,24,202.37560369968986,18.973665961010276,183.40193773867958,0.0,1.8973665961010275
FR,independent_2025,perfect_foresight,2025-06-30,24,233.3076272780646,37.46049894151541,195.84712833654916,0.0,3.7460498941515414
FR,independent_2025,perfect_foresight,2025-07-01,24,294.2108545756729,46.94733192202055,247.2635226536524,0.0,4.6947331922020545
FR,independent_2025,perfect_foresight,2025-07-02,24,132.84211956363572,27.973665961010276,104.86845360262542,0.0,2.7973665961010274
FR,independent_2025,perfect_foresight,2025-07-03,24,161.53708215314097,37.46049894151541,124.07658321162555,0.0,3.7460498941515414
FR,independent_2025,perfect_foresight,2025-07-04,24,213.58897962941148,37.94733192202055,175.64164770739092,0.0,3.794733192202055
FR,independent_2025,perfect_foresight,2025-07-05,24,134.78288953060095,18.973665961010276,115.80922356959067,0.0,1.8973665961010275
FR,independent_2025,perfect_foresight,2025-07-06,24,148.1611411193157,18.973665961010276,129.18747515830538,0.0,1.8973665961010275
FR,independent_2025,perfect_foresight,2025-07-07,24,174.21119078839405,36.97366596101027,137.23752482738382,0.0,3.697366596101028
FR,independent_2025,perfect_foresight,2025-07-08,24,204.6626072421223,37.94733192202055,166.71527532010174,0.0,3.794733192202055
FR,independent_2025,perfect_foresight,2025-07-09,24,302.67816811031196,54.973665961010276,247.70450214930162,0.0,5.497366596101027
FR,independent_2025,perfect_foresight,2025-07-10,24,243.46075581846125,46.94733192202055,196.51342389644068,0.0,4.694733192202055
FR,independent_2025,perfect_foresight,2025-07-11,24,139.5839136524085,36.97366596101027,102.61024769139824,0.0,3.6973665961010274
FR,independent_2025,perfect_foresight,2025-07-12,24,206.0017511141387,18.973665961010276,187.02808515312842,0.0,1.8973665961010275
FR,independent_2025,perfect_foresight,2025-07-13,24,211.17690214604437,18.973665961010276,192.2032361850341,0.0,1.8973665961010275
FR,independent_2025,perfect_foresight,2025-07-14,24,144.3191848654193,18.973665961010276,125.34551890440899,0.0,1.8973665961010275
FR,independent_2025,perfect_foresight,2025-07-15,24,187.48722139991753,47.46049894151541,140.0267224584021,0.0,4.746049894151541
FR,independent_2025,perfect_foresight,2025-07-16,24,179.32739919270023,46.94733192202055,132.38006727067966,0.0,4.6947331922020545
FR,independent_2025,perfect_foresight,2025-07-17,24,118.16704056557697,28.973665961010276,89.19337460456669,0.0,2.8973665961010275
FR,independent_2025,perfect_foresight,2025-07-18,24,82.25518686985187,28.460498941515414,53.79468792833646,0.0,2.846049894151541
FR,independent_2025,perfect_foresight,2025-07-19,24,195.0492860791856,18.973665961010276,176.07562011817532,0.0,1.8973665961010275
FR,independent_2025,perfect_foresight,2025-07-20,24,123.29190774868377,18.973665961010276,104.31824178767349,0.0,1.8973665961010275
FR,independent_2025,perfect_foresight,2025-07-21,24,127.69211485931324,36.973665961010276,90.71844889830297,0.0,3.6973665961010274
FR,independent_2025,perfect_foresight,2025-07-22,24,217.24178621911545,36.97366596101027,180.26812025810517,0.0,3.6973665961010274
FR,independent_2025,perfect_foresight,2025-07-23,24,109.94674245277396,27.973665961010276,81.97307649176368,0.0,2.7973665961010274
FR,independent_2025,perfect_foresight,2025-07-24,24,177.3193888837626,36.97366596101027,140.34572292275232,0.0,3.697366596101028
FR,independent_2025,perfect_foresight,2025-07-25,24,205.92217993602364,46.94733192202055,158.97484801400304,0.0,4.6947331922020545
FR,independent_2025,perfect_foresight,2025-07-26,24,171.13010603260108,18.973665961010276,152.1564400715908,0.0,1.8973665961010275
FR,independent_2025,perfect_foresight,2025-07-27,24,146.80384308663656,37.48683298050514,109.31701010613142,0.0,3.748683298050514
FR,independent_2025,perfect_foresight,2025-07-28,24,171.16860257739455,37.48683298050514,133.6817695968894,0.0,3.748683298050514
FR,independent_2025,perfect_foresight,2025-07-29,24,183.23923863961295,46.94733192202055,136.29190671759238,0.0,4.6947331922020545
FR,independent_2025,perfect_foresight,2025-07-30,24,169.367038332013,37.94733192202055,131.41970640999244,0.0,3.794733192202055
FR,independent_2025,perfect_foresight,2025-07-31,24,203.90545321121704,37.94733192202055,165.95812128919647,0.0,3.794733192202055
FR,independent_2025,perfect_foresight,2025-08-01,24,207.5572118564155,37.94733192202055,169.60987993439494,0.0,3.794733192202055
FR,independent_2025,perfect_foresight,2025-08-02,24,196.48403036709342,27.973665961010273,168.51036440608314,0.0,2.7973665961010274
FR,independent_2025,perfect_foresight,2025-08-03,24,189.19465222514037,18.973665961010276,170.2209862641301,0.0,1.8973665961010275
FR,independent_2025,perfect_foresight,2025-08-04,24,169.13271231470506,36.97366596101027,132.15904635369478,0.0,3.697366596101028
FR,independent_2025,perfect_foresight,2025-08-05,24,136.85498675080075,18.973665961010276,117.88132078979045,0.0,1.8973665961010275
FR,independent_2025,perfect_foresight,2025-08-06,24,281.0534902110534,46.94733192202055,234.1061582890328,0.0,4.694733192202055
FR,independent_2025,perfect_foresight,2025-08-07,24,245.5458579315323,37.94733192202055,207.59852600951177,0.0,3.794733192202055
FR,independent_2025,perfect_foresight,2025-08-08,24,226.70647684635398,46.94733192202055,179.75914492433344,0.0,4.6947331922020545
FR,independent_2025,perfect_foresight,2025-08-09,24,176.65166343338268,18.973665961010276,157.6779974723724,0.0,1.8973665961010275
FR,independent_2025,perfect_foresight,2025-08-10,24,266.6677547691077,27.973665961010273,238.69408880809743,0.0,2.7973665961010274
FR,independent_2025,perfect_foresight,2025-08-11,24,228.66937447168544,37.94733192202055,190.72204254966488,0.0,3.794733192202055
FR,independent_2025,perfect_foresight,2025-08-12,24,302.52961007281095,46.46049894151541,256.06911113129553,0.0,4.646049894151541
FR,independent_2025,perfect_foresight,2025-08-13,24,192.78650141731998,37.46049894151541,155.32600247580456,0.0,3.7460498941515414
FR,independent_2025,perfect_foresight,2025-08-14,24,160.11318426522422,36.97366596101027,123.13951830421392,0.0,3.697366596101027
FR,independent_2025,perfect_foresight,2025-08-15,24,191.53998990083693,18.973665961010276,172.56632393982665,0.0,1.8973665961010275
FR,independent_2025,perfect_foresight,2025-08-16,24,180.0221370669043,28.973665961010276,151.048471105894,0.0,2.8973665961010275
FR,independent_2025,perfect_foresight,2025-08-17,24,177.36830812054836,27.973665961010276,149.39464215953808,0.0,2.7973665961010274
FR,independent_2025,perfect_foresight,2025-08-18,24,214.5861993727587,45.97366596101027,168.61253341174842,0.0,4.597366596101027
FR,independent_2025,perfect_foresight,2025-08-19,24,162.3694043846812,37.94733192202055,124.42207246266065,0.0,3.794733192202055
FR,independent_2025,perfect_foresight,2025-08-20,24,131.54950662756318,27.973665961010273,103.57584066655289,0.0,2.7973665961010274
FR,independent_2025,perfect_foresight,2025-08-21,24,197.54999443586064,46.94733192202055,150.6026625138401,0.0,4.6947331922020545
FR,independent_2025,perfect_foresight,2025-08-22,24,226.4847068611266,45.973665961010276,180.5110409001163,0.0,4.597366596101027
FR,independent_2025,perfect_foresight,2025-08-23,24,201.5920918821214,18.973665961010276,182.6184259211111,0.0,1.8973665961010275
FR,independent_2025,perfect_foresight,2025-08-24,24,219.49597040832748,18.973665961010276,200.5223044473172,0.0,1.8973665961010275
FR,independent_2025,perfect_foresight,2025-08-25,24,258.9130875529208,37.94733192202055,220.96575563090022,0.0,3.794733192202055
FR,independent_2025,perfect_foresight,2025-08-26,24,193.0102963911936,38.46049894151541,154.54979744967818,0.0,3.846049894151541
FR,independent_2025,perfect_foresight,2025-08-27,24,134.27037628855706,28.460498941515414,105.80987734704166,0.0,2.846049894151541
FR,independent_2025,perfect_foresight,2025-08-28,24,195.47443666094495,27.973665961010276,167.50077069993466,0.0,2.7973665961010274
FR,independent_2025,perfect_foresight,2025-08-29,24,234.42955453653212,46.94733192202055,187.48222261451156,0.0,4.694733192202055
FR,independent_2025,perfect_foresight,2025-08-30,24,215.40455498064443,46.486832980505135,168.9177220001393,0.0,4.648683298050513
FR,independent_2025,perfect_foresight,2025-08-31,24,93.45811645007043,19.486832980505138,73.97128346956531,0.0,1.9486832980505138
FR,independent_2025,perfect_foresight,2025-09-01,24,186.16516501703794,37.94733192202055,148.2178330950174,0.0,3.794733192202055
FR,independent_2025,perfect_foresight,2025-09-02,24,171.31484485683822,37.973665961010276,133.34117889582794,0.0,3.7973665961010274
FR,independent_2025,perfect_foresight,2025-09-03,24,103.84929003227646,28.460498941515414,75.38879109076105,0.0,2.846049894151541
FR,independent_2025,perfect_foresight,2025-09-04,24,216.48134631879913,45.97366596101027,170.50768035778881,0.0,4.597366596101027
FR,independent_2025,perfect_foresight,2025-09-05,24,211.39463835550816,37.94733192202055,173.4473064334876,0.0,3.794733192202055
FR,independent_2025,perfect_foresight,2025-09-06,24,126.42514145593755,27.973665961010273,98.45147549492727,0.0,2.7973665961010274
FR,independent_2025,perfect_foresight,2025-09-07,24,193.11595541332957,18.973665961010276,174.1422894523193,0.0,1.8973665961010275
FR,independent_2025,perfect_foresight,2025-09-08,24,220.93822968012643,45.97366596101027,174.96456371911614,0.0,4.597366596101027
FR,independent_2025,perfect_foresight,2025-09-09,24,239.61246487366395,28.973665961010276,210.63879891265367,0.0,2.8973665961010275
FR,independent_2025,perfect_foresight,2025-09-10,24,149.3217035732164,47.486832980505135,101.83487059271128,0.0,4.748683298050514
FR,independent_2025,perfect_foresight,2025-09-11,24,117.88007456136765,46.46049894151541,71.41957561985222,0.0,4.646049894151541
FR,independent_2025,perfect_foresight,2025-09-12,24,143.76251405003774,37.94733192202055,105.8151821280172,0.0,3.794733192202055
FR,independent_2025,perfect_foresight,2025-09-13,24,53.12227648001613,27.973665961010276,25.148610519005857,0.0,2.7973665961010274
FR,independent_2025,perfect_foresight,2025-09-14,24,60.849059903979445,18.973665961010276,41.87539394296916,0.0,1.8973665961010275
FR,independent_2025,perfect_foresight,2025-09-15,24,47.73812427508691,20.0,27.738124275086914,0.0,2.0
FR,independent_2025,perfect_foresight,2025-09-16,24,172.3984890846998,37.94733192202055,134.45115716267924,0.0,3.794733192202055
FR,independent_2025,perfect_foresight,2025-09-17,24,357.1674146398201,47.434164902525694,309.7332497372944,0.0,4.743416490252569
FR,independent_2025,perfect_foresight,2025-09-18,24,321.6894596420882,37.94733192202055,283.74212772006763,0.0,3.794733192202055
FR,independent_2025,perfect_foresight,2025-09-19,24,271.341341728001,46.94733192202055,224.39400980598043,0.0,4.694733192202055
FR,independent_2025,perfect_foresight,2025-09-20,24,147.10828808263037,36.97366596101027,110.13462212162011,0.0,3.697366596101027
FR,independent_2025,perfect_foresight,2025-09-21,24,82.98367402119207,18.486832980505135,64.49684104068695,0.0,1.8486832980505137
FR,independent_2025,perfect_foresight,2025-09-22,24,169.31017477245047,46.97366596101027,122.3365088114402,0.0,4.697366596101027
FR,independent_2025,perfect_foresight,2025-09-23,24,140.556705941584,37.94733192202055,102.60937401956346,0.0,3.794733192202055
FR,independent_2025,perfect_foresight,2025-09-24,24,245.88109257560302,46.46049894151541,199.4205936340876,0.0,4.646049894151542
FR,independent_2025,perfect_foresight,2025-09-25,24,278.31836185722983,46.46049894151541,231.8578629157144,0.0,4.646049894151542
FR,independent_2025,perfect_foresight,2025-09-26,24,167.14648533545642,37.94733192202055,129.19915341343585,0.0,3.794733192202055
FR,independent_2025,perfect_foresight,2025-09-27,24,219.27018040541998,46.94733192202055,172.3228484833994,0.0,4.6947331922020545
FR,independent_2025,perfect_foresight,2025-09-28,24,124.93282803383515,27.973665961010276,96.95916207282487,0.0,2.7973665961010274
FR,independent_2025,perfect_foresight,2025-09-29,24,207.42874325775085,38.46049894151541,168.96824431623548,0.0,3.846049894151541
FR,independent_2025,perfect_foresight,2025-09-30,24,304.8458977418194,47.434164902525694,257.41173283929373,0.0,4.743416490252569
