zone,model,day_cet,net_difference_vs_seven_day_eur
DE-LU,latest_same_hour,2025-01-09,-12.18334965244496
DE-LU,latest_same_hour,2025-01-10,8.30999999999996
DE-LU,latest_same_hour,2025-01-11,-29.37943864513973
DE-LU,latest_same_hour,2025-01-12,-1.1227563589305873
DE-LU,latest_same_hour,2025-01-13,-161.69883536713488
DE-LU,latest_same_hour,2025-01-14,-70.55563738430291
DE-LU,latest_same_hour,2025-01-15,-105.78885116700269
DE-LU,latest_same_hour,2025-01-16,-19.950162540245344
DE-LU,latest_same_hour,2025-01-17,-88.14398740578221
DE-LU,latest_same_hour,2025-01-18,0.40131670194944036
DE-LU,latest_same_hour,2025-01-19,0.9616749945333822
DE-LU,latest_same_hour,2025-01-20,-288.8137437444748
DE-LU,latest_same_hour,2025-01-21,-237.0167622473566
DE-LU,latest_same_hour,2025-01-22,0.7551320453168273
DE-LU,latest_same_hour,2025-01-23,0.0
DE-LU,latest_same_hour,2025-01-24,2.12277990078087
DE-LU,latest_same_hour,2025-01-25,-45.982001555220734
DE-LU,latest_same_hour,2025-01-26,-124.51045221566218
DE-LU,latest_same_hour,2025-01-27,-72.02119198582065
DE-LU,latest_same_hour,2025-01-28,-109.11892294851708
DE-LU,latest_same_hour,2025-01-29,-10.531985118526563
DE-LU,latest_same_hour,2025-01-30,-27.837630844899934
DE-LU,latest_same_hour,2025-01-31,2.746650722677032
DE-LU,latest_same_hour,2025-02-01,-15.455038891732443
DE-LU,latest_same_hour,2025-02-02,-4.267429759689662
DE-LU,latest_same_hour,2025-02-03,23.952821548177496
DE-LU,latest_same_hour,2025-02-04,-93.50447682512822
DE-LU,latest_same_hour,2025-02-05,-0.5544030140044924
DE-LU,latest_same_hour,2025-02-06,-0.9839230783277912
DE-LU,latest_same_hour,2025-02-07,0.501790414553767
DE-LU,latest_same_hour,2025-02-08,-82.96135437700525
DE-LU,latest_same_hour,2025-02-09,-24.344823758433336
DE-LU,latest_same_hour,2025-02-10,-72.45119533356346
DE-LU,latest_same_hour,2025-02-11,-40.42931499662657
DE-LU,latest_same_hour,2025-02-12,6.669097407760717
DE-LU,latest_same_hour,2025-02-13,-18.181594173568982
DE-LU,latest_same_hour,2025-02-14,0.058419957660589716
DE-LU,latest_same_hour,2025-02-15,-23.559990852952524
DE-LU,latest_same_hour,2025-02-16,-4.207019960917876
DE-LU,latest_same_hour,2025-02-17,22.94256622946949
DE-LU,latest_same_hour,2025-02-18,-98.21872640842258
DE-LU,latest_same_hour,2025-02-19,-1.8518360727912864
DE-LU,latest_same_hour,2025-02-20,1.1500997132787347
DE-LU,latest_same_hour,2025-02-21,-20.403221449657977
DE-LU,latest_same_hour,2025-02-22,-17.670404287443205
DE-LU,latest_same_hour,2025-02-23,-70.04923700635096
DE-LU,latest_same_hour,2025-02-24,20.387762413691917
DE-LU,latest_same_hour,2025-02-25,-27.569188049016248
DE-LU,latest_same_hour,2025-02-26,-52.60309521883764
DE-LU,latest_same_hour,2025-02-27,-4.222982212813463
DE-LU,latest_same_hour,2025-02-28,-4.004612299353198
DE-LU,latest_same_hour,2025-03-01,5.583818267342593
DE-LU,latest_same_hour,2025-03-02,22.53734148269001
DE-LU,latest_same_hour,2025-03-03,-84.09730481749989
DE-LU,latest_same_hour,2025-03-04,-91.68509399711488
DE-LU,latest_same_hour,2025-03-05,5.533907669707958
DE-LU,latest_same_hour,2025-03-06,-5.321365995905978
DE-LU,latest_same_hour,2025-03-07,11.909688827641162
DE-LU,latest_same_hour,2025-03-08,18.755911871073323
DE-LU,latest_same_hour,2025-03-09,1.5287972560833225
DE-LU,latest_same_hour,2025-03-10,-52.20544436229136
DE-LU,latest_same_hour,2025-03-11,-67.74402316672834
DE-LU,latest_same_hour,2025-03-12,-1.834412872795724
DE-LU,latest_same_hour,2025-03-13,1.181089161005815
DE-LU,latest_same_hour,2025-03-14,11.35085760922118
DE-LU,latest_same_hour,2025-03-15,10.53085393500217
DE-LU,latest_same_hour,2025-03-16,-6.731724326989934
DE-LU,latest_same_hour,2025-03-17,-122.71320356918494
DE-LU,latest_same_hour,2025-03-18,-41.31382628902435
DE-LU,latest_same_hour,2025-03-19,-5.2900000000000205
DE-LU,latest_same_hour,2025-03-20,41.97450936397735
DE-LU,latest_same_hour,2025-03-21,-6.287562011817556
DE-LU,latest_same_hour,2025-03-22,-2.0746163101940454
DE-LU,latest_same_hour,2025-03-23,-16.668373962801255
DE-LU,latest_same_hour,2025-03-24,-70.81402322447849
DE-LU,latest_same_hour,2025-03-25,-66.05373285656803
DE-LU,latest_same_hour,2025-03-26,9.434634940911053
DE-LU,latest_same_hour,2025-03-27,2.299878356907243
DE-LU,latest_same_hour,2025-03-28,-46.08763481307574
DE-LU,latest_same_hour,2025-03-29,0.26281967256798566
DE-LU,latest_same_hour,2025-03-30,-12.591448578955408
DE-LU,latest_same_hour,2025-03-31,-100.34364003960539
DE-LU,latest_same_hour,2025-04-01,-195.78269934338982
DE-LU,latest_same_hour,2025-04-02,-9.017230669754213
DE-LU,latest_same_hour,2025-04-03,0.005950180872844157
DE-LU,latest_same_hour,2025-04-04,3.1048968193131827
DE-LU,latest_same_hour,2025-04-05,-11.549096395919321
DE-LU,latest_same_hour,2025-04-06,37.227617567346385
DE-LU,latest_same_hour,2025-04-07,-125.83881302057506
DE-LU,latest_same_hour,2025-04-08,-27.668196070644626
DE-LU,latest_same_hour,2025-04-09,0.08330253221976136
DE-LU,latest_same_hour,2025-04-10,-31.71242516691592
DE-LU,latest_same_hour,2025-04-11,2.3518353225474584
DE-LU,latest_same_hour,2025-04-12,-23.072058477528344
DE-LU,latest_same_hour,2025-04-13,12.36802822692286
DE-LU,latest_same_hour,2025-04-14,-85.89365906469425
DE-LU,latest_same_hour,2025-04-15,-28.980630687722567
DE-LU,latest_same_hour,2025-04-16,-19.878069686758522
DE-LU,latest_same_hour,2025-04-17,17.070016832107413
DE-LU,latest_same_hour,2025-04-18,-0.26829906481172117
DE-LU,latest_same_hour,2025-04-19,-2.948487882334007
DE-LU,latest_same_hour,2025-04-20,21.976864505537293
DE-LU,latest_same_hour,2025-04-21,45.334585666204475
DE-LU,latest_same_hour,2025-04-22,-94.54262197552265
DE-LU,latest_same_hour,2025-04-23,-71.29491371832853
DE-LU,latest_same_hour,2025-04-24,12.809372044579945
DE-LU,latest_same_hour,2025-04-25,-22.020114394028624
DE-LU,latest_same_hour,2025-04-26,-44.819329369109
DE-LU,latest_same_hour,2025-04-27,-35.04273177069018
DE-LU,latest_same_hour,2025-04-28,-38.200330553319475
DE-LU,latest_same_hour,2025-04-29,-24.969328777030455
DE-LU,latest_same_hour,2025-04-30,0.10805289315112532
DE-LU,latest_same_hour,2025-05-01,-0.0021637021355900288
DE-LU,latest_same_hour,2025-05-02,-0.4959746220279442
DE-LU,latest_same_hour,2025-05-03,5.700991423751873
DE-LU,latest_same_hour,2025-05-04,17.790878180479822
DE-LU,latest_same_hour,2025-05-05,-48.166639964580995
DE-LU,latest_same_hour,2025-05-06,-29.93628517691738
DE-LU,latest_same_hour,2025-05-07,25.654368958381212
DE-LU,latest_same_hour,2025-05-08,16.190596798434626
DE-LU,latest_same_hour,2025-05-09,15.86143545046258
DE-LU,latest_same_hour,2025-05-10,-2.7330848125551483
DE-LU,latest_same_hour,2025-05-11,2.6243260913445283
DE-LU,latest_same_hour,2025-05-12,-87.20170318591977
DE-LU,latest_same_hour,2025-05-13,-62.036373907026814
DE-LU,latest_same_hour,2025-05-14,-0.8557441946213089
DE-LU,latest_same_hour,2025-05-15,-1.9674874889499279
DE-LU,latest_same_hour,2025-05-16,0.0
DE-LU,latest_same_hour,2025-05-17,-0.056250407574623296
DE-LU,latest_same_hour,2025-05-18,-12.55871823471631
DE-LU,latest_same_hour,2025-05-19,-140.79591539524364
DE-LU,latest_same_hour,2025-05-20,-48.06043433321349
DE-LU,latest_same_hour,2025-05-21,2.687686277800111
DE-LU,latest_same_hour,2025-05-22,-2.68037748598357
DE-LU,latest_same_hour,2025-05-23,-18.65559635333443
DE-LU,latest_same_hour,2025-05-24,-34.75044440792013
DE-LU,latest_same_hour,2025-05-25,2.6949563096707294
DE-LU,latest_same_hour,2025-05-26,-110.88796459591356
DE-LU,latest_same_hour,2025-05-27,-12.774996363293184
DE-LU,latest_same_hour,2025-05-28,1.411618353126741
DE-LU,latest_same_hour,2025-05-29,34.92266266191318
DE-LU,latest_same_hour,2025-05-30,-13.651198171380742
DE-LU,latest_same_hour,2025-05-31,-37.89586524157721
DE-LU,latest_same_hour,2025-06-01,-60.028237361128106
DE-LU,latest_same_hour,2025-06-02,-20.32830523413884
DE-LU,latest_same_hour,2025-06-03,-17.180999999999955
DE-LU,latest_same_hour,2025-06-04,57.082010179126655
DE-LU,latest_same_hour,2025-06-05,18.231821565451867
DE-LU,latest_same_hour,2025-06-06,-49.46649373226012
DE-LU,latest_same_hour,2025-06-07,-39.15512471711668
DE-LU,latest_same_hour,2025-06-08,-8.313266372896862
DE-LU,latest_same_hour,2025-06-09,-61.23116222188577
DE-LU,latest_same_hour,2025-06-10,30.3778334519306
DE-LU,latest_same_hour,2025-06-11,11.4283473104025
DE-LU,latest_same_hour,2025-06-12,-71.87896236443217
DE-LU,latest_same_hour,2025-06-13,2.8448697917926893
DE-LU,latest_same_hour,2025-06-14,-49.421795624796914
DE-LU,latest_same_hour,2025-06-15,-63.65743247882962
DE-LU,latest_same_hour,2025-06-16,-62.71026991933411
DE-LU,latest_same_hour,2025-06-17,-102.29520979121588
DE-LU,latest_same_hour,2025-06-18,0.07515822831931018
DE-LU,latest_same_hour,2025-06-19,-2.321584309678144
DE-LU,latest_same_hour,2025-06-20,-5.826109122911532
DE-LU,latest_same_hour,2025-06-21,0.4713625102358492
DE-LU,latest_same_hour,2025-06-22,-35.38434129315334
DE-LU,latest_same_hour,2025-06-23,1.7109474637086066
DE-LU,latest_same_hour,2025-06-24,-22.75749258764438
DE-LU,latest_same_hour,2025-06-25,-66.93075457759534
DE-LU,latest_same_hour,2025-06-26,-28.541610124633976
DE-LU,latest_same_hour,2025-06-27,15.115567409621633
DE-LU,latest_same_hour,2025-06-28,-18.24077498865958
DE-LU,latest_same_hour,2025-06-29,-63.83221489500988
DE-LU,latest_same_hour,2025-06-30,-19.808468205334066
DE-LU,latest_same_hour,2025-07-01,16.001685778901276
DE-LU,latest_same_hour,2025-07-02,21.50523665250813
DE-LU,latest_same_hour,2025-07-03,-20.08002530903505
DE-LU,latest_same_hour,2025-07-04,-49.70590303931516
DE-LU,latest_same_hour,2025-07-05,-65.9179301449306
DE-LU,latest_same_hour,2025-07-06,-3.9101689843326994
DE-LU,latest_same_hour,2025-07-07,25.622320057808814
DE-LU,latest_same_hour,2025-07-08,-3.64039116805489
DE-LU,latest_same_hour,2025-07-09,-45.31546254088633
DE-LU,latest_same_hour,2025-07-10,-17.59785674644081
DE-LU,latest_same_hour,2025-07-11,-15.6512924006975
DE-LU,latest_same_hour,2025-07-12,-43.60043338828004
DE-LU,latest_same_hour,2025-07-13,0.0
DE-LU,latest_same_hour,2025-07-14,-8.850079283952311
DE-LU,latest_same_hour,2025-07-15,-6.934874908749265
DE-LU,latest_same_hour,2025-07-16,0.16674003274371785
DE-LU,latest_same_hour,2025-07-17,-4.557167031669692
DE-LU,latest_same_hour,2025-07-18,1.8199514177872942
DE-LU,latest_same_hour,2025-07-19,-58.96963735995334
DE-LU,latest_same_hour,2025-07-20,-21.169511946338076
DE-LU,latest_same_hour,2025-07-21,-31.946436714743683
DE-LU,latest_same_hour,2025-07-22,-36.04505137637702
DE-LU,latest_same_hour,2025-07-23,-13.795657640272239
DE-LU,latest_same_hour,2025-07-24,-0.16727016266940353
DE-LU,latest_same_hour,2025-07-25,-2.8161463275831693
DE-LU,latest_same_hour,2025-07-26,-23.8289255714068
DE-LU,latest_same_hour,2025-07-27,6.413099094821462
DE-LU,latest_same_hour,2025-07-28,-21.688579593180954
DE-LU,latest_same_hour,2025-07-29,-20.624374899618175
DE-LU,latest_same_hour,2025-07-30,-31.568890016283774
DE-LU,latest_same_hour,2025-07-31,3.727124125038145
DE-LU,latest_same_hour,2025-08-01,-5.205745319986974
DE-LU,latest_same_hour,2025-08-02,-27.123554851928333
DE-LU,latest_same_hour,2025-08-03,-5.668381966274296
DE-LU,latest_same_hour,2025-08-04,-9.839341480714353
DE-LU,latest_same_hour,2025-08-05,0.0
DE-LU,latest_same_hour,2025-08-06,-52.507231160429626
DE-LU,latest_same_hour,2025-08-07,-11.899941321748031
DE-LU,latest_same_hour,2025-08-08,-6.283705058565829
DE-LU,latest_same_hour,2025-08-09,33.96221667031105
DE-LU,latest_same_hour,2025-08-10,-93.92220493591029
DE-LU,latest_same_hour,2025-08-11,-53.93154829223408
DE-LU,latest_same_hour,2025-08-12,-47.6077679777778
DE-LU,latest_same_hour,2025-08-13,34.66132150153419
DE-LU,latest_same_hour,2025-08-14,69.95869983203607
DE-LU,latest_same_hour,2025-08-15,-6.182642175824583
DE-LU,latest_same_hour,2025-08-16,-1.859894557394881
DE-LU,latest_same_hour,2025-08-17,12.641784842351342
DE-LU,latest_same_hour,2025-08-18,-124.1517309251841
DE-LU,latest_same_hour,2025-08-19,-11.97958069830878
DE-LU,latest_same_hour,2025-08-20,4.527185800260526
DE-LU,latest_same_hour,2025-08-21,5.48771246277817
DE-LU,latest_same_hour,2025-08-22,8.450254587714312
DE-LU,latest_same_hour,2025-08-23,-10.467670927918107
DE-LU,latest_same_hour,2025-08-24,9.69078235535983
DE-LU,latest_same_hour,2025-08-25,-73.39419372766793
DE-LU,latest_same_hour,2025-08-26,-86.8258488707495
DE-LU,latest_same_hour,2025-08-27,6.770929142193609
DE-LU,latest_same_hour,2025-08-28,16.727334669621712
DE-LU,latest_same_hour,2025-08-29,19.049167798146527
DE-LU,latest_same_hour,2025-08-30,-38.51111840075782
DE-LU,latest_same_hour,2025-08-31,-51.31142196505674
DE-LU,latest_same_hour,2025-09-01,-66.03432442254586
DE-LU,latest_same_hour,2025-09-02,-77.01788966041181
DE-LU,latest_same_hour,2025-09-03,-0.415843532778041
DE-LU,latest_same_hour,2025-09-04,12.66011103405765
DE-LU,latest_same_hour,2025-09-05,5.535282889661545
DE-LU,latest_same_hour,2025-09-06,-7.161250239263694
DE-LU,latest_same_hour,2025-09-07,-68.76668153991676
DE-LU,latest_same_hour,2025-09-08,-47.69807114874618
DE-LU,latest_same_hour,2025-09-09,-303.29035648980926
DE-LU,latest_same_hour,2025-09-10,31.429376943538728
DE-LU,latest_same_hour,2025-09-11,14.981576031498491
DE-LU,latest_same_hour,2025-09-12,-32.76128900118516
DE-LU,latest_same_hour,2025-09-13,-2.0280485071883163
DE-LU,latest_same_hour,2025-09-14,6.93664378786093
DE-LU,latest_same_hour,2025-09-15,-68.3714877900353
DE-LU,latest_same_hour,2025-09-16,-10.491188124040661
DE-LU,latest_same_hour,2025-09-17,-11.086017095680631
DE-LU,latest_same_hour,2025-09-18,-54.33605969206886
DE-LU,latest_same_hour,2025-09-19,-15.798911269890482
DE-LU,latest_same_hour,2025-09-20,-5.1778973627461085
DE-LU,latest_same_hour,2025-09-21,-3.4607432760665375
DE-LU,latest_same_hour,2025-09-22,-44.47474745620619
DE-LU,latest_same_hour,2025-09-23,-142.000164829477
DE-LU,latest_same_hour,2025-09-24,16.370350607524017
DE-LU,latest_same_hour,2025-09-25,-5.210000000000008
DE-LU,latest_same_hour,2025-09-26,-3.5004887076022158
DE-LU,latest_same_hour,2025-09-27,-12.128689857744718
DE-LU,latest_same_hour,2025-09-28,-3.4163227182108358
DE-LU,latest_same_hour,2025-09-29,-5.664337561184311
DE-LU,latest_same_hour,2025-09-30,-90.44907889056822
DE-LU,perfect_foresight,2025-01-09,53.38406518924701
DE-LU,perfect_foresight,2025-01-10,19.28336959510058
DE-LU,perfect_foresight,2025-01-11,8.55023777485691
DE-LU,perfect_foresight,2025-01-12,12.310523756804542
DE-LU,perfect_foresight,2025-01-13,50.768182497051725
DE-LU,perfect_foresight,2025-01-14,32.31430211448611
DE-LU,perfect_foresight,2025-01-15,94.03030311217697
DE-LU,perfect_foresight,2025-01-16,0.7430658442285676
DE-LU,perfect_foresight,2025-01-17,5.957363297004008
DE-LU,perfect_foresight,2025-01-18,5.922035499348624
DE-LU,perfect_foresight,2025-01-19,36.79574456974325
DE-LU,perfect_foresight,2025-01-20,0.4727689166240907
DE-LU,perfect_foresight,2025-01-21,0.3026903829153298
DE-LU,perfect_foresight,2025-01-22,25.758811839434998
DE-LU,perfect_foresight,2025-01-23,10.873110040478537
DE-LU,perfect_foresight,2025-01-24,48.15247894308527
DE-LU,perfect_foresight,2025-01-25,46.213883043955434
DE-LU,perfect_foresight,2025-01-26,18.169485746114844
DE-LU,perfect_foresight,2025-01-27,19.100704216023303
DE-LU,perfect_foresight,2025-01-28,27.275232983335144
DE-LU,perfect_foresight,2025-01-29,9.943459599636697
DE-LU,perfect_foresight,2025-01-30,2.2691278094028746
DE-LU,perfect_foresight,2025-01-31,4.102000075024421
DE-LU,perfect_foresight,2025-02-01,3.2911180256358534
DE-LU,perfect_foresight,2025-02-02,25.392203138288664
DE-LU,perfect_foresight,2025-02-03,27.31175101788864
DE-LU,perfect_foresight,2025-02-04,27.387642382635647
DE-LU,perfect_foresight,2025-02-05,13.429476618317352
DE-LU,perfect_foresight,2025-02-06,10.466648117061581
DE-LU,perfect_foresight,2025-02-07,12.351150525985105
DE-LU,perfect_foresight,2025-02-08,34.29174854811792
DE-LU,perfect_foresight,2025-02-09,16.206141342413048
DE-LU,perfect_foresight,2025-02-10,19.920889922997134
DE-LU,perfect_foresight,2025-02-11,28.82650700070937
DE-LU,perfect_foresight,2025-02-12,17.387138343413483
DE-LU,perfect_foresight,2025-02-13,51.625736586561516
DE-LU,perfect_foresight,2025-02-14,77.87652664623113
DE-LU,perfect_foresight,2025-02-15,10.841236369631503
DE-LU,perfect_foresight,2025-02-16,36.05448518441983
DE-LU,perfect_foresight,2025-02-17,36.187569360255566
DE-LU,perfect_foresight,2025-02-18,44.943942872910554
DE-LU,perfect_foresight,2025-02-19,15.295538208369692
DE-LU,perfect_foresight,2025-02-20,15.333992840110795
DE-LU,perfect_foresight,2025-02-21,11.02089520727695
DE-LU,perfect_foresight,2025-02-22,21.65531235448671
DE-LU,perfect_foresight,2025-02-23,8.04501040222408
DE-LU,perfect_foresight,2025-02-24,93.04710425027814
DE-LU,perfect_foresight,2025-02-25,8.521794088772822
DE-LU,perfect_foresight,2025-02-26,0.416022866630982
DE-LU,perfect_foresight,2025-02-27,4.06401731877807
DE-LU,perfect_foresight,2025-02-28,5.868105861326626
DE-LU,perfect_foresight,2025-03-01,13.494893558716171
DE-LU,perfect_foresight,2025-03-02,75.16230326518925
DE-LU,perfect_foresight,2025-03-03,31.89347538337853
DE-LU,perfect_foresight,2025-03-04,7.783993176732679
DE-LU,perfect_foresight,2025-03-05,32.520830168078646
DE-LU,perfect_foresight,2025-03-06,33.355535322894525
DE-LU,perfect_foresight,2025-03-07,14.520806853277122
DE-LU,perfect_foresight,2025-03-08,50.5421060498754
DE-LU,perfect_foresight,2025-03-09,25.024829625633686
DE-LU,perfect_foresight,2025-03-10,2.3162847450331867
DE-LU,perfect_foresight,2025-03-11,1.530982137789067
DE-LU,perfect_foresight,2025-03-12,6.379008003419614
DE-LU,perfect_foresight,2025-03-13,31.352489157748494
DE-LU,perfect_foresight,2025-03-14,13.199028471246038
DE-LU,perfect_foresight,2025-03-15,34.41859822389783
DE-LU,perfect_foresight,2025-03-16,19.873024216081944
DE-LU,perfect_foresight,2025-03-17,3.2457354226955886
DE-LU,perfect_foresight,2025-03-18,30.114356307401295
DE-LU,perfect_foresight,2025-03-19,46.64256990368841
DE-LU,perfect_foresight,2025-03-20,42.6448866624001
DE-LU,perfect_foresight,2025-03-21,16.012169925207843
DE-LU,perfect_foresight,2025-03-22,17.797857496684657
DE-LU,perfect_foresight,2025-03-23,16.323455869643382
DE-LU,perfect_foresight,2025-03-24,20.693839071790848
DE-LU,perfect_foresight,2025-03-25,3.5453730807708155
DE-LU,perfect_foresight,2025-03-26,15.512269975108495
DE-LU,perfect_foresight,2025-03-27,4.731630086539667
DE-LU,perfect_foresight,2025-03-28,0.9891697934212971
DE-LU,perfect_foresight,2025-03-29,93.10128491334416
DE-LU,perfect_foresight,2025-03-30,124.12070605313271
DE-LU,perfect_foresight,2025-03-31,105.26162982691781
DE-LU,perfect_foresight,2025-04-01,43.74153813532098
DE-LU,perfect_foresight,2025-04-02,2.705836597961934
DE-LU,perfect_foresight,2025-04-03,4.105480479109531
DE-LU,perfect_foresight,2025-04-04,15.01295154957387
DE-LU,perfect_foresight,2025-04-05,22.687173036744014
DE-LU,perfect_foresight,2025-04-06,40.32765621980161
DE-LU,perfect_foresight,2025-04-07,7.224401253895053
DE-LU,perfect_foresight,2025-04-08,18.871524938932566
DE-LU,perfect_foresight,2025-04-09,19.97863985204441
DE-LU,perfect_foresight,2025-04-10,8.252485897151473
DE-LU,perfect_foresight,2025-04-11,2.7867394517987236
DE-LU,perfect_foresight,2025-04-12,25.949972635857534
DE-LU,perfect_foresight,2025-04-13,61.357949600915646
DE-LU,perfect_foresight,2025-04-14,19.165565235890227
DE-LU,perfect_foresight,2025-04-15,14.932035874470643
DE-LU,perfect_foresight,2025-04-16,0.05138792572000739
DE-LU,perfect_foresight,2025-04-17,23.85307829037319
DE-LU,perfect_foresight,2025-04-18,20.542467322208857
DE-LU,perfect_foresight,2025-04-19,22.239013701321255
DE-LU,perfect_foresight,2025-04-20,78.88840488961401
DE-LU,perfect_foresight,2025-04-21,56.25393042676592
DE-LU,perfect_foresight,2025-04-22,7.840427977366744
DE-LU,perfect_foresight,2025-04-23,25.831434604903194
DE-LU,perfect_foresight,2025-04-24,13.68274887459421
DE-LU,perfect_foresight,2025-04-25,9.715787878863097
DE-LU,perfect_foresight,2025-04-26,14.163780709869513
DE-LU,perfect_foresight,2025-04-27,14.688465187031
DE-LU,perfect_foresight,2025-04-28,35.7860316770566
DE-LU,perfect_foresight,2025-04-29,8.059691988864358
DE-LU,perfect_foresight,2025-04-30,0.6242989147629601
DE-LU,perfect_foresight,2025-05-01,44.151201676301014
DE-LU,perfect_foresight,2025-05-02,11.44698802325172
DE-LU,perfect_foresight,2025-05-03,14.71173661195229
DE-LU,perfect_foresight,2025-05-04,61.20829748315889
DE-LU,perfect_foresight,2025-05-05,37.349586490484825
DE-LU,perfect_foresight,2025-05-06,26.612297059391267
DE-LU,perfect_foresight,2025-05-07,28.9461346316823
DE-LU,perfect_foresight,2025-05-08,18.12792219728533
DE-LU,perfect_foresight,2025-05-09,25.28819282123453
DE-LU,perfect_foresight,2025-05-10,75.72204348253041
DE-LU,perfect_foresight,2025-05-11,81.03346346042883
DE-LU,perfect_foresight,2025-05-12,21.998604615281067
DE-LU,perfect_foresight,2025-05-13,2.5836342849415814
DE-LU,perfect_foresight,2025-05-14,16.467677056715956
DE-LU,perfect_foresight,2025-05-15,15.33526658371261
DE-LU,perfect_foresight,2025-05-16,1.8805434743871956
DE-LU,perfect_foresight,2025-05-17,32.05206250860715
DE-LU,perfect_foresight,2025-05-18,48.04687610913939
DE-LU,perfect_foresight,2025-05-19,3.78819474049709
DE-LU,perfect_foresight,2025-05-20,0.27441152334472463
DE-LU,perfect_foresight,2025-05-21,6.145307309537543
DE-LU,perfect_foresight,2025-05-22,11.07521039146448
DE-LU,perfect_foresight,2025-05-23,5.049662100218143
DE-LU,perfect_foresight,2025-05-24,19.745866676198204
DE-LU,perfect_foresight,2025-05-25,53.21764161412955
DE-LU,perfect_foresight,2025-05-26,18.51531636532758
DE-LU,perfect_foresight,2025-05-27,35.27035482616367
DE-LU,perfect_foresight,2025-05-28,16.904638276532438
DE-LU,perfect_foresight,2025-05-29,38.39678250540855
DE-LU,perfect_foresight,2025-05-30,11.578927857674756
DE-LU,perfect_foresight,2025-05-31,33.79804962750791
DE-LU,perfect_foresight,2025-06-01,96.03533752970604
DE-LU,perfect_foresight,2025-06-02,28.524048786006688
DE-LU,perfect_foresight,2025-06-03,24.992756714802425
DE-LU,perfect_foresight,2025-06-04,83.02102620422806
DE-LU,perfect_foresight,2025-06-05,34.3409064905436
DE-LU,perfect_foresight,2025-06-06,29.325878280841607
DE-LU,perfect_foresight,2025-06-07,3.4961839448888554
DE-LU,perfect_foresight,2025-06-08,74.2232744360422
DE-LU,perfect_foresight,2025-06-09,30.21908946110335
DE-LU,perfect_foresight,2025-06-10,56.19210164466264
DE-LU,perfect_foresight,2025-06-11,22.5350360062572
DE-LU,perfect_foresight,2025-06-12,12.3549824753988
DE-LU,perfect_foresight,2025-06-13,26.940187018912866
DE-LU,perfect_foresight,2025-06-14,41.945873597798254
DE-LU,perfect_foresight,2025-06-15,21.647469199901025
DE-LU,perfect_foresight,2025-06-16,24.854939722874292
DE-LU,perfect_foresight,2025-06-17,4.183832783786443
DE-LU,perfect_foresight,2025-06-18,8.831474724445684
DE-LU,perfect_foresight,2025-06-19,11.184990516330629
DE-LU,perfect_foresight,2025-06-20,2.325672932350699
DE-LU,perfect_foresight,2025-06-21,0.4713625102358492
DE-LU,perfect_foresight,2025-06-22,3.3417572774853284
DE-LU,perfect_foresight,2025-06-23,68.65213637649316
DE-LU,perfect_foresight,2025-06-24,24.40730706823132
DE-LU,perfect_foresight,2025-06-25,51.71463533528288
DE-LU,perfect_foresight,2025-06-26,38.02652750604797
DE-LU,perfect_foresight,2025-06-27,45.600483897818435
DE-LU,perfect_foresight,2025-06-28,33.28474676272458
DE-LU,perfect_foresight,2025-06-29,17.14005231220608
DE-LU,perfect_foresight,2025-06-30,144.77870856337904
DE-LU,perfect_foresight,2025-07-01,333.370568974881
DE-LU,perfect_foresight,2025-07-02,35.4226207529191
DE-LU,perfect_foresight,2025-07-03,12.262163789334721
DE-LU,perfect_foresight,2025-07-04,3.3383314191703164
DE-LU,perfect_foresight,2025-07-05,38.37317033784197
DE-LU,perfect_foresight,2025-07-06,29.64595458608568
DE-LU,perfect_foresight,2025-07-07,84.48171928703337
DE-LU,perfect_foresight,2025-07-08,30.86749762957656
DE-LU,perfect_foresight,2025-07-09,15.25400689829172
DE-LU,perfect_foresight,2025-07-10,1.3745942495812642
DE-LU,perfect_foresight,2025-07-11,3.994125982438945
DE-LU,perfect_foresight,2025-07-12,26.25513658944496
DE-LU,perfect_foresight,2025-07-13,18.546758476887533
DE-LU,perfect_foresight,2025-07-14,11.704172379786797
DE-LU,perfect_foresight,2025-07-15,3.8057147967039384
DE-LU,perfect_foresight,2025-07-16,17.139294341239193
DE-LU,perfect_foresight,2025-07-17,8.007880494114303
DE-LU,perfect_foresight,2025-07-18,18.526167084373597
DE-LU,perfect_foresight,2025-07-19,8.151004423474973
DE-LU,perfect_foresight,2025-07-20,19.913907746708077
DE-LU,perfect_foresight,2025-07-21,33.75068171338067
DE-LU,perfect_foresight,2025-07-22,8.774320469455006
DE-LU,perfect_foresight,2025-07-23,2.7034500967173756
DE-LU,perfect_foresight,2025-07-24,29.850487751535262
DE-LU,perfect_foresight,2025-07-25,0.0
DE-LU,perfect_foresight,2025-07-26,14.171584072430306
DE-LU,perfect_foresight,2025-07-27,23.546319457613777
DE-LU,perfect_foresight,2025-07-28,24.930222949157724
DE-LU,perfect_foresight,2025-07-29,0.6716849993151754
DE-LU,perfect_foresight,2025-07-30,3.1775959741542295
DE-LU,perfect_foresight,2025-07-31,6.188194272088566
DE-LU,perfect_foresight,2025-08-01,13.19315320969531
DE-LU,perfect_foresight,2025-08-02,19.770559931372702
DE-LU,perfect_foresight,2025-08-03,57.84122068213982
DE-LU,perfect_foresight,2025-08-04,44.194724832910566
DE-LU,perfect_foresight,2025-08-05,145.81680275013753
DE-LU,perfect_foresight,2025-08-06,85.23926114735508
DE-LU,perfect_foresight,2025-08-07,18.921900361745713
DE-LU,perfect_foresight,2025-08-08,11.150273236693351
DE-LU,perfect_foresight,2025-08-09,38.39256767220695
DE-LU,perfect_foresight,2025-08-10,24.986237515288565
DE-LU,perfect_foresight,2025-08-11,15.365340693946223
DE-LU,perfect_foresight,2025-08-12,8.186645362385093
DE-LU,perfect_foresight,2025-08-13,34.79987659679779
DE-LU,perfect_foresight,2025-08-14,71.03159796328816
DE-LU,perfect_foresight,2025-08-15,5.136354802855408
DE-LU,perfect_foresight,2025-08-16,18.96743710812774
DE-LU,perfect_foresight,2025-08-17,14.641598317184389
DE-LU,perfect_foresight,2025-08-18,26.149999644128116
DE-LU,perfect_foresight,2025-08-19,4.006758870271625
DE-LU,perfect_foresight,2025-08-20,5.4549917715072525
DE-LU,perfect_foresight,2025-08-21,17.7523167587117
DE-LU,perfect_foresight,2025-08-22,18.75146539181287
DE-LU,perfect_foresight,2025-08-23,20.805665961010277
DE-LU,perfect_foresight,2025-08-24,46.01392201071218
DE-LU,perfect_foresight,2025-08-25,1.6481460092234101
DE-LU,perfect_foresight,2025-08-26,13.244966398581312
DE-LU,perfect_foresight,2025-08-27,10.91917707593933
DE-LU,perfect_foresight,2025-08-28,51.16466036856991
DE-LU,perfect_foresight,2025-08-29,22.286063230496552
DE-LU,perfect_foresight,2025-08-30,5.577263602975222
DE-LU,perfect_foresight,2025-08-31,43.684724083654544
DE-LU,perfect_foresight,2025-09-01,3.977494423766018
DE-LU,perfect_foresight,2025-09-02,15.055269020029357
DE-LU,perfect_foresight,2025-09-03,5.78487856371828
DE-LU,perfect_foresight,2025-09-04,43.927221224584855
DE-LU,perfect_foresight,2025-09-05,6.00993061333898
DE-LU,perfect_foresight,2025-09-06,19.569402470571646
DE-LU,perfect_foresight,2025-09-07,68.57342579546537
DE-LU,perfect_foresight,2025-09-08,19.06583989705905
DE-LU,perfect_foresight,2025-09-09,15.102158604429064
DE-LU,perfect_foresight,2025-09-10,36.943843871375634
DE-LU,perfect_foresight,2025-09-11,15.331013926394405
DE-LU,perfect_foresight,2025-09-12,11.335178790420002
DE-LU,perfect_foresight,2025-09-13,26.157157217465794
DE-LU,perfect_foresight,2025-09-14,16.322226904224294
DE-LU,perfect_foresight,2025-09-15,9.562021629716469
DE-LU,perfect_foresight,2025-09-16,13.476794889744895
DE-LU,perfect_foresight,2025-09-17,3.6463344141116636
DE-LU,perfect_foresight,2025-09-18,0.31971671695436044
DE-LU,perfect_foresight,2025-09-19,80.42260210591576
DE-LU,perfect_foresight,2025-09-20,41.55312434298264
DE-LU,perfect_foresight,2025-09-21,13.22288433664427
DE-LU,perfect_foresight,2025-09-22,1.7229438645139794
DE-LU,perfect_foresight,2025-09-23,4.264070998697406
DE-LU,perfect_foresight,2025-09-24,17.842749910785102
DE-LU,perfect_foresight,2025-09-25,6.595110490624734
DE-LU,perfect_foresight,2025-09-26,0.3409649690597689
DE-LU,perfect_foresight,2025-09-27,0.4372183006096293
DE-LU,perfect_foresight,2025-09-28,11.997150020064339
DE-LU,perfect_foresight,2025-09-29,4.176939253478054
DE-LU,perfect_foresight,2025-09-30,0.02704627669470483
DE-LU,rf_depth_12_leaf_20,2025-01-09,-21.79392112966964
DE-LU,rf_depth_12_leaf_20,2025-01-10,6.19116731959231
DE-LU,rf_depth_12_leaf_20,2025-01-11,1.1562377748568764
DE-LU,rf_depth_12_leaf_20,2025-01-12,-36.30856038963557
DE-LU,rf_depth_12_leaf_20,2025-01-13,-0.7897512794861541
DE-LU,rf_depth_12_leaf_20,2025-01-14,-9.40303967948833
DE-LU,rf_depth_12_leaf_20,2025-01-15,-65.26085630024579
DE-LU,rf_depth_12_leaf_20,2025-01-16,-3.380749649187493
DE-LU,rf_depth_12_leaf_20,2025-01-17,-79.43055775764125
DE-LU,rf_depth_12_leaf_20,2025-01-18,-26.204401215394967
DE-LU,rf_depth_12_leaf_20,2025-01-19,-18.019297996208138
DE-LU,rf_depth_12_leaf_20,2025-01-20,-986.2275149784708
DE-LU,rf_depth_12_leaf_20,2025-01-21,-200.2320519592977
DE-LU,rf_depth_12_leaf_20,2025-01-22,-29.84561374110288
DE-LU,rf_depth_12_leaf_20,2025-01-23,-108.95383641237655
DE-LU,rf_depth_12_leaf_20,2025-01-24,-8.145825426244016
DE-LU,rf_depth_12_leaf_20,2025-01-25,-98.09655509723932
DE-LU,rf_depth_12_leaf_20,2025-01-26,-56.28577982476864
DE-LU,rf_depth_12_leaf_20,2025-01-27,-83.38399550248846
DE-LU,rf_depth_12_leaf_20,2025-01-28,-22.578541187131407
DE-LU,rf_depth_12_leaf_20,2025-01-29,-11.875840233681004
DE-LU,rf_depth_12_leaf_20,2025-01-30,-13.790653796700951
DE-LU,rf_depth_12_leaf_20,2025-01-31,-6.345508968617651
DE-LU,rf_depth_12_leaf_20,2025-02-01,0.21301655027201605
DE-LU,rf_depth_12_leaf_20,2025-02-02,-43.719036117805956
DE-LU,rf_depth_12_leaf_20,2025-02-03,-14.735668209766004
DE-LU,rf_depth_12_leaf_20,2025-02-04,-58.92240732494275
DE-LU,rf_depth_12_leaf_20,2025-02-05,-28.752877835741415
DE-LU,rf_depth_12_leaf_20,2025-02-06,-23.658785579432447
DE-LU,rf_depth_12_leaf_20,2025-02-07,-21.087633966581805
DE-LU,rf_depth_12_leaf_20,2025-02-08,1.0040859936952558
DE-LU,rf_depth_12_leaf_20,2025-02-09,-19.092704964291414
DE-LU,rf_depth_12_leaf_20,2025-02-10,-31.544007421486754
DE-LU,rf_depth_12_leaf_20,2025-02-11,-55.39292354772414
DE-LU,rf_depth_12_leaf_20,2025-02-12,-47.59600277392644
DE-LU,rf_depth_12_leaf_20,2025-02-13,-24.46753717831953
DE-LU,rf_depth_12_leaf_20,2025-02-14,-185.24670807681528
DE-LU,rf_depth_12_leaf_20,2025-02-15,-10.946710587168582
DE-LU,rf_depth_12_leaf_20,2025-02-16,-0.20650681314839403
DE-LU,rf_depth_12_leaf_20,2025-02-17,-252.77461786843165
DE-LU,rf_depth_12_leaf_20,2025-02-18,-144.61246689131258
DE-LU,rf_depth_12_leaf_20,2025-02-19,-43.84021902041647
DE-LU,rf_depth_12_leaf_20,2025-02-20,-21.224870241938888
DE-LU,rf_depth_12_leaf_20,2025-02-21,-68.97188315139245
DE-LU,rf_depth_12_leaf_20,2025-02-22,-6.759999999999991
DE-LU,rf_depth_12_leaf_20,2025-02-23,-29.998965307657386
DE-LU,rf_depth_12_leaf_20,2025-02-24,56.45880314253375
DE-LU,rf_depth_12_leaf_20,2025-02-25,7.520000000000067
DE-LU,rf_depth_12_leaf_20,2025-02-26,-3.493979682222431
DE-LU,rf_depth_12_leaf_20,2025-02-27,-23.513059528857525
DE-LU,rf_depth_12_leaf_20,2025-02-28,-16.040924367946275
DE-LU,rf_depth_12_leaf_20,2025-03-01,-13.234533015400814
DE-LU,rf_depth_12_leaf_20,2025-03-02,-31.83933810461707
DE-LU,rf_depth_12_leaf_20,2025-03-03,-39.98935359023716
DE-LU,rf_depth_12_leaf_20,2025-03-04,-38.05192270616942
DE-LU,rf_depth_12_leaf_20,2025-03-05,-59.86921061653757
DE-LU,rf_depth_12_leaf_20,2025-03-06,-47.09471932256986
DE-LU,rf_depth_12_leaf_20,2025-03-07,-135.3349370523801
DE-LU,rf_depth_12_leaf_20,2025-03-08,-32.09521818708524
DE-LU,rf_depth_12_leaf_20,2025-03-09,-7.540669128320758
DE-LU,rf_depth_12_leaf_20,2025-03-10,-12.94861207428005
DE-LU,rf_depth_12_leaf_20,2025-03-11,-13.985758439375331
DE-LU,rf_depth_12_leaf_20,2025-03-12,2.110135137602981
DE-LU,rf_depth_12_leaf_20,2025-03-13,8.084647723677477
DE-LU,rf_depth_12_leaf_20,2025-03-14,-0.6934124418995111
DE-LU,rf_depth_12_leaf_20,2025-03-15,7.630819260921697
DE-LU,rf_depth_12_leaf_20,2025-03-16,-0.821124960452039
DE-LU,rf_depth_12_leaf_20,2025-03-17,-45.720699079816654
DE-LU,rf_depth_12_leaf_20,2025-03-18,-29.131727626087013
DE-LU,rf_depth_12_leaf_20,2025-03-19,-8.140094278950187
DE-LU,rf_depth_12_leaf_20,2025-03-20,37.576447698900665
DE-LU,rf_depth_12_leaf_20,2025-03-21,0.0
DE-LU,rf_depth_12_leaf_20,2025-03-22,-10.551935410948062
DE-LU,rf_depth_12_leaf_20,2025-03-23,-1.5225694900664877
DE-LU,rf_depth_12_leaf_20,2025-03-24,-15.796207278940358
DE-LU,rf_depth_12_leaf_20,2025-03-25,-36.12987142209121
DE-LU,rf_depth_12_leaf_20,2025-03-26,5.5446670661381745
DE-LU,rf_depth_12_leaf_20,2025-03-27,-18.478133186969103
DE-LU,rf_depth_12_leaf_20,2025-03-28,-23.72637280091118
DE-LU,rf_depth_12_leaf_20,2025-03-29,58.73830465730546
DE-LU,rf_depth_12_leaf_20,2025-03-30,43.325013246075414
DE-LU,rf_depth_12_leaf_20,2025-03-31,-24.672476336481992
DE-LU,rf_depth_12_leaf_20,2025-04-01,-7.010771351952769
DE-LU,rf_depth_12_leaf_20,2025-04-02,-24.168632878728317
DE-LU,rf_depth_12_leaf_20,2025-04-03,-21.951367419393534
DE-LU,rf_depth_12_leaf_20,2025-04-04,-1.0794670576478893
DE-LU,rf_depth_12_leaf_20,2025-04-05,-37.501670154366025
DE-LU,rf_depth_12_leaf_20,2025-04-06,-25.301130729319823
DE-LU,rf_depth_12_leaf_20,2025-04-07,-4.787954189738002
DE-LU,rf_depth_12_leaf_20,2025-04-08,-7.307984102733826
DE-LU,rf_depth_12_leaf_20,2025-04-09,-27.15658242288174
DE-LU,rf_depth_12_leaf_20,2025-04-10,3.358541225631427
DE-LU,rf_depth_12_leaf_20,2025-04-11,-2.5476237519186498
DE-LU,rf_depth_12_leaf_20,2025-04-12,-1.9714671326722168
DE-LU,rf_depth_12_leaf_20,2025-04-13,18.805878151084187
DE-LU,rf_depth_12_leaf_20,2025-04-14,-0.413164393641523
DE-LU,rf_depth_12_leaf_20,2025-04-15,-8.045899424928706
DE-LU,rf_depth_12_leaf_20,2025-04-16,-13.248844337808407
DE-LU,rf_depth_12_leaf_20,2025-04-17,-15.194306224700995
DE-LU,rf_depth_12_leaf_20,2025-04-18,-27.191095720700012
DE-LU,rf_depth_12_leaf_20,2025-04-19,-1.6830115722307255
DE-LU,rf_depth_12_leaf_20,2025-04-20,48.350305718780334
DE-LU,rf_depth_12_leaf_20,2025-04-21,8.467200795258464
DE-LU,rf_depth_12_leaf_20,2025-04-22,-31.3110059047126
DE-LU,rf_depth_12_leaf_20,2025-04-23,4.4337545116753745
DE-LU,rf_depth_12_leaf_20,2025-04-24,8.0449935092428
DE-LU,rf_depth_12_leaf_20,2025-04-25,2.265912557479737
DE-LU,rf_depth_12_leaf_20,2025-04-26,1.195280025518997
DE-LU,rf_depth_12_leaf_20,2025-04-27,6.6959688115898075
DE-LU,rf_depth_12_leaf_20,2025-04-28,1.0640005251707407
DE-LU,rf_depth_12_leaf_20,2025-04-29,3.8550282958598814
DE-LU,rf_depth_12_leaf_20,2025-04-30,-1.2539928401108114
DE-LU,rf_depth_12_leaf_20,2025-05-01,-29.35826869969401
DE-LU,rf_depth_12_leaf_20,2025-05-02,2.3322886433375913
DE-LU,rf_depth_12_leaf_20,2025-05-03,3.859606947177781
DE-LU,rf_depth_12_leaf_20,2025-05-04,45.4312289015282
DE-LU,rf_depth_12_leaf_20,2025-05-05,27.73693629297847
DE-LU,rf_depth_12_leaf_20,2025-05-06,21.117998856372083
DE-LU,rf_depth_12_leaf_20,2025-05-07,24.38349429296727
DE-LU,rf_depth_12_leaf_20,2025-05-08,12.5977358535919
DE-LU,rf_depth_12_leaf_20,2025-05-09,22.81520093719064
DE-LU,rf_depth_12_leaf_20,2025-05-10,62.66083716069829
DE-LU,rf_depth_12_leaf_20,2025-05-11,11.338416588585119
DE-LU,rf_depth_12_leaf_20,2025-05-12,-25.522070736112028
DE-LU,rf_depth_12_leaf_20,2025-05-13,-17.099488538303376
DE-LU,rf_depth_12_leaf_20,2025-05-14,5.92118227707806
DE-LU,rf_depth_12_leaf_20,2025-05-15,-6.504333963965337
DE-LU,rf_depth_12_leaf_20,2025-05-16,-12.630332811179585
DE-LU,rf_depth_12_leaf_20,2025-05-17,19.3556945255429
DE-LU,rf_depth_12_leaf_20,2025-05-18,30.639588140033396
DE-LU,rf_depth_12_leaf_20,2025-05-19,-3.4453707569906555
DE-LU,rf_depth_12_leaf_20,2025-05-20,-2.12996708701678
DE-LU,rf_depth_12_leaf_20,2025-05-21,-2.370881337644647
DE-LU,rf_depth_12_leaf_20,2025-05-22,-1.9168610948913454
DE-LU,rf_depth_12_leaf_20,2025-05-23,2.3973819662207916
DE-LU,rf_depth_12_leaf_20,2025-05-24,-3.8384164760486783
DE-LU,rf_depth_12_leaf_20,2025-05-25,19.068964913285413
DE-LU,rf_depth_12_leaf_20,2025-05-26,-2.6727982294245862
DE-LU,rf_depth_12_leaf_20,2025-05-27,-11.939999999999998
DE-LU,rf_depth_12_leaf_20,2025-05-28,-10.549922966779135
DE-LU,rf_depth_12_leaf_20,2025-05-29,-3.0927165486434234
DE-LU,rf_depth_12_leaf_20,2025-05-30,0.7256725957288381
DE-LU,rf_depth_12_leaf_20,2025-05-31,32.1308658884422
DE-LU,rf_depth_12_leaf_20,2025-06-01,80.25620007846855
DE-LU,rf_depth_12_leaf_20,2025-06-02,7.191455429642758
DE-LU,rf_depth_12_leaf_20,2025-06-03,5.8137861411275935
DE-LU,rf_depth_12_leaf_20,2025-06-04,6.813904731421985
DE-LU,rf_depth_12_leaf_20,2025-06-05,1.3007612153309651
DE-LU,rf_depth_12_leaf_20,2025-06-06,-7.917872847554463
DE-LU,rf_depth_12_leaf_20,2025-06-07,2.1980342624342484
DE-LU,rf_depth_12_leaf_20,2025-06-08,27.373015560697752
DE-LU,rf_depth_12_leaf_20,2025-06-09,0.6212842016004174
DE-LU,rf_depth_12_leaf_20,2025-06-10,11.318732592007024
DE-LU,rf_depth_12_leaf_20,2025-06-11,15.004700316731032
DE-LU,rf_depth_12_leaf_20,2025-06-12,-27.01792435374236
DE-LU,rf_depth_12_leaf_20,2025-06-13,-2.7189681931325254
DE-LU,rf_depth_12_leaf_20,2025-06-14,20.027343396906474
DE-LU,rf_depth_12_leaf_20,2025-06-15,-11.091588083271176
DE-LU,rf_depth_12_leaf_20,2025-06-16,-1.3823130844926936
DE-LU,rf_depth_12_leaf_20,2025-06-17,0.0
DE-LU,rf_depth_12_leaf_20,2025-06-18,-8.031783910633948
DE-LU,rf_depth_12_leaf_20,2025-06-19,-0.9779252834840122
DE-LU,rf_depth_12_leaf_20,2025-06-20,-0.09844844716883472
DE-LU,rf_depth_12_leaf_20,2025-06-21,-15.258601859616704
DE-LU,rf_depth_12_leaf_20,2025-06-22,-9.962584372527772
DE-LU,rf_depth_12_leaf_20,2025-06-23,6.7545729817706786
DE-LU,rf_depth_12_leaf_20,2025-06-24,0.6687727399037726
DE-LU,rf_depth_12_leaf_20,2025-06-25,12.899821866537252
DE-LU,rf_depth_12_leaf_20,2025-06-26,-0.809021252565465
DE-LU,rf_depth_12_leaf_20,2025-06-27,-1.216378235239631
DE-LU,rf_depth_12_leaf_20,2025-06-28,-1.2258683490550766
DE-LU,rf_depth_12_leaf_20,2025-06-29,-14.962368226399576
DE-LU,rf_depth_12_leaf_20,2025-06-30,125.17434852697221
DE-LU,rf_depth_12_leaf_20,2025-07-01,-0.41110380117305567
DE-LU,rf_depth_12_leaf_20,2025-07-02,-26.711060050023377
DE-LU,rf_depth_12_leaf_20,2025-07-03,-53.68702785481791
DE-LU,rf_depth_12_leaf_20,2025-07-04,-35.94464847392126
DE-LU,rf_depth_12_leaf_20,2025-07-05,7.026275036290684
DE-LU,rf_depth_12_leaf_20,2025-07-06,19.161874852974904
DE-LU,rf_depth_12_leaf_20,2025-07-07,13.900614061438269
DE-LU,rf_depth_12_leaf_20,2025-07-08,-10.323098007955807
DE-LU,rf_depth_12_leaf_20,2025-07-09,-23.382845650735064
DE-LU,rf_depth_12_leaf_20,2025-07-10,-16.28416913745191
DE-LU,rf_depth_12_leaf_20,2025-07-11,3.821872919561841
DE-LU,rf_depth_12_leaf_20,2025-07-12,18.988222526377996
DE-LU,rf_depth_12_leaf_20,2025-07-13,18.0062225496863
DE-LU,rf_depth_12_leaf_20,2025-07-14,-15.624220558469716
DE-LU,rf_depth_12_leaf_20,2025-07-15,-1.5576491197450366
DE-LU,rf_depth_12_leaf_20,2025-07-16,-12.340397316102852
DE-LU,rf_depth_12_leaf_20,2025-07-17,-22.32060208370214
DE-LU,rf_depth_12_leaf_20,2025-07-18,8.889162502733313
DE-LU,rf_depth_12_leaf_20,2025-07-19,1.8638931268320675
DE-LU,rf_depth_12_leaf_20,2025-07-20,0.0
DE-LU,rf_depth_12_leaf_20,2025-07-21,-2.3108765958100292
DE-LU,rf_depth_12_leaf_20,2025-07-22,-46.25867137707658
DE-LU,rf_depth_12_leaf_20,2025-07-23,-1.2280094481863273
DE-LU,rf_depth_12_leaf_20,2025-07-24,5.078956141359818
DE-LU,rf_depth_12_leaf_20,2025-07-25,-5.0469787078932455
DE-LU,rf_depth_12_leaf_20,2025-07-26,2.928085077169669
DE-LU,rf_depth_12_leaf_20,2025-07-27,17.133220362792315
DE-LU,rf_depth_12_leaf_20,2025-07-28,-11.54357265737702
DE-LU,rf_depth_12_leaf_20,2025-07-29,-23.841643995713213
DE-LU,rf_depth_12_leaf_20,2025-07-30,-9.769547743755169
DE-LU,rf_depth_12_leaf_20,2025-07-31,3.069358675822315
DE-LU,rf_depth_12_leaf_20,2025-08-01,-7.535038461823902
DE-LU,rf_depth_12_leaf_20,2025-08-02,18.755468802458665
DE-LU,rf_depth_12_leaf_20,2025-08-03,57.84122068213982
DE-LU,rf_depth_12_leaf_20,2025-08-04,10.398814424812599
DE-LU,rf_depth_12_leaf_20,2025-08-05,105.43903482610493
DE-LU,rf_depth_12_leaf_20,2025-08-06,80.04126185909882
DE-LU,rf_depth_12_leaf_20,2025-08-07,16.906751522821367
DE-LU,rf_depth_12_leaf_20,2025-08-08,0.2531531498626407
DE-LU,rf_depth_12_leaf_20,2025-08-09,28.632527310370506
DE-LU,rf_depth_12_leaf_20,2025-08-10,19.596822934152897
DE-LU,rf_depth_12_leaf_20,2025-08-11,-26.040259329548974
DE-LU,rf_depth_12_leaf_20,2025-08-12,-0.14085758997117637
DE-LU,rf_depth_12_leaf_20,2025-08-13,-0.13855509526365495
DE-LU,rf_depth_12_leaf_20,2025-08-14,-2.4665476737769723
DE-LU,rf_depth_12_leaf_20,2025-08-15,-7.1422090602755475
DE-LU,rf_depth_12_leaf_20,2025-08-16,-3.6993652091377953
DE-LU,rf_depth_12_leaf_20,2025-08-17,1.226712443528129
DE-LU,rf_depth_12_leaf_20,2025-08-18,19.721964631450078
DE-LU,rf_depth_12_leaf_20,2025-08-19,2.9065897328197536
DE-LU,rf_depth_12_leaf_20,2025-08-20,-8.020649747360068
DE-LU,rf_depth_12_leaf_20,2025-08-21,1.1553749371303823
DE-LU,rf_depth_12_leaf_20,2025-08-22,8.976209379623072
DE-LU,rf_depth_12_leaf_20,2025-08-23,11.167225989727797
DE-LU,rf_depth_12_leaf_20,2025-08-24,45.58582387398678
DE-LU,rf_depth_12_leaf_20,2025-08-25,-52.8132061170503
DE-LU,rf_depth_12_leaf_20,2025-08-26,6.083753046617346
DE-LU,rf_depth_12_leaf_20,2025-08-27,-9.62466507086333
DE-LU,rf_depth_12_leaf_20,2025-08-28,9.651778580778966
DE-LU,rf_depth_12_leaf_20,2025-08-29,-9.205536529425416
DE-LU,rf_depth_12_leaf_20,2025-08-30,4.907518546561448
DE-LU,rf_depth_12_leaf_20,2025-08-31,16.18932298787138
DE-LU,rf_depth_12_leaf_20,2025-09-01,-19.829436731030114
DE-LU,rf_depth_12_leaf_20,2025-09-02,-4.897666034059
DE-LU,rf_depth_12_leaf_20,2025-09-03,0.46349464883917335
DE-LU,rf_depth_12_leaf_20,2025-09-04,-2.1683931127616916
DE-LU,rf_depth_12_leaf_20,2025-09-05,5.525691601567672
DE-LU,rf_depth_12_leaf_20,2025-09-06,-1.0695792170711513
DE-LU,rf_depth_12_leaf_20,2025-09-07,-4.802884336644297
DE-LU,rf_depth_12_leaf_20,2025-09-08,-14.813381287050106
DE-LU,rf_depth_12_leaf_20,2025-09-09,-16.041480848304218
DE-LU,rf_depth_12_leaf_20,2025-09-10,23.65274571732249
DE-LU,rf_depth_12_leaf_20,2025-09-11,8.089973722723244
DE-LU,rf_depth_12_leaf_20,2025-09-12,10.372018705741255
DE-LU,rf_depth_12_leaf_20,2025-09-13,-1.6144437235963096
DE-LU,rf_depth_12_leaf_20,2025-09-14,-20.131266675023483
DE-LU,rf_depth_12_leaf_20,2025-09-15,-4.533275129577248
DE-LU,rf_depth_12_leaf_20,2025-09-16,-8.096720859581808
DE-LU,rf_depth_12_leaf_20,2025-09-17,-20.4219453082394
DE-LU,rf_depth_12_leaf_20,2025-09-18,-20.24695825931684
DE-LU,rf_depth_12_leaf_20,2025-09-19,-11.626419882636128
DE-LU,rf_depth_12_leaf_20,2025-09-20,-5.833499109826363
DE-LU,rf_depth_12_leaf_20,2025-09-21,8.381737465628248
DE-LU,rf_depth_12_leaf_20,2025-09-22,-17.90703094507495
DE-LU,rf_depth_12_leaf_20,2025-09-23,-33.66951245626356
DE-LU,rf_depth_12_leaf_20,2025-09-24,14.40671096229056
DE-LU,rf_depth_12_leaf_20,2025-09-25,-25.423511779068434
DE-LU,rf_depth_12_leaf_20,2025-09-26,-22.582095027218386
DE-LU,rf_depth_12_leaf_20,2025-09-27,-18.318500384253014
DE-LU,rf_depth_12_leaf_20,2025-09-28,-9.538160705111693
DE-LU,rf_depth_12_leaf_20,2025-09-29,-2.4397224148559644
DE-LU,rf_depth_12_leaf_20,2025-09-30,-5.394569189968934
DE-LU,rf_depth_6_leaf_5,2025-01-09,-17.128195340692116
DE-LU,rf_depth_6_leaf_5,2025-01-10,-2.118832680407621
DE-LU,rf_depth_6_leaf_5,2025-01-11,-1.3920853935002384
DE-LU,rf_depth_6_leaf_5,2025-01-12,-35.87167280862724
DE-LU,rf_depth_6_leaf_5,2025-01-13,-21.199894872684155
DE-LU,rf_depth_6_leaf_5,2025-01-14,-30.961179390615044
DE-LU,rf_depth_6_leaf_5,2025-01-15,-21.421676985642875
DE-LU,rf_depth_6_leaf_5,2025-01-16,-1.621911120829452
DE-LU,rf_depth_6_leaf_5,2025-01-17,-173.39397211266245
DE-LU,rf_depth_6_leaf_5,2025-01-18,-6.516178096938461
DE-LU,rf_depth_6_leaf_5,2025-01-19,-9.714073397501835
DE-LU,rf_depth_6_leaf_5,2025-01-20,-389.0948478234784
DE-LU,rf_depth_6_leaf_5,2025-01-21,-200.61395944342044
DE-LU,rf_depth_6_leaf_5,2025-01-22,-56.58399317673275
DE-LU,rf_depth_6_leaf_5,2025-01-23,-36.82405491475106
DE-LU,rf_depth_6_leaf_5,2025-01-24,18.286193317009477
DE-LU,rf_depth_6_leaf_5,2025-01-25,-88.85950405945988
DE-LU,rf_depth_6_leaf_5,2025-01-26,-67.8311325512375
DE-LU,rf_depth_6_leaf_5,2025-01-27,-38.35626094158533
DE-LU,rf_depth_6_leaf_5,2025-01-28,-52.97807163541685
DE-LU,rf_depth_6_leaf_5,2025-01-29,-18.104859182757536
DE-LU,rf_depth_6_leaf_5,2025-01-30,-27.47818601518793
DE-LU,rf_depth_6_leaf_5,2025-01-31,-13.79155230307498
DE-LU,rf_depth_6_leaf_5,2025-02-01,-23.40716544294162
DE-LU,rf_depth_6_leaf_5,2025-02-02,-33.79903611780594
DE-LU,rf_depth_6_leaf_5,2025-02-03,12.079725377331215
DE-LU,rf_depth_6_leaf_5,2025-02-04,-2.642856914751661
DE-LU,rf_depth_6_leaf_5,2025-02-05,-1.52628392075286
DE-LU,rf_depth_6_leaf_5,2025-02-06,-23.658785579432447
DE-LU,rf_depth_6_leaf_5,2025-02-07,-26.82255927540328
DE-LU,rf_depth_6_leaf_5,2025-02-08,-18.95111577490445
DE-LU,rf_depth_6_leaf_5,2025-02-09,-6.6146557453593005
DE-LU,rf_depth_6_leaf_5,2025-02-10,4.235053925230233
DE-LU,rf_depth_6_leaf_5,2025-02-11,-33.91078509276181
DE-LU,rf_depth_6_leaf_5,2025-02-12,-30.343642213336807
DE-LU,rf_depth_6_leaf_5,2025-02-13,-18.690527451314836
DE-LU,rf_depth_6_leaf_5,2025-02-14,-185.24670807681528
DE-LU,rf_depth_6_leaf_5,2025-02-15,-3.500056228772621
DE-LU,rf_depth_6_leaf_5,2025-02-16,-0.27999999999991587
DE-LU,rf_depth_6_leaf_5,2025-02-17,-139.81093106447304
DE-LU,rf_depth_6_leaf_5,2025-02-18,-144.61246689131258
DE-LU,rf_depth_6_leaf_5,2025-02-19,-108.55881262620315
DE-LU,rf_depth_6_leaf_5,2025-02-20,-43.766870241938875
DE-LU,rf_depth_6_leaf_5,2025-02-21,-49.5212164847258
DE-LU,rf_depth_6_leaf_5,2025-02-22,-7.964713174521904
DE-LU,rf_depth_6_leaf_5,2025-02-23,-30.19910775519844
DE-LU,rf_depth_6_leaf_5,2025-02-24,28.760424082025963
DE-LU,rf_depth_6_leaf_5,2025-02-25,-39.13598234460002
DE-LU,rf_depth_6_leaf_5,2025-02-26,-0.5280711487461929
DE-LU,rf_depth_6_leaf_5,2025-02-27,-18.70174110030598
DE-LU,rf_depth_6_leaf_5,2025-02-28,-16.040924367946275
DE-LU,rf_depth_6_leaf_5,2025-03-01,-14.625215638231907
DE-LU,rf_depth_6_leaf_5,2025-03-02,-31.83933810461707
DE-LU,rf_depth_6_leaf_5,2025-03-03,1.5573914113901992
DE-LU,rf_depth_6_leaf_5,2025-03-04,-0.888902929848939
DE-LU,rf_depth_6_leaf_5,2025-03-05,-99.95972354318525
DE-LU,rf_depth_6_leaf_5,2025-03-06,-3.8934849400966414
DE-LU,rf_depth_6_leaf_5,2025-03-07,-69.00856223590284
DE-LU,rf_depth_6_leaf_5,2025-03-08,23.19087849066952
DE-LU,rf_depth_6_leaf_5,2025-03-09,-3.8759578659327474
DE-LU,rf_depth_6_leaf_5,2025-03-10,-12.94861207428005
DE-LU,rf_depth_6_leaf_5,2025-03-11,-8.86117519221321
DE-LU,rf_depth_6_leaf_5,2025-03-12,-3.5018485564481523
DE-LU,rf_depth_6_leaf_5,2025-03-13,-26.97067445208839
DE-LU,rf_depth_6_leaf_5,2025-03-14,-4.4870267841853035
DE-LU,rf_depth_6_leaf_5,2025-03-15,5.770035424324277
DE-LU,rf_depth_6_leaf_5,2025-03-16,-0.5060404104821714
DE-LU,rf_depth_6_leaf_5,2025-03-17,-4.618940790490001
DE-LU,rf_depth_6_leaf_5,2025-03-18,-6.634747061834219
DE-LU,rf_depth_6_leaf_5,2025-03-19,-8.140094278950187
DE-LU,rf_depth_6_leaf_5,2025-03-20,40.1760704004779
DE-LU,rf_depth_6_leaf_5,2025-03-21,-6.555138605011052
DE-LU,rf_depth_6_leaf_5,2025-03-22,0.10710325571113799
DE-LU,rf_depth_6_leaf_5,2025-03-23,-1.5225694900664877
DE-LU,rf_depth_6_leaf_5,2025-03-24,-2.8718273008656467
DE-LU,rf_depth_6_leaf_5,2025-03-25,-27.38373680965887
DE-LU,rf_depth_6_leaf_5,2025-03-26,2.0482829829481517
DE-LU,rf_depth_6_leaf_5,2025-03-27,-1.5706110239386817
DE-LU,rf_depth_6_leaf_5,2025-03-28,-1.5693593611874235
DE-LU,rf_depth_6_leaf_5,2025-03-29,4.626685652214235
DE-LU,rf_depth_6_leaf_5,2025-03-30,45.198113289888596
DE-LU,rf_depth_6_leaf_5,2025-03-31,50.01130808402402
DE-LU,rf_depth_6_leaf_5,2025-04-01,-7.010771351952769
DE-LU,rf_depth_6_leaf_5,2025-04-02,-24.291600846787674
DE-LU,rf_depth_6_leaf_5,2025-04-03,-21.57913980342545
DE-LU,rf_depth_6_leaf_5,2025-04-04,-4.184363876961129
DE-LU,rf_depth_6_leaf_5,2025-04-05,-27.610092459115094
DE-LU,rf_depth_6_leaf_5,2025-04-06,-112.24292950217716
DE-LU,rf_depth_6_leaf_5,2025-04-07,-1.6891215093304481
DE-LU,rf_depth_6_leaf_5,2025-04-08,4.100215546921106
DE-LU,rf_depth_6_leaf_5,2025-04-09,-2.216712837900104
DE-LU,rf_depth_6_leaf_5,2025-04-10,6.903767174776647
DE-LU,rf_depth_6_leaf_5,2025-04-11,-1.8974312601773704
DE-LU,rf_depth_6_leaf_5,2025-04-12,-32.78146713267222
DE-LU,rf_depth_6_leaf_5,2025-04-13,-7.423659644651423
DE-LU,rf_depth_6_leaf_5,2025-04-14,3.6295653859389745
DE-LU,rf_depth_6_leaf_5,2025-04-15,-7.014198378191736
DE-LU,rf_depth_6_leaf_5,2025-04-16,-0.713992840110734
DE-LU,rf_depth_6_leaf_5,2025-04-17,0.34511049062473376
DE-LU,rf_depth_6_leaf_5,2025-04-18,0.7778509177404302
DE-LU,rf_depth_6_leaf_5,2025-04-19,-15.196707742276033
DE-LU,rf_depth_6_leaf_5,2025-04-20,-0.5518418629916084
DE-LU,rf_depth_6_leaf_5,2025-04-21,0.0
DE-LU,rf_depth_6_leaf_5,2025-04-22,-31.8997492558035
DE-LU,rf_depth_6_leaf_5,2025-04-23,4.4337545116753745
DE-LU,rf_depth_6_leaf_5,2025-04-24,8.801517641169312
DE-LU,rf_depth_6_leaf_5,2025-04-25,1.8970242099945551
DE-LU,rf_depth_6_leaf_5,2025-04-26,1.195280025518997
DE-LU,rf_depth_6_leaf_5,2025-04-27,-193.84772560042865
DE-LU,rf_depth_6_leaf_5,2025-04-28,1.0640005251707407
DE-LU,rf_depth_6_leaf_5,2025-04-29,4.271000031424876
DE-LU,rf_depth_6_leaf_5,2025-04-30,-1.1593308716792308
DE-LU,rf_depth_6_leaf_5,2025-05-01,0.16080426592384356
DE-LU,rf_depth_6_leaf_5,2025-05-02,2.3322886433375913
DE-LU,rf_depth_6_leaf_5,2025-05-03,8.691443857412025
DE-LU,rf_depth_6_leaf_5,2025-05-04,38.49558479530758
DE-LU,rf_depth_6_leaf_5,2025-05-05,26.54125713755542
DE-LU,rf_depth_6_leaf_5,2025-05-06,18.57134520971988
DE-LU,rf_depth_6_leaf_5,2025-05-07,22.239395779090813
DE-LU,rf_depth_6_leaf_5,2025-05-08,11.018070417752313
DE-LU,rf_depth_6_leaf_5,2025-05-09,22.81520093719064
DE-LU,rf_depth_6_leaf_5,2025-05-10,62.66083716069829
DE-LU,rf_depth_6_leaf_5,2025-05-11,-188.08786299084568
DE-LU,rf_depth_6_leaf_5,2025-05-12,-2.1693818536843423
DE-LU,rf_depth_6_leaf_5,2025-05-13,-17.362471988031302
DE-LU,rf_depth_6_leaf_5,2025-05-14,0.0
DE-LU,rf_depth_6_leaf_5,2025-05-15,1.3370056421272238
DE-LU,rf_depth_6_leaf_5,2025-05-16,-2.379802298015534
DE-LU,rf_depth_6_leaf_5,2025-05-17,12.603883287290813
DE-LU,rf_depth_6_leaf_5,2025-05-18,17.266491969187143
DE-LU,rf_depth_6_leaf_5,2025-05-19,0.8085862836738897
DE-LU,rf_depth_6_leaf_5,2025-05-20,-1.2726542083472623
DE-LU,rf_depth_6_leaf_5,2025-05-21,3.4718660242870953
DE-LU,rf_depth_6_leaf_5,2025-05-22,-1.0611169002701217
DE-LU,rf_depth_6_leaf_5,2025-05-23,2.7197735844220006
DE-LU,rf_depth_6_leaf_5,2025-05-24,2.475343706161766
DE-LU,rf_depth_6_leaf_5,2025-05-25,40.556641614129546
DE-LU,rf_depth_6_leaf_5,2025-05-26,-1.9127982294245953
DE-LU,rf_depth_6_leaf_5,2025-05-27,-10.996427192574288
DE-LU,rf_depth_6_leaf_5,2025-05-28,1.8103345641604136
DE-LU,rf_depth_6_leaf_5,2025-05-29,-1.0737983997112224
DE-LU,rf_depth_6_leaf_5,2025-05-30,1.8076014469827157
DE-LU,rf_depth_6_leaf_5,2025-05-31,23.061108424383804
DE-LU,rf_depth_6_leaf_5,2025-06-01,75.97548859100736
DE-LU,rf_depth_6_leaf_5,2025-06-02,8.907907277258289
DE-LU,rf_depth_6_leaf_5,2025-06-03,5.084942477550754
DE-LU,rf_depth_6_leaf_5,2025-06-04,6.780935825557833
DE-LU,rf_depth_6_leaf_5,2025-06-05,0.41634950848350627
DE-LU,rf_depth_6_leaf_5,2025-06-06,8.836222555773674
DE-LU,rf_depth_6_leaf_5,2025-06-07,2.1980342624342484
DE-LU,rf_depth_6_leaf_5,2025-06-08,27.2465986547941
DE-LU,rf_depth_6_leaf_5,2025-06-09,-13.324817160239007
DE-LU,rf_depth_6_leaf_5,2025-06-10,11.670875114572425
DE-LU,rf_depth_6_leaf_5,2025-06-11,14.094388769250315
DE-LU,rf_depth_6_leaf_5,2025-06-12,0.0
DE-LU,rf_depth_6_leaf_5,2025-06-13,0.0876529531706467
DE-LU,rf_depth_6_leaf_5,2025-06-14,10.69229974408941
DE-LU,rf_depth_6_leaf_5,2025-06-15,-15.3624275859583
DE-LU,rf_depth_6_leaf_5,2025-06-16,0.0
DE-LU,rf_depth_6_leaf_5,2025-06-17,0.0
DE-LU,rf_depth_6_leaf_5,2025-06-18,1.2756050106943349
DE-LU,rf_depth_6_leaf_5,2025-06-19,-28.89951626029341
DE-LU,rf_depth_6_leaf_5,2025-06-20,-2.223499034801989
DE-LU,rf_depth_6_leaf_5,2025-06-21,-37.17484859297235
DE-LU,rf_depth_6_leaf_5,2025-06-22,-28.80832212207406
DE-LU,rf_depth_6_leaf_5,2025-06-23,7.281833345481402
DE-LU,rf_depth_6_leaf_5,2025-06-24,-0.06251547253748413
DE-LU,rf_depth_6_leaf_5,2025-06-25,-6.97318883578447
DE-LU,rf_depth_6_leaf_5,2025-06-26,0.1548676363234236
DE-LU,rf_depth_6_leaf_5,2025-06-27,0.03661784720605965
DE-LU,rf_depth_6_leaf_5,2025-06-28,0.4374235751174069
DE-LU,rf_depth_6_leaf_5,2025-06-29,-17.136888872655845
DE-LU,rf_depth_6_leaf_5,2025-06-30,126.07199244354933
DE-LU,rf_depth_6_leaf_5,2025-07-01,4.511712512465124
DE-LU,rf_depth_6_leaf_5,2025-07-02,3.6904903601677574
DE-LU,rf_depth_6_leaf_5,2025-07-03,-37.95078624148934
DE-LU,rf_depth_6_leaf_5,2025-07-04,-29.26909026712147
DE-LU,rf_depth_6_leaf_5,2025-07-05,1.823846419241022
DE-LU,rf_depth_6_leaf_5,2025-07-06,18.396169419287276
DE-LU,rf_depth_6_leaf_5,2025-07-07,-10.365858150678385
DE-LU,rf_depth_6_leaf_5,2025-07-08,2.3766308925578414
DE-LU,rf_depth_6_leaf_5,2025-07-09,-21.080175697146103
DE-LU,rf_depth_6_leaf_5,2025-07-10,-3.448953163639345
DE-LU,rf_depth_6_leaf_5,2025-07-11,-0.2914121316563154
DE-LU,rf_depth_6_leaf_5,2025-07-12,0.0
DE-LU,rf_depth_6_leaf_5,2025-07-13,17.956222549686288
DE-LU,rf_depth_6_leaf_5,2025-07-14,-24.287736762001003
DE-LU,rf_depth_6_leaf_5,2025-07-15,-28.982611849206847
DE-LU,rf_depth_6_leaf_5,2025-07-16,-13.899999999999991
DE-LU,rf_depth_6_leaf_5,2025-07-17,-47.25165857604789
DE-LU,rf_depth_6_leaf_5,2025-07-18,0.0
DE-LU,rf_depth_6_leaf_5,2025-07-19,0.0
DE-LU,rf_depth_6_leaf_5,2025-07-20,7.018918148932244
DE-LU,rf_depth_6_leaf_5,2025-07-21,-35.380571646523535
DE-LU,rf_depth_6_leaf_5,2025-07-22,-12.74017937235297
DE-LU,rf_depth_6_leaf_5,2025-07-23,-5.105923696785084
DE-LU,rf_depth_6_leaf_5,2025-07-24,7.107566753652229
DE-LU,rf_depth_6_leaf_5,2025-07-25,-2.402879219687705
DE-LU,rf_depth_6_leaf_5,2025-07-26,-2.4052594583186107
DE-LU,rf_depth_6_leaf_5,2025-07-27,-37.20951639010437
DE-LU,rf_depth_6_leaf_5,2025-07-28,0.460255805378722
DE-LU,rf_depth_6_leaf_5,2025-07-29,-1.5534655854611685
DE-LU,rf_depth_6_leaf_5,2025-07-30,-7.84034653685049
DE-LU,rf_depth_6_leaf_5,2025-07-31,3.069358675822315
DE-LU,rf_depth_6_leaf_5,2025-08-01,-7.451278200530794
DE-LU,rf_depth_6_leaf_5,2025-08-02,4.714955991311058
DE-LU,rf_depth_6_leaf_5,2025-08-03,49.52944012637734
DE-LU,rf_depth_6_leaf_5,2025-08-04,-2.926388431640646
DE-LU,rf_depth_6_leaf_5,2025-08-05,110.28792512224835
DE-LU,rf_depth_6_leaf_5,2025-08-06,57.39787320238503
DE-LU,rf_depth_6_leaf_5,2025-08-07,18.910000000000025
DE-LU,rf_depth_6_leaf_5,2025-08-08,-0.8215395010585098
DE-LU,rf_depth_6_leaf_5,2025-08-09,9.20481971008013
DE-LU,rf_depth_6_leaf_5,2025-08-10,8.686822934152872
DE-LU,rf_depth_6_leaf_5,2025-08-11,-26.62867812531948
DE-LU,rf_depth_6_leaf_5,2025-08-12,-0.14085758997117637
DE-LU,rf_depth_6_leaf_5,2025-08-13,-0.5095218264085588
DE-LU,rf_depth_6_leaf_5,2025-08-14,-0.8069881357883446
DE-LU,rf_depth_6_leaf_5,2025-08-15,-5.43086386881788
DE-LU,rf_depth_6_leaf_5,2025-08-16,4.85775813927782
DE-LU,rf_depth_6_leaf_5,2025-08-17,0.38226414640806183
DE-LU,rf_depth_6_leaf_5,2025-08-18,18.149973741973213
DE-LU,rf_depth_6_leaf_5,2025-08-19,-0.6959404843051118
DE-LU,rf_depth_6_leaf_5,2025-08-20,4.032509399513913
DE-LU,rf_depth_6_leaf_5,2025-08-21,-0.14203322728461387
DE-LU,rf_depth_6_leaf_5,2025-08-22,-0.13051547862488633
DE-LU,rf_depth_6_leaf_5,2025-08-23,11.167225989727797
DE-LU,rf_depth_6_leaf_5,2025-08-24,30.291019118375345
DE-LU,rf_depth_6_leaf_5,2025-08-25,1.6481460092234101
DE-LU,rf_depth_6_leaf_5,2025-08-26,3.0920354547077977
DE-LU,rf_depth_6_leaf_5,2025-08-27,-21.42466507086334
DE-LU,rf_depth_6_leaf_5,2025-08-28,8.887479666015992
DE-LU,rf_depth_6_leaf_5,2025-08-29,16.242619337601468
DE-LU,rf_depth_6_leaf_5,2025-08-30,4.907518546561448
DE-LU,rf_depth_6_leaf_5,2025-08-31,19.262003374121463
DE-LU,rf_depth_6_leaf_5,2025-09-01,-8.021807544782973
DE-LU,rf_depth_6_leaf_5,2025-09-02,-2.17558712720421
DE-LU,rf_depth_6_leaf_5,2025-09-03,0.46349464883917335
DE-LU,rf_depth_6_leaf_5,2025-09-04,12.517420651142288
DE-LU,rf_depth_6_leaf_5,2025-09-05,5.913645868305792
DE-LU,rf_depth_6_leaf_5,2025-09-06,0.8650604464244509
DE-LU,rf_depth_6_leaf_5,2025-09-07,-14.249615953334342
DE-LU,rf_depth_6_leaf_5,2025-09-08,-14.625680126788666
DE-LU,rf_depth_6_leaf_5,2025-09-09,0.18353663285768107
DE-LU,rf_depth_6_leaf_5,2025-09-10,23.479649546476253
DE-LU,rf_depth_6_leaf_5,2025-09-11,7.979568646536109
DE-LU,rf_depth_6_leaf_5,2025-09-12,6.030303525798843
DE-LU,rf_depth_6_leaf_5,2025-09-13,14.008426793102785
DE-LU,rf_depth_6_leaf_5,2025-09-14,-27.773277359082954
DE-LU,rf_depth_6_leaf_5,2025-09-15,-2.561204205904289
DE-LU,rf_depth_6_leaf_5,2025-09-16,-9.086106873167921
DE-LU,rf_depth_6_leaf_5,2025-09-17,-7.771041329036905
DE-LU,rf_depth_6_leaf_5,2025-09-18,-10.33836297864417
DE-LU,rf_depth_6_leaf_5,2025-09-19,-0.6464198826362235
DE-LU,rf_depth_6_leaf_5,2025-09-20,-4.157772759153829
DE-LU,rf_depth_6_leaf_5,2025-09-21,4.909556594763359
DE-LU,rf_depth_6_leaf_5,2025-09-22,-13.782874477853
DE-LU,rf_depth_6_leaf_5,2025-09-23,2.864070998697372
DE-LU,rf_depth_6_leaf_5,2025-09-24,-15.622827188329097
DE-LU,rf_depth_6_leaf_5,2025-09-25,-0.18981189422149214
DE-LU,rf_depth_6_leaf_5,2025-09-26,-0.952215920067232
DE-LU,rf_depth_6_leaf_5,2025-09-27,-4.111916443609289
DE-LU,rf_depth_6_leaf_5,2025-09-28,-10.713432196994262
DE-LU,rf_depth_6_leaf_5,2025-09-29,-7.117995837134686
DE-LU,rf_depth_6_leaf_5,2025-09-30,-1.6676938503234169
DE-LU,ridge_alpha_0.1,2025-01-09,-2.7074849025844543
DE-LU,ridge_alpha_0.1,2025-01-10,0.07572957474523889
DE-LU,ridge_alpha_0.1,2025-01-11,-6.248888888888914
DE-LU,ridge_alpha_0.1,2025-01-12,-1.8821668511839107
DE-LU,ridge_alpha_0.1,2025-01-13,-0.5788353671349
DE-LU,ridge_alpha_0.1,2025-01-14,-1.0425798740283767
DE-LU,ridge_alpha_0.1,2025-01-15,-110.58248563752954
DE-LU,ridge_alpha_0.1,2025-01-16,-1.7588385283578987
DE-LU,ridge_alpha_0.1,2025-01-17,-30.47466809821725
DE-LU,ridge_alpha_0.1,2025-01-18,0.0
DE-LU,ridge_alpha_0.1,2025-01-19,-4.0666759130880905
DE-LU,ridge_alpha_0.1,2025-01-20,-23.506601130598483
DE-LU,ridge_alpha_0.1,2025-01-21,-40.09502944656293
DE-LU,ridge_alpha_0.1,2025-01-22,-14.724739376774323
DE-LU,ridge_alpha_0.1,2025-01-23,8.088761081515258
DE-LU,ridge_alpha_0.1,2025-01-24,-9.477501733704031
DE-LU,ridge_alpha_0.1,2025-01-25,0.0
DE-LU,ridge_alpha_0.1,2025-01-26,-0.7955081625995035
DE-LU,ridge_alpha_0.1,2025-01-27,0.0
DE-LU,ridge_alpha_0.1,2025-01-28,-1.0596731208995607
DE-LU,ridge_alpha_0.1,2025-01-29,-3.358640563788242
DE-LU,ridge_alpha_0.1,2025-01-30,-13.382525668938456
DE-LU,ridge_alpha_0.1,2025-01-31,-0.19310749162514185
DE-LU,ridge_alpha_0.1,2025-02-01,2.3549611082675597
DE-LU,ridge_alpha_0.1,2025-02-02,-1.5800997132786279
DE-LU,ridge_alpha_0.1,2025-02-03,23.750515398500966
DE-LU,ridge_alpha_0.1,2025-02-04,26.577642382635645
DE-LU,ridge_alpha_0.1,2025-02-05,0.0
DE-LU,ridge_alpha_0.1,2025-02-06,0.0
DE-LU,ridge_alpha_0.1,2025-02-07,0.0
DE-LU,ridge_alpha_0.1,2025-02-08,-20.821406142814965
DE-LU,ridge_alpha_0.1,2025-02-09,-7.6051809641514865
DE-LU,ridge_alpha_0.1,2025-02-10,1.0250538867302623
DE-LU,ridge_alpha_0.1,2025-02-11,-12.45294427813596
DE-LU,ridge_alpha_0.1,2025-02-12,-2.03370101021261
DE-LU,ridge_alpha_0.1,2025-02-13,-13.002661143163294
DE-LU,ridge_alpha_0.1,2025-02-14,0.0
DE-LU,ridge_alpha_0.1,2025-02-15,0.04166843483920957
DE-LU,ridge_alpha_0.1,2025-02-16,-2.348515284976486
DE-LU,ridge_alpha_0.1,2025-02-17,30.581320039546767
DE-LU,ridge_alpha_0.1,2025-02-18,1.2289828130084857
DE-LU,ridge_alpha_0.1,2025-02-19,0.4413952356580353
DE-LU,ridge_alpha_0.1,2025-02-20,0.0
DE-LU,ridge_alpha_0.1,2025-02-21,0.9459074466105761
DE-LU,ridge_alpha_0.1,2025-02-22,0.0
DE-LU,ridge_alpha_0.1,2025-02-23,-0.1395587877448179
DE-LU,ridge_alpha_0.1,2025-02-24,0.32022791606561896
DE-LU,ridge_alpha_0.1,2025-02-25,0.0
DE-LU,ridge_alpha_0.1,2025-02-26,0.0
DE-LU,ridge_alpha_0.1,2025-02-27,0.04381496824547071
DE-LU,ridge_alpha_0.1,2025-02-28,-0.14334526648210044
DE-LU,ridge_alpha_0.1,2025-03-01,0.3970393418786955
DE-LU,ridge_alpha_0.1,2025-03-02,0.0
DE-LU,ridge_alpha_0.1,2025-03-03,0.0
DE-LU,ridge_alpha_0.1,2025-03-04,-28.34187730656589
DE-LU,ridge_alpha_0.1,2025-03-05,0.012982212813426486
DE-LU,ridge_alpha_0.1,2025-03-06,-6.091643956171936
DE-LU,ridge_alpha_0.1,2025-03-07,0.0
DE-LU,ridge_alpha_0.1,2025-03-08,26.93994744544645
DE-LU,ridge_alpha_0.1,2025-03-09,-0.006491106406713243
DE-LU,ridge_alpha_0.1,2025-03-10,-1.5114000342548763
DE-LU,ridge_alpha_0.1,2025-03-11,-1.3255921133620916
DE-LU,ridge_alpha_0.1,2025-03-12,2.493088860908273
DE-LU,ridge_alpha_0.1,2025-03-13,5.3631173504164735
DE-LU,ridge_alpha_0.1,2025-03-14,0.11197158551618713
DE-LU,ridge_alpha_0.1,2025-03-15,5.383814593123546
DE-LU,ridge_alpha_0.1,2025-03-16,0.05517440445720467
DE-LU,ridge_alpha_0.1,2025-03-17,-4.672782786256107
DE-LU,ridge_alpha_0.1,2025-03-18,29.056730381751265
DE-LU,ridge_alpha_0.1,2025-03-19,-0.29209978830306227
DE-LU,ridge_alpha_0.1,2025-03-20,40.17769317707962
DE-LU,ridge_alpha_0.1,2025-03-21,0.1968968943376126
DE-LU,ridge_alpha_0.1,2025-03-22,-0.003079002116976426
DE-LU,ridge_alpha_0.1,2025-03-23,-0.2645125860744457
DE-LU,ridge_alpha_0.1,2025-03-24,-0.004327404271151636
DE-LU,ridge_alpha_0.1,2025-03-25,0.0
DE-LU,ridge_alpha_0.1,2025-03-26,1.4424463849861695
DE-LU,ridge_alpha_0.1,2025-03-27,0.03948756397426223
DE-LU,ridge_alpha_0.1,2025-03-28,-1.4291252605495401
DE-LU,ridge_alpha_0.1,2025-03-29,0.0
DE-LU,ridge_alpha_0.1,2025-03-30,2.0954724189276135
DE-LU,ridge_alpha_0.1,2025-03-31,-9.936964030267177
DE-LU,ridge_alpha_0.1,2025-04-01,1.3463368169743717
DE-LU,ridge_alpha_0.1,2025-04-02,-2.6284414738527175
DE-LU,ridge_alpha_0.1,2025-04-03,-0.09953029823662973
DE-LU,ridge_alpha_0.1,2025-04-04,0.0
DE-LU,ridge_alpha_0.1,2025-04-05,0.0
DE-LU,ridge_alpha_0.1,2025-04-06,-1.5796654358396154
DE-LU,ridge_alpha_0.1,2025-04-07,-1.8161422974922061
DE-LU,ridge_alpha_0.1,2025-04-08,5.563672895826301
DE-LU,ridge_alpha_0.1,2025-04-09,18.952382509653717
DE-LU,ridge_alpha_0.1,2025-04-10,0.0
DE-LU,ridge_alpha_0.1,2025-04-11,0.0
DE-LU,ridge_alpha_0.1,2025-04-12,0.3386193842180205
DE-LU,ridge_alpha_0.1,2025-04-13,12.164369763411571
DE-LU,ridge_alpha_0.1,2025-04-14,-0.3006263940584972
DE-LU,ridge_alpha_0.1,2025-04-15,0.0
DE-LU,ridge_alpha_0.1,2025-04-16,0.0
DE-LU,ridge_alpha_0.1,2025-04-17,0.0
DE-LU,ridge_alpha_0.1,2025-04-18,0.0
DE-LU,ridge_alpha_0.1,2025-04-19,0.0
DE-LU,ridge_alpha_0.1,2025-04-20,-3.2704357779267355
DE-LU,ridge_alpha_0.1,2025-04-21,1.4783494841339575
DE-LU,ridge_alpha_0.1,2025-04-22,-38.20122309207784
DE-LU,ridge_alpha_0.1,2025-04-23,-1.7732771451433536
DE-LU,ridge_alpha_0.1,2025-04-24,12.50212634132781
DE-LU,ridge_alpha_0.1,2025-04-25,1.4805656414491182
DE-LU,ridge_alpha_0.1,2025-04-26,-15.111777253594937
DE-LU,ridge_alpha_0.1,2025-04-27,-0.17866770384534902
DE-LU,ridge_alpha_0.1,2025-04-28,1.0640005251707407
DE-LU,ridge_alpha_0.1,2025-04-29,0.0
DE-LU,ridge_alpha_0.1,2025-04-30,0.0
DE-LU,ridge_alpha_0.1,2025-05-01,0.0
DE-LU,ridge_alpha_0.1,2025-05-02,2.1557591886313503
DE-LU,ridge_alpha_0.1,2025-05-03,0.011403711544346606
DE-LU,ridge_alpha_0.1,2025-05-04,-22.876969776761058
DE-LU,ridge_alpha_0.1,2025-05-05,-0.8939369479600572
DE-LU,ridge_alpha_0.1,2025-05-06,-25.946488201681518
DE-LU,ridge_alpha_0.1,2025-05-07,0.0
DE-LU,ridge_alpha_0.1,2025-05-08,0.0
DE-LU,ridge_alpha_0.1,2025-05-09,21.509406698369162
DE-LU,ridge_alpha_0.1,2025-05-10,-0.1146762131855894
DE-LU,ridge_alpha_0.1,2025-05-11,0.0
DE-LU,ridge_alpha_0.1,2025-05-12,-1.8064208204410193
DE-LU,ridge_alpha_0.1,2025-05-13,-19.33384898734431
DE-LU,ridge_alpha_0.1,2025-05-14,-0.8431717805796097
DE-LU,ridge_alpha_0.1,2025-05-15,0.12170824512628542
DE-LU,ridge_alpha_0.1,2025-05-16,0.0
DE-LU,ridge_alpha_0.1,2025-05-17,-1.1460262032402397
DE-LU,ridge_alpha_0.1,2025-05-18,0.5664893818338328
DE-LU,ridge_alpha_0.1,2025-05-19,-19.255686128739114
DE-LU,ridge_alpha_0.1,2025-05-20,-7.118967087016813
DE-LU,ridge_alpha_0.1,2025-05-21,2.837722339831629
DE-LU,ridge_alpha_0.1,2025-05-22,-4.77833725494591
DE-LU,ridge_alpha_0.1,2025-05-23,-22.593835356989246
DE-LU,ridge_alpha_0.1,2025-05-24,-22.640984429103156
DE-LU,ridge_alpha_0.1,2025-05-25,-0.5084700018609425
DE-LU,ridge_alpha_0.1,2025-05-26,-46.682262591133906
DE-LU,ridge_alpha_0.1,2025-05-27,5.6758223532078205
DE-LU,ridge_alpha_0.1,2025-05-28,0.0
DE-LU,ridge_alpha_0.1,2025-05-29,18.89357617748898
DE-LU,ridge_alpha_0.1,2025-05-30,1.3527713154284697
DE-LU,ridge_alpha_0.1,2025-05-31,0.0
DE-LU,ridge_alpha_0.1,2025-06-01,0.0
DE-LU,ridge_alpha_0.1,2025-06-02,-33.18088742997179
DE-LU,ridge_alpha_0.1,2025-06-03,-3.1186372271789082
DE-LU,ridge_alpha_0.1,2025-06-04,-27.198374034862127
DE-LU,ridge_alpha_0.1,2025-06-05,-6.942974152631592
DE-LU,ridge_alpha_0.1,2025-06-06,1.7160305131907876
DE-LU,ridge_alpha_0.1,2025-06-07,0.036948025403631846
DE-LU,ridge_alpha_0.1,2025-06-08,52.89665001093326
DE-LU,ridge_alpha_0.1,2025-06-09,-32.71111292792929
DE-LU,ridge_alpha_0.1,2025-06-10,12.16291025804918
DE-LU,ridge_alpha_0.1,2025-06-11,0.4791481596465701
DE-LU,ridge_alpha_0.1,2025-06-12,0.46952336342053513
DE-LU,ridge_alpha_0.1,2025-06-13,-0.5702201316317144
DE-LU,ridge_alpha_0.1,2025-06-14,-1.5205708973209937
DE-LU,ridge_alpha_0.1,2025-06-15,-2.1345146746357955
DE-LU,ridge_alpha_0.1,2025-06-16,0.0
DE-LU,ridge_alpha_0.1,2025-06-17,0.0
DE-LU,ridge_alpha_0.1,2025-06-18,0.8507676797094632
DE-LU,ridge_alpha_0.1,2025-06-19,0.0
DE-LU,ridge_alpha_0.1,2025-06-20,-10.824476430756363
DE-LU,ridge_alpha_0.1,2025-06-21,0.0
DE-LU,ridge_alpha_0.1,2025-06-22,-1.070466402666284
DE-LU,ridge_alpha_0.1,2025-06-23,0.0
DE-LU,ridge_alpha_0.1,2025-06-24,0.0
DE-LU,ridge_alpha_0.1,2025-06-25,0.0
DE-LU,ridge_alpha_0.1,2025-06-26,0.0
DE-LU,ridge_alpha_0.1,2025-06-27,0.0
DE-LU,ridge_alpha_0.1,2025-06-28,19.638826120713418
DE-LU,ridge_alpha_0.1,2025-06-29,0.0
DE-LU,ridge_alpha_0.1,2025-06-30,105.7602968322355
DE-LU,ridge_alpha_0.1,2025-07-01,252.55129575644986
DE-LU,ridge_alpha_0.1,2025-07-02,13.660633144330632
DE-LU,ridge_alpha_0.1,2025-07-03,-21.054799436889965
DE-LU,ridge_alpha_0.1,2025-07-04,-10.786529098834365
DE-LU,ridge_alpha_0.1,2025-07-05,-10.732478529463378
DE-LU,ridge_alpha_0.1,2025-07-06,0.0
DE-LU,ridge_alpha_0.1,2025-07-07,-14.571775458055875
DE-LU,ridge_alpha_0.1,2025-07-08,-3.946522519890152
DE-LU,ridge_alpha_0.1,2025-07-09,1.8770116026142318
DE-LU,ridge_alpha_0.1,2025-07-10,-0.944952974049329
DE-LU,ridge_alpha_0.1,2025-07-11,3.6207684664775712
DE-LU,ridge_alpha_0.1,2025-07-12,0.0
DE-LU,ridge_alpha_0.1,2025-07-13,-0.5405359272012333
DE-LU,ridge_alpha_0.1,2025-07-14,0.23666129321212281
DE-LU,ridge_alpha_0.1,2025-07-15,-6.934874908749265
DE-LU,ridge_alpha_0.1,2025-07-16,-5.829353176615115
DE-LU,ridge_alpha_0.1,2025-07-17,-9.738618633974212
DE-LU,ridge_alpha_0.1,2025-07-18,0.0
DE-LU,ridge_alpha_0.1,2025-07-19,0.0
DE-LU,ridge_alpha_0.1,2025-07-20,-0.6010326169438827
DE-LU,ridge_alpha_0.1,2025-07-21,-37.45401660703429
DE-LU,ridge_alpha_0.1,2025-07-22,-5.208198976411126
DE-LU,ridge_alpha_0.1,2025-07-23,0.0
DE-LU,ridge_alpha_0.1,2025-07-24,4.90469265092117
DE-LU,ridge_alpha_0.1,2025-07-25,-0.4132671078954786
DE-LU,ridge_alpha_0.1,2025-07-26,-4.498379884788179
DE-LU,ridge_alpha_0.1,2025-07-27,-3.097339607080471
DE-LU,ridge_alpha_0.1,2025-07-28,-1.0357441946212589
DE-LU,ridge_alpha_0.1,2025-07-29,0.0
DE-LU,ridge_alpha_0.1,2025-07-30,0.06640783086353963
DE-LU,ridge_alpha_0.1,2025-07-31,0.0
DE-LU,ridge_alpha_0.1,2025-08-01,1.6317352726468926
DE-LU,ridge_alpha_0.1,2025-08-02,0.0
DE-LU,ridge_alpha_0.1,2025-08-03,0.0
DE-LU,ridge_alpha_0.1,2025-08-04,-16.963953049073695
DE-LU,ridge_alpha_0.1,2025-08-05,0.0
DE-LU,ridge_alpha_0.1,2025-08-06,0.0
DE-LU,ridge_alpha_0.1,2025-08-07,-1.8271454566861962
DE-LU,ridge_alpha_0.1,2025-08-08,-0.5820641845343744
DE-LU,ridge_alpha_0.1,2025-08-09,23.84287192899967
DE-LU,ridge_alpha_0.1,2025-08-10,19.019148070418225
DE-LU,ridge_alpha_0.1,2025-08-11,-27.013925290559257
DE-LU,ridge_alpha_0.1,2025-08-12,-0.14085758997117637
DE-LU,ridge_alpha_0.1,2025-08-13,0.0
DE-LU,ridge_alpha_0.1,2025-08-14,-1.626392930140014
DE-LU,ridge_alpha_0.1,2025-08-15,2.5844157967709407
DE-LU,ridge_alpha_0.1,2025-08-16,0.0
DE-LU,ridge_alpha_0.1,2025-08-17,0.0
DE-LU,ridge_alpha_0.1,2025-08-18,0.0
DE-LU,ridge_alpha_0.1,2025-08-19,0.0
DE-LU,ridge_alpha_0.1,2025-08-20,1.4610909393239808
DE-LU,ridge_alpha_0.1,2025-08-21,0.0
DE-LU,ridge_alpha_0.1,2025-08-22,0.0
DE-LU,ridge_alpha_0.1,2025-08-23,-1.9549764358291952
DE-LU,ridge_alpha_0.1,2025-08-24,-0.7486409389101141
DE-LU,ridge_alpha_0.1,2025-08-25,-11.403202106209449
DE-LU,ridge_alpha_0.1,2025-08-26,2.75933217040199
DE-LU,ridge_alpha_0.1,2025-08-27,0.0
DE-LU,ridge_alpha_0.1,2025-08-28,-22.922737246642527
DE-LU,ridge_alpha_0.1,2025-08-29,0.0
DE-LU,ridge_alpha_0.1,2025-08-30,-5.126495492369543
DE-LU,ridge_alpha_0.1,2025-08-31,0.0
DE-LU,ridge_alpha_0.1,2025-09-01,-23.364087496265483
DE-LU,ridge_alpha_0.1,2025-09-02,-24.298482133757602
DE-LU,ridge_alpha_0.1,2025-09-03,0.0
DE-LU,ridge_alpha_0.1,2025-09-04,-2.274591870026711
DE-LU,ridge_alpha_0.1,2025-09-05,-0.3783629786442191
DE-LU,ridge_alpha_0.1,2025-09-06,-0.14875452182101867
DE-LU,ridge_alpha_0.1,2025-09-07,8.891394485414196
DE-LU,ridge_alpha_0.1,2025-09-08,0.0
DE-LU,ridge_alpha_0.1,2025-09-09,-10.581383760878907
DE-LU,ridge_alpha_0.1,2025-09-10,0.0
DE-LU,ridge_alpha_0.1,2025-09-11,0.6331885741869883
DE-LU,ridge_alpha_0.1,2025-09-12,0.963160084678691
DE-LU,ridge_alpha_0.1,2025-09-13,2.516113807984027
DE-LU,ridge_alpha_0.1,2025-09-14,0.0
DE-LU,ridge_alpha_0.1,2025-09-15,-17.988800930302318
DE-LU,ridge_alpha_0.1,2025-09-16,0.0
DE-LU,ridge_alpha_0.1,2025-09-17,-0.4900785337085267
DE-LU,ridge_alpha_0.1,2025-09-18,-0.7003561188524827
DE-LU,ridge_alpha_0.1,2025-09-19,-0.882896744288928
DE-LU,ridge_alpha_0.1,2025-09-20,0.7120924783650651
DE-LU,ridge_alpha_0.1,2025-09-21,-4.477248627227368
DE-LU,ridge_alpha_0.1,2025-09-22,-13.547030945074937
DE-LU,ridge_alpha_0.1,2025-09-23,-36.603583454960926
DE-LU,ridge_alpha_0.1,2025-09-24,0.0
DE-LU,ridge_alpha_0.1,2025-09-25,0.0
DE-LU,ridge_alpha_0.1,2025-09-26,-0.09520289396544968
DE-LU,ridge_alpha_0.1,2025-09-27,-0.1395587877448179
DE-LU,ridge_alpha_0.1,2025-09-28,-0.18661930919364522
DE-LU,ridge_alpha_0.1,2025-09-29,-0.023259797957507544
DE-LU,ridge_alpha_0.1,2025-09-30,0.0
DE-LU,seven_day_same_hour,2025-01-09,0.0
DE-LU,seven_day_same_hour,2025-01-10,0.0
DE-LU,seven_day_same_hour,2025-01-11,0.0
DE-LU,seven_day_same_hour,2025-01-12,0.0
DE-LU,seven_day_same_hour,2025-01-13,0.0
DE-LU,seven_day_same_hour,2025-01-14,0.0
DE-LU,seven_day_same_hour,2025-01-15,0.0
DE-LU,seven_day_same_hour,2025-01-16,0.0
DE-LU,seven_day_same_hour,2025-01-17,0.0
DE-LU,seven_day_same_hour,2025-01-18,0.0
DE-LU,seven_day_same_hour,2025-01-19,0.0
DE-LU,seven_day_same_hour,2025-01-20,0.0
DE-LU,seven_day_same_hour,2025-01-21,0.0
DE-LU,seven_day_same_hour,2025-01-22,0.0
DE-LU,seven_day_same_hour,2025-01-23,0.0
DE-LU,seven_day_same_hour,2025-01-24,0.0
DE-LU,seven_day_same_hour,2025-01-25,0.0
DE-LU,seven_day_same_hour,2025-01-26,0.0
DE-LU,seven_day_same_hour,2025-01-27,0.0
DE-LU,seven_day_same_hour,2025-01-28,0.0
DE-LU,seven_day_same_hour,2025-01-29,0.0
DE-LU,seven_day_same_hour,2025-01-30,0.0
DE-LU,seven_day_same_hour,2025-01-31,0.0
DE-LU,seven_day_same_hour,2025-02-01,0.0
DE-LU,seven_day_same_hour,2025-02-02,0.0
DE-LU,seven_day_same_hour,2025-02-03,0.0
DE-LU,seven_day_same_hour,2025-02-04,0.0
DE-LU,seven_day_same_hour,2025-02-05,0.0
DE-LU,seven_day_same_hour,2025-02-06,0.0
DE-LU,seven_day_same_hour,2025-02-07,0.0
DE-LU,seven_day_same_hour,2025-02-08,0.0
DE-LU,seven_day_same_hour,2025-02-09,0.0
DE-LU,seven_day_same_hour,2025-02-10,0.0
DE-LU,seven_day_same_hour,2025-02-11,0.0
DE-LU,seven_day_same_hour,2025-02-12,0.0
DE-LU,seven_day_same_hour,2025-02-13,0.0
DE-LU,seven_day_same_hour,2025-02-14,0.0
DE-LU,seven_day_same_hour,2025-02-15,0.0
DE-LU,seven_day_same_hour,2025-02-16,0.0
DE-LU,seven_day_same_hour,2025-02-17,0.0
DE-LU,seven_day_same_hour,2025-02-18,0.0
DE-LU,seven_day_same_hour,2025-02-19,0.0
DE-LU,seven_day_same_hour,2025-02-20,0.0
DE-LU,seven_day_same_hour,2025-02-21,0.0
DE-LU,seven_day_same_hour,2025-02-22,0.0
DE-LU,seven_day_same_hour,2025-02-23,0.0
DE-LU,seven_day_same_hour,2025-02-24,0.0
DE-LU,seven_day_same_hour,2025-02-25,0.0
DE-LU,seven_day_same_hour,2025-02-26,0.0
DE-LU,seven_day_same_hour,2025-02-27,0.0
DE-LU,seven_day_same_hour,2025-02-28,0.0
DE-LU,seven_day_same_hour,2025-03-01,0.0
DE-LU,seven_day_same_hour,2025-03-02,0.0
DE-LU,seven_day_same_hour,2025-03-03,0.0
DE-LU,seven_day_same_hour,2025-03-04,0.0
DE-LU,seven_day_same_hour,2025-03-05,0.0
DE-LU,seven_day_same_hour,2025-03-06,0.0
DE-LU,seven_day_same_hour,2025-03-07,0.0
DE-LU,seven_day_same_hour,2025-03-08,0.0
DE-LU,seven_day_same_hour,2025-03-09,0.0
DE-LU,seven_day_same_hour,2025-03-10,0.0
DE-LU,seven_day_same_hour,2025-03-11,0.0
DE-LU,seven_day_same_hour,2025-03-12,0.0
DE-LU,seven_day_same_hour,2025-03-13,0.0
DE-LU,seven_day_same_hour,2025-03-14,0.0
DE-LU,seven_day_same_hour,2025-03-15,0.0
DE-LU,seven_day_same_hour,2025-03-16,0.0
DE-LU,seven_day_same_hour,2025-03-17,0.0
DE-LU,seven_day_same_hour,2025-03-18,0.0
DE-LU,seven_day_same_hour,2025-03-19,0.0
DE-LU,seven_day_same_hour,2025-03-20,0.0
DE-LU,seven_day_same_hour,2025-03-21,0.0
DE-LU,seven_day_same_hour,2025-03-22,0.0
DE-LU,seven_day_same_hour,2025-03-23,0.0
DE-LU,seven_day_same_hour,2025-03-24,0.0
DE-LU,seven_day_same_hour,2025-03-25,0.0
DE-LU,seven_day_same_hour,2025-03-26,0.0
DE-LU,seven_day_same_hour,2025-03-27,0.0
DE-LU,seven_day_same_hour,2025-03-28,0.0
DE-LU,seven_day_same_hour,2025-03-29,0.0
DE-LU,seven_day_same_hour,2025-03-30,0.0
DE-LU,seven_day_same_hour,2025-03-31,0.0
DE-LU,seven_day_same_hour,2025-04-01,0.0
DE-LU,seven_day_same_hour,2025-04-02,0.0
DE-LU,seven_day_same_hour,2025-04-03,0.0
DE-LU,seven_day_same_hour,2025-04-04,0.0
DE-LU,seven_day_same_hour,2025-04-05,0.0
DE-LU,seven_day_same_hour,2025-04-06,0.0
DE-LU,seven_day_same_hour,2025-04-07,0.0
DE-LU,seven_day_same_hour,2025-04-08,0.0
DE-LU,seven_day_same_hour,2025-04-09,0.0
DE-LU,seven_day_same_hour,2025-04-10,0.0
DE-LU,seven_day_same_hour,2025-04-11,0.0
DE-LU,seven_day_same_hour,2025-04-12,0.0
DE-LU,seven_day_same_hour,2025-04-13,0.0
DE-LU,seven_day_same_hour,2025-04-14,0.0
DE-LU,seven_day_same_hour,2025-04-15,0.0
DE-LU,seven_day_same_hour,2025-04-16,0.0
DE-LU,seven_day_same_hour,2025-04-17,0.0
DE-LU,seven_day_same_hour,2025-04-18,0.0
DE-LU,seven_day_same_hour,2025-04-19,0.0
DE-LU,seven_day_same_hour,2025-04-20,0.0
DE-LU,seven_day_same_hour,2025-04-21,0.0
DE-LU,seven_day_same_hour,2025-04-22,0.0
DE-LU,seven_day_same_hour,2025-04-23,0.0
DE-LU,seven_day_same_hour,2025-04-24,0.0
DE-LU,seven_day_same_hour,2025-04-25,0.0
DE-LU,seven_day_same_hour,2025-04-26,0.0
DE-LU,seven_day_same_hour,2025-04-27,0.0
DE-LU,seven_day_same_hour,2025-04-28,0.0
DE-LU,seven_day_same_hour,2025-04-29,0.0
DE-LU,seven_day_same_hour,2025-04-30,0.0
DE-LU,seven_day_same_hour,2025-05-01,0.0
DE-LU,seven_day_same_hour,2025-05-02,0.0
DE-LU,seven_day_same_hour,2025-05-03,0.0
DE-LU,seven_day_same_hour,2025-05-04,0.0
DE-LU,seven_day_same_hour,2025-05-05,0.0
DE-LU,seven_day_same_hour,2025-05-06,0.0
DE-LU,seven_day_same_hour,2025-05-07,0.0
DE-LU,seven_day_same_hour,2025-05-08,0.0
DE-LU,seven_day_same_hour,2025-05-09,0.0
DE-LU,seven_day_same_hour,2025-05-10,0.0
DE-LU,seven_day_same_hour,2025-05-11,0.0
DE-LU,seven_day_same_hour,2025-05-12,0.0
DE-LU,seven_day_same_hour,2025-05-13,0.0
DE-LU,seven_day_same_hour,2025-05-14,0.0
DE-LU,seven_day_same_hour,2025-05-15,0.0
DE-LU,seven_day_same_hour,2025-05-16,0.0
DE-LU,seven_day_same_hour,2025-05-17,0.0
DE-LU,seven_day_same_hour,2025-05-18,0.0
DE-LU,seven_day_same_hour,2025-05-19,0.0
DE-LU,seven_day_same_hour,2025-05-20,0.0
DE-LU,seven_day_same_hour,2025-05-21,0.0
DE-LU,seven_day_same_hour,2025-05-22,0.0
DE-LU,seven_day_same_hour,2025-05-23,0.0
DE-LU,seven_day_same_hour,2025-05-24,0.0
DE-LU,seven_day_same_hour,2025-05-25,0.0
DE-LU,seven_day_same_hour,2025-05-26,0.0
DE-LU,seven_day_same_hour,2025-05-27,0.0
DE-LU,seven_day_same_hour,2025-05-28,0.0
DE-LU,seven_day_same_hour,2025-05-29,0.0
DE-LU,seven_day_same_hour,2025-05-30,0.0
DE-LU,seven_day_same_hour,2025-05-31,0.0
DE-LU,seven_day_same_hour,2025-06-01,0.0
DE-LU,seven_day_same_hour,2025-06-02,0.0
DE-LU,seven_day_same_hour,2025-06-03,0.0
DE-LU,seven_day_same_hour,2025-06-04,0.0
DE-LU,seven_day_same_hour,2025-06-05,0.0
DE-LU,seven_day_same_hour,2025-06-06,0.0
DE-LU,seven_day_same_hour,2025-06-07,0.0
DE-LU,seven_day_same_hour,2025-06-08,0.0
DE-LU,seven_day_same_hour,2025-06-09,0.0
DE-LU,seven_day_same_hour,2025-06-10,0.0
DE-LU,seven_day_same_hour,2025-06-11,0.0
DE-LU,seven_day_same_hour,2025-06-12,0.0
DE-LU,seven_day_same_hour,2025-06-13,0.0
DE-LU,seven_day_same_hour,2025-06-14,0.0
DE-LU,seven_day_same_hour,2025-06-15,0.0
DE-LU,seven_day_same_hour,2025-06-16,0.0
DE-LU,seven_day_same_hour,2025-06-17,0.0
DE-LU,seven_day_same_hour,2025-06-18,0.0
DE-LU,seven_day_same_hour,2025-06-19,0.0
DE-LU,seven_day_same_hour,2025-06-20,0.0
DE-LU,seven_day_same_hour,2025-06-21,0.0
DE-LU,seven_day_same_hour,2025-06-22,0.0
DE-LU,seven_day_same_hour,2025-06-23,0.0
DE-LU,seven_day_same_hour,2025-06-24,0.0
DE-LU,seven_day_same_hour,2025-06-25,0.0
DE-LU,seven_day_same_hour,2025-06-26,0.0
DE-LU,seven_day_same_hour,2025-06-27,0.0
DE-LU,seven_day_same_hour,2025-06-28,0.0
DE-LU,seven_day_same_hour,2025-06-29,0.0
DE-LU,seven_day_same_hour,2025-06-30,0.0
DE-LU,seven_day_same_hour,2025-07-01,0.0
DE-LU,seven_day_same_hour,2025-07-02,0.0
DE-LU,seven_day_same_hour,2025-07-03,0.0
DE-LU,seven_day_same_hour,2025-07-04,0.0
DE-LU,seven_day_same_hour,2025-07-05,0.0
DE-LU,seven_day_same_hour,2025-07-06,0.0
DE-LU,seven_day_same_hour,2025-07-07,0.0
DE-LU,seven_day_same_hour,2025-07-08,0.0
DE-LU,seven_day_same_hour,2025-07-09,0.0
DE-LU,seven_day_same_hour,2025-07-10,0.0
DE-LU,seven_day_same_hour,2025-07-11,0.0
DE-LU,seven_day_same_hour,2025-07-12,0.0
DE-LU,seven_day_same_hour,2025-07-13,0.0
DE-LU,seven_day_same_hour,2025-07-14,0.0
DE-LU,seven_day_same_hour,2025-07-15,0.0
DE-LU,seven_day_same_hour,2025-07-16,0.0
DE-LU,seven_day_same_hour,2025-07-17,0.0
DE-LU,seven_day_same_hour,2025-07-18,0.0
DE-LU,seven_day_same_hour,2025-07-19,0.0
DE-LU,seven_day_same_hour,2025-07-20,0.0
DE-LU,seven_day_same_hour,2025-07-21,0.0
DE-LU,seven_day_same_hour,2025-07-22,0.0
DE-LU,seven_day_same_hour,2025-07-23,0.0
DE-LU,seven_day_same_hour,2025-07-24,0.0
DE-LU,seven_day_same_hour,2025-07-25,0.0
DE-LU,seven_day_same_hour,2025-07-26,0.0
DE-LU,seven_day_same_hour,2025-07-27,0.0
DE-LU,seven_day_same_hour,2025-07-28,0.0
DE-LU,seven_day_same_hour,2025-07-29,0.0
DE-LU,seven_day_same_hour,2025-07-30,0.0
DE-LU,seven_day_same_hour,2025-07-31,0.0
DE-LU,seven_day_same_hour,2025-08-01,0.0
DE-LU,seven_day_same_hour,2025-08-02,0.0
DE-LU,seven_day_same_hour,2025-08-03,0.0
DE-LU,seven_day_same_hour,2025-08-04,0.0
DE-LU,seven_day_same_hour,2025-08-05,0.0
DE-LU,seven_day_same_hour,2025-08-06,0.0
DE-LU,seven_day_same_hour,2025-08-07,0.0
DE-LU,seven_day_same_hour,2025-08-08,0.0
DE-LU,seven_day_same_hour,2025-08-09,0.0
DE-LU,seven_day_same_hour,2025-08-10,0.0
DE-LU,seven_day_same_hour,2025-08-11,0.0
DE-LU,seven_day_same_hour,2025-08-12,0.0
DE-LU,seven_day_same_hour,2025-08-13,0.0
DE-LU,seven_day_same_hour,2025-08-14,0.0
DE-LU,seven_day_same_hour,2025-08-15,0.0
DE-LU,seven_day_same_hour,2025-08-16,0.0
DE-LU,seven_day_same_hour,2025-08-17,0.0
DE-LU,seven_day_same_hour,2025-08-18,0.0
DE-LU,seven_day_same_hour,2025-08-19,0.0
DE-LU,seven_day_same_hour,2025-08-20,0.0
DE-LU,seven_day_same_hour,2025-08-21,0.0
DE-LU,seven_day_same_hour,2025-08-22,0.0
DE-LU,seven_day_same_hour,2025-08-23,0.0
DE-LU,seven_day_same_hour,2025-08-24,0.0
DE-LU,seven_day_same_hour,2025-08-25,0.0
DE-LU,seven_day_same_hour,2025-08-26,0.0
DE-LU,seven_day_same_hour,2025-08-27,0.0
DE-LU,seven_day_same_hour,2025-08-28,0.0
DE-LU,seven_day_same_hour,2025-08-29,0.0
DE-LU,seven_day_same_hour,2025-08-30,0.0
DE-LU,seven_day_same_hour,2025-08-31,0.0
DE-LU,seven_day_same_hour,2025-09-01,0.0
DE-LU,seven_day_same_hour,2025-09-02,0.0
DE-LU,seven_day_same_hour,2025-09-03,0.0
DE-LU,seven_day_same_hour,2025-09-04,0.0
DE-LU,seven_day_same_hour,2025-09-05,0.0
DE-LU,seven_day_same_hour,2025-09-06,0.0
DE-LU,seven_day_same_hour,2025-09-07,0.0
DE-LU,seven_day_same_hour,2025-09-08,0.0
DE-LU,seven_day_same_hour,2025-09-09,0.0
DE-LU,seven_day_same_hour,2025-09-10,0.0
DE-LU,seven_day_same_hour,2025-09-11,0.0
DE-LU,seven_day_same_hour,2025-09-12,0.0
DE-LU,seven_day_same_hour,2025-09-13,0.0
DE-LU,seven_day_same_hour,2025-09-14,0.0
DE-LU,seven_day_same_hour,2025-09-15,0.0
DE-LU,seven_day_same_hour,2025-09-16,0.0
DE-LU,seven_day_same_hour,2025-09-17,0.0
DE-LU,seven_day_same_hour,2025-09-18,0.0
DE-LU,seven_day_same_hour,2025-09-19,0.0
DE-LU,seven_day_same_hour,2025-09-20,0.0
DE-LU,seven_day_same_hour,2025-09-21,0.0
DE-LU,seven_day_same_hour,2025-09-22,0.0
DE-LU,seven_day_same_hour,2025-09-23,0.0
DE-LU,seven_day_same_hour,2025-09-24,0.0
DE-LU,seven_day_same_hour,2025-09-25,0.0
DE-LU,seven_day_same_hour,2025-09-26,0.0
DE-LU,seven_day_same_hour,2025-09-27,0.0
DE-LU,seven_day_same_hour,2025-09-28,0.0
DE-LU,seven_day_same_hour,2025-09-29,0.0
DE-LU,seven_day_same_hour,2025-09-30,0.0
FR,latest_same_hour,2025-01-09,-15.271555077001409
FR,latest_same_hour,2025-01-10,8.447908252628679
FR,latest_same_hour,2025-01-11,-1.8809999999999718
FR,latest_same_hour,2025-01-12,-27.468633741508597
FR,latest_same_hour,2025-01-13,-61.731834511429696
FR,latest_same_hour,2025-01-14,-57.154204994648126
FR,latest_same_hour,2025-01-15,-21.665593296477937
FR,latest_same_hour,2025-01-16,-36.6140310961116
FR,latest_same_hour,2025-01-17,-13.967835922742552
FR,latest_same_hour,2025-01-18,-0.7179926150376446
FR,latest_same_hour,2025-01-19,-5.261707870004386
FR,latest_same_hour,2025-01-20,-27.745728968623098
FR,latest_same_hour,2025-01-21,-134.0889171005665
FR,latest_same_hour,2025-01-22,12.027660263108714
FR,latest_same_hour,2025-01-23,0.38354431791753996
FR,latest_same_hour,2025-01-24,-9.894267501279543
FR,latest_same_hour,2025-01-25,-10.808932253729722
FR,latest_same_hour,2025-01-26,102.930018255595
FR,latest_same_hour,2025-01-27,0.46112518552513393
FR,latest_same_hour,2025-01-28,-128.40220303277385
FR,latest_same_hour,2025-01-29,15.45515209952137
FR,latest_same_hour,2025-01-30,-62.4880055680907
FR,latest_same_hour,2025-01-31,-102.57604254768924
FR,latest_same_hour,2025-02-01,-29.49977702753384
FR,latest_same_hour,2025-02-02,19.382078608732968
FR,latest_same_hour,2025-02-03,22.056677074978325
FR,latest_same_hour,2025-02-04,-73.86601681384528
FR,latest_same_hour,2025-02-05,11.171474519610399
FR,latest_same_hour,2025-02-06,-11.710216595286795
FR,latest_same_hour,2025-02-07,0.04033126506328699
FR,latest_same_hour,2025-02-08,-9.730230128296967
FR,latest_same_hour,2025-02-09,-10.618802878960537
FR,latest_same_hour,2025-02-10,-51.92585520942884
FR,latest_same_hour,2025-02-11,-8.501298277055753
FR,latest_same_hour,2025-02-12,-16.835795999918844
FR,latest_same_hour,2025-02-13,3.7123446480247253
FR,latest_same_hour,2025-02-14,-21.30578726550533
FR,latest_same_hour,2025-02-15,5.395635059534925
FR,latest_same_hour,2025-02-16,7.89055670730005
FR,latest_same_hour,2025-02-17,-32.8047948553031
FR,latest_same_hour,2025-02-18,-112.19010933685115
FR,latest_same_hour,2025-02-19,5.771998651536876
FR,latest_same_hour,2025-02-20,-2.714684234867434
FR,latest_same_hour,2025-02-21,-0.2248613949890057
FR,latest_same_hour,2025-02-22,2.1137539783881607
FR,latest_same_hour,2025-02-23,-30.11451181658063
FR,latest_same_hour,2025-02-24,-20.870088530373735
FR,latest_same_hour,2025-02-25,-67.29773186200111
FR,latest_same_hour,2025-02-26,-87.01776230620146
FR,latest_same_hour,2025-02-27,-7.253736997219903
FR,latest_same_hour,2025-02-28,2.2864931097980303
FR,latest_same_hour,2025-03-01,1.447238393314123
FR,latest_same_hour,2025-03-02,30.985045826548458
FR,latest_same_hour,2025-03-03,0.3396270490400468
FR,latest_same_hour,2025-03-04,-59.14615986059343
FR,latest_same_hour,2025-03-05,-28.99461581748949
FR,latest_same_hour,2025-03-06,6.442080504633765
FR,latest_same_hour,2025-03-07,6.951741970215039
FR,latest_same_hour,2025-03-08,1.1939742093938435
FR,latest_same_hour,2025-03-09,-45.37513358232883
FR,latest_same_hour,2025-03-10,-87.09752248945324
FR,latest_same_hour,2025-03-11,-31.87428118433857
FR,latest_same_hour,2025-03-12,10.45299143389758
FR,latest_same_hour,2025-03-13,6.724285906923342
FR,latest_same_hour,2025-03-14,-27.046468784196463
FR,latest_same_hour,2025-03-15,-17.121492755955302
FR,latest_same_hour,2025-03-16,-35.302247408575056
FR,latest_same_hour,2025-03-17,-89.35702225014944
FR,latest_same_hour,2025-03-18,-53.71214657190632
FR,latest_same_hour,2025-03-19,5.909928776229435
FR,latest_same_hour,2025-03-20,-16.922637078117987
FR,latest_same_hour,2025-03-21,-15.11504365281705
FR,latest_same_hour,2025-03-22,0.6088595578794411
FR,latest_same_hour,2025-03-23,-31.860410469933
FR,latest_same_hour,2025-03-24,-96.03567229760705
FR,latest_same_hour,2025-03-25,-95.97954377245561
FR,latest_same_hour,2025-03-26,10.100583659796158
FR,latest_same_hour,2025-03-27,-30.774584560088783
FR,latest_same_hour,2025-03-28,-44.38015155608848
FR,latest_same_hour,2025-03-29,-22.749069143325656
FR,latest_same_hour,2025-03-30,-3.570355743730591
FR,latest_same_hour,2025-03-31,-121.19669975701169
FR,latest_same_hour,2025-04-01,-170.0925920037891
FR,latest_same_hour,2025-04-02,24.707425729598782
FR,latest_same_hour,2025-04-03,-41.55996251546878
FR,latest_same_hour,2025-04-04,-18.06653246785629
FR,latest_same_hour,2025-04-05,-50.03919065666096
FR,latest_same_hour,2025-04-06,-35.07601927357706
FR,latest_same_hour,2025-04-07,-87.24769990804839
FR,latest_same_hour,2025-04-08,-121.45743526997691
FR,latest_same_hour,2025-04-09,0.5432524160120522
FR,latest_same_hour,2025-04-10,-0.5509325437350725
FR,latest_same_hour,2025-04-11,-3.7409552218172166
FR,latest_same_hour,2025-04-12,11.887409705485254
FR,latest_same_hour,2025-04-13,-31.421303714347694
FR,latest_same_hour,2025-04-14,-66.91827535563824
FR,latest_same_hour,2025-04-15,-38.267249790105254
FR,latest_same_hour,2025-04-16,-68.70731061565645
FR,latest_same_hour,2025-04-17,-31.56553788798081
FR,latest_same_hour,2025-04-18,-30.573885380898247
FR,latest_same_hour,2025-04-19,18.03508093350088
FR,latest_same_hour,2025-04-20,-78.40562914873493
FR,latest_same_hour,2025-04-21,-135.18247326443367
FR,latest_same_hour,2025-04-22,-112.01527275199837
FR,latest_same_hour,2025-04-23,-13.381798474735604
FR,latest_same_hour,2025-04-24,-9.152405788918742
FR,latest_same_hour,2025-04-25,-37.81491119585394
FR,latest_same_hour,2025-04-26,-0.5620577444519768
FR,latest_same_hour,2025-04-27,-13.209605611930613
FR,latest_same_hour,2025-04-28,-77.46241491062887
FR,latest_same_hour,2025-04-29,-48.03126572800748
FR,latest_same_hour,2025-04-30,-107.62905718582738
FR,latest_same_hour,2025-05-01,48.11870013015792
FR,latest_same_hour,2025-05-02,0.6037541466991172
FR,latest_same_hour,2025-05-03,22.38743418415256
FR,latest_same_hour,2025-05-04,23.63389758474883
FR,latest_same_hour,2025-05-05,-19.221031620294372
FR,latest_same_hour,2025-05-06,-38.11667739432576
FR,latest_same_hour,2025-05-07,-70.92775235011877
FR,latest_same_hour,2025-05-08,-2.474390729042092
FR,latest_same_hour,2025-05-09,8.71425897773537
FR,latest_same_hour,2025-05-10,-143.32997914279431
FR,latest_same_hour,2025-05-11,13.517780510133775
FR,latest_same_hour,2025-05-12,-7.784715766974813
FR,latest_same_hour,2025-05-13,-72.87064269392002
FR,latest_same_hour,2025-05-14,-6.823966187712074
FR,latest_same_hour,2025-05-15,-12.426540063741356
FR,latest_same_hour,2025-05-16,1.5980022122314281
FR,latest_same_hour,2025-05-17,-4.862814512011774
FR,latest_same_hour,2025-05-18,-15.16069291350648
FR,latest_same_hour,2025-05-19,-14.39920429612042
FR,latest_same_hour,2025-05-20,-65.71806567591763
FR,latest_same_hour,2025-05-21,4.213776977846976
FR,latest_same_hour,2025-05-22,-33.59953547195539
FR,latest_same_hour,2025-05-23,-100.02160364095197
FR,latest_same_hour,2025-05-24,-31.647922536924145
FR,latest_same_hour,2025-05-25,-22.339949916258373
FR,latest_same_hour,2025-05-26,-10.694739040152463
FR,latest_same_hour,2025-05-27,-3.4342931418369176
FR,latest_same_hour,2025-05-28,-15.999643849722702
FR,latest_same_hour,2025-05-29,-45.91466706816728
FR,latest_same_hour,2025-05-30,-4.408718722374772
FR,latest_same_hour,2025-05-31,-19.43572541385558
FR,latest_same_hour,2025-06-01,-34.52022037798403
FR,latest_same_hour,2025-06-02,-23.09589092979239
FR,latest_same_hour,2025-06-03,4.258891615157481
FR,latest_same_hour,2025-06-04,-42.54335756356579
FR,latest_same_hour,2025-06-05,-0.29871032557110944
FR,latest_same_hour,2025-06-06,-86.44947266122168
FR,latest_same_hour,2025-06-07,-59.36561830239844
FR,latest_same_hour,2025-06-08,-1.046203146405162
FR,latest_same_hour,2025-06-09,12.692991588992399
FR,latest_same_hour,2025-06-10,-4.25
FR,latest_same_hour,2025-06-11,1.6627180623471247
FR,latest_same_hour,2025-06-12,33.86566787314416
FR,latest_same_hour,2025-06-13,-3.822072760782504
FR,latest_same_hour,2025-06-14,-84.56294346701821
FR,latest_same_hour,2025-06-15,-64.90708685954608
FR,latest_same_hour,2025-06-16,-26.494000000000014
FR,latest_same_hour,2025-06-17,-29.2954911064067
FR,latest_same_hour,2025-06-18,-18.3721380250538
FR,latest_same_hour,2025-06-19,-28.17365861257221
FR,latest_same_hour,2025-06-20,-4.668913031975649
FR,latest_same_hour,2025-06-21,-2.1200408971527906
FR,latest_same_hour,2025-06-22,2.741694731365982
FR,latest_same_hour,2025-06-23,-26.9695431195031
FR,latest_same_hour,2025-06-24,-37.558667572058766
FR,latest_same_hour,2025-06-25,0.48308923603019593
FR,latest_same_hour,2025-06-26,-18.177526474956665
FR,latest_same_hour,2025-06-27,20.743475214079837
FR,latest_same_hour,2025-06-28,-5.199474819707859
FR,latest_same_hour,2025-06-29,-42.577163789281315
FR,latest_same_hour,2025-06-30,-49.449984779928926
FR,latest_same_hour,2025-07-01,0.37543889050411394
FR,latest_same_hour,2025-07-02,-22.314242079707924
FR,latest_same_hour,2025-07-03,1.5864081998980168
FR,latest_same_hour,2025-07-04,11.389731651131797
FR,latest_same_hour,2025-07-05,-26.210551890440886
FR,latest_same_hour,2025-07-06,45.10060991881079
FR,latest_same_hour,2025-07-07,86.94555860928821
FR,latest_same_hour,2025-07-08,-21.79867571741063
FR,latest_same_hour,2025-07-09,-1.85566526752865
FR,latest_same_hour,2025-07-10,-28.569293103336918
FR,latest_same_hour,2025-07-11,-36.76229805297042
FR,latest_same_hour,2025-07-12,-15.467913969780398
FR,latest_same_hour,2025-07-13,-17.893409255338952
FR,latest_same_hour,2025-07-14,38.056797406132084
FR,latest_same_hour,2025-07-15,-30.345999999999975
FR,latest_same_hour,2025-07-16,-14.113707103474084
FR,latest_same_hour,2025-07-17,-68.28295231100464
FR,latest_same_hour,2025-07-18,-33.42812769686624
FR,latest_same_hour,2025-07-19,-18.75271320188844
FR,latest_same_hour,2025-07-20,-85.39095406190285
FR,latest_same_hour,2025-07-21,3.5915697901640087
FR,latest_same_hour,2025-07-22,-13.911182689712234
FR,latest_same_hour,2025-07-23,-126.35910053854691
FR,latest_same_hour,2025-07-24,-2.340443855382887
FR,latest_same_hour,2025-07-25,24.07364933571381
FR,latest_same_hour,2025-07-26,-51.46000000000001
FR,latest_same_hour,2025-07-27,-52.089562387927295
FR,latest_same_hour,2025-07-28,-5.807924783650776
FR,latest_same_hour,2025-07-29,-7.035662470293943
FR,latest_same_hour,2025-07-30,-0.6517338897419052
FR,latest_same_hour,2025-07-31,-7.375682772879884
FR,latest_same_hour,2025-08-01,-0.5674944237659929
FR,latest_same_hour,2025-08-02,-7.810489307797269
FR,latest_same_hour,2025-08-03,-13.416432423055312
FR,latest_same_hour,2025-08-04,6.119829363048339
FR,latest_same_hour,2025-08-05,15.07101256378074
FR,latest_same_hour,2025-08-06,2.1613852329052747
FR,latest_same_hour,2025-08-07,-11.435358973890715
FR,latest_same_hour,2025-08-08,-7.434807707994452
FR,latest_same_hour,2025-08-09,-15.4811796866544
FR,latest_same_hour,2025-08-10,-75.93000912878534
FR,latest_same_hour,2025-08-11,17.88555555555554
FR,latest_same_hour,2025-08-12,12.074702942637828
FR,latest_same_hour,2025-08-13,15.38571878725351
FR,latest_same_hour,2025-08-14,-9.159307514319323
FR,latest_same_hour,2025-08-15,-17.09825646233594
FR,latest_same_hour,2025-08-16,-30.089984387532695
FR,latest_same_hour,2025-08-17,7.566775813927791
FR,latest_same_hour,2025-08-18,-91.96380025711204
FR,latest_same_hour,2025-08-19,-12.375876014864971
FR,latest_same_hour,2025-08-20,-36.514901580398
FR,latest_same_hour,2025-08-21,-9.353375743148547
FR,latest_same_hour,2025-08-22,7.95872670753225
FR,latest_same_hour,2025-08-23,-91.92411585289237
FR,latest_same_hour,2025-08-24,-20.921945439038126
FR,latest_same_hour,2025-08-25,-20.79639882168999
FR,latest_same_hour,2025-08-26,-26.510494105406323
FR,latest_same_hour,2025-08-27,-0.7859989131342928
FR,latest_same_hour,2025-08-28,-2.4148901805364176
FR,latest_same_hour,2025-08-29,-43.52909021134715
FR,latest_same_hour,2025-08-30,40.44808185106781
FR,latest_same_hour,2025-08-31,-17.586824021018593
FR,latest_same_hour,2025-09-01,-70.53395004601583
FR,latest_same_hour,2025-09-02,-4.779566711093928
FR,latest_same_hour,2025-09-03,-0.3067690666726435
FR,latest_same_hour,2025-09-04,-46.981138538103224
FR,latest_same_hour,2025-09-05,-1.5112672944686096
FR,latest_same_hour,2025-09-06,-0.09948479004788169
FR,latest_same_hour,2025-09-07,-7.326177404444692
FR,latest_same_hour,2025-09-08,-96.27021316637871
FR,latest_same_hour,2025-09-09,-65.27864751785432
FR,latest_same_hour,2025-09-10,16.417402675353458
FR,latest_same_hour,2025-09-11,-3.316555020239228
FR,latest_same_hour,2025-09-12,-39.716429698869234
FR,latest_same_hour,2025-09-13,-5.952510732731905
FR,latest_same_hour,2025-09-14,-48.82487345487818
FR,latest_same_hour,2025-09-15,-1.777376310930951
FR,latest_same_hour,2025-09-16,-40.758517590494506
FR,latest_same_hour,2025-09-17,-85.14869246330673
FR,latest_same_hour,2025-09-18,18.086269413413447
FR,latest_same_hour,2025-09-19,6.07755792595222
FR,latest_same_hour,2025-09-20,0.738361066510322
FR,latest_same_hour,2025-09-21,-8.431559874610503
FR,latest_same_hour,2025-09-22,-101.30655007356926
FR,latest_same_hour,2025-09-23,-77.81647570075042
FR,latest_same_hour,2025-09-24,-68.57226313862503
FR,latest_same_hour,2025-09-25,-45.07188461650398
FR,latest_same_hour,2025-09-26,-48.61754092553396
FR,latest_same_hour,2025-09-27,25.564267370480792
FR,latest_same_hour,2025-09-28,-8.354244109477946
FR,latest_same_hour,2025-09-29,6.881778456067622
FR,latest_same_hour,2025-09-30,-48.304889922997205
FR,perfect_foresight,2025-01-09,3.9344022272362906
FR,perfect_foresight,2025-01-10,10.065801717070485
FR,perfect_foresight,2025-01-11,5.625435350100929
FR,perfect_foresight,2025-01-12,5.913634903398815
FR,perfect_foresight,2025-01-13,13.031126066567708
FR,perfect_foresight,2025-01-14,22.672610106371735
FR,perfect_foresight,2025-01-15,59.89962028352272
FR,perfect_foresight,2025-01-16,10.373720521972132
FR,perfect_foresight,2025-01-17,4.270726107337168
FR,perfect_foresight,2025-01-18,3.5107516728701285
FR,perfect_foresight,2025-01-19,32.64227548643703
FR,perfect_foresight,2025-01-20,8.366996982738328
FR,perfect_foresight,2025-01-21,11.937026222490317
FR,perfect_foresight,2025-01-22,76.01544291955395
FR,perfect_foresight,2025-01-23,4.485861313877194
FR,perfect_foresight,2025-01-24,46.97730088365904
FR,perfect_foresight,2025-01-25,94.02878411744496
FR,perfect_foresight,2025-01-26,225.79516169463255
FR,perfect_foresight,2025-01-27,16.359193410296044
FR,perfect_foresight,2025-01-28,14.609992464988864
FR,perfect_foresight,2025-01-29,103.85162450216248
FR,perfect_foresight,2025-01-30,26.6364170975763
FR,perfect_foresight,2025-01-31,19.7657346724518
FR,perfect_foresight,2025-02-01,17.859535359418885
FR,perfect_foresight,2025-02-02,28.06940247057176
FR,perfect_foresight,2025-02-03,75.44627601160767
FR,perfect_foresight,2025-02-04,50.8810665194479
FR,perfect_foresight,2025-02-05,11.497840347205397
FR,perfect_foresight,2025-02-06,12.253405881217475
FR,perfect_foresight,2025-02-07,5.357499297387335
FR,perfect_foresight,2025-02-08,38.9327905098161
FR,perfect_foresight,2025-02-09,13.284578637113981
FR,perfect_foresight,2025-02-10,2.8650492756942185
FR,perfect_foresight,2025-02-11,9.326270013608507
FR,perfect_foresight,2025-02-12,23.823761813496787
FR,perfect_foresight,2025-02-13,9.230344648024811
FR,perfect_foresight,2025-02-14,7.529293873818688
FR,perfect_foresight,2025-02-15,8.298432465666963
FR,perfect_foresight,2025-02-16,41.13999637947282
FR,perfect_foresight,2025-02-17,36.21883751849242
FR,perfect_foresight,2025-02-18,28.72367735780142
FR,perfect_foresight,2025-02-19,14.871479992438879
FR,perfect_foresight,2025-02-20,0.3954107173265129
FR,perfect_foresight,2025-02-21,30.749176391615492
FR,perfect_foresight,2025-02-22,12.891942542429518
FR,perfect_foresight,2025-02-23,50.003691170671374
FR,perfect_foresight,2025-02-24,6.870808651886591
FR,perfect_foresight,2025-02-25,25.60996626372429
FR,perfect_foresight,2025-02-26,17.076865935058777
FR,perfect_foresight,2025-02-27,7.614196840191823
FR,perfect_foresight,2025-02-28,20.101730624098707
FR,perfect_foresight,2025-03-01,27.292866268610226
FR,perfect_foresight,2025-03-02,62.42310220838675
FR,perfect_foresight,2025-03-03,13.644368301423924
FR,perfect_foresight,2025-03-04,13.359011856095265
FR,perfect_foresight,2025-03-05,14.192984129005595
FR,perfect_foresight,2025-03-06,17.25141358854441
FR,perfect_foresight,2025-03-07,27.235281771371035
FR,perfect_foresight,2025-03-08,93.25362034231406
FR,perfect_foresight,2025-03-09,45.550237738332584
FR,perfect_foresight,2025-03-10,24.827996870201616
FR,perfect_foresight,2025-03-11,25.94777440771456
FR,perfect_foresight,2025-03-12,20.972468052214936
FR,perfect_foresight,2025-03-13,24.318415010002838
FR,perfect_foresight,2025-03-14,17.6251381366026
FR,perfect_foresight,2025-03-15,27.06931760224211
FR,perfect_foresight,2025-03-16,27.683989223641817
FR,perfect_foresight,2025-03-17,14.993604557531029
FR,perfect_foresight,2025-03-18,14.14649657923519
FR,perfect_foresight,2025-03-19,15.774980825850207
FR,perfect_foresight,2025-03-20,8.78755301481874
FR,perfect_foresight,2025-03-21,22.736213263723513
FR,perfect_foresight,2025-03-22,25.420044196249904
FR,perfect_foresight,2025-03-23,31.263106858964036
FR,perfect_foresight,2025-03-24,7.839516428604384
FR,perfect_foresight,2025-03-25,12.81518902433325
FR,perfect_foresight,2025-03-26,11.239940472130272
FR,perfect_foresight,2025-03-27,4.3776596629135724
FR,perfect_foresight,2025-03-28,29.159824003744262
FR,perfect_foresight,2025-03-29,9.83574273263369
FR,perfect_foresight,2025-03-30,71.88284675783862
FR,perfect_foresight,2025-03-31,69.79090587718599
FR,perfect_foresight,2025-04-01,42.72602966966042
FR,perfect_foresight,2025-04-02,27.175914062079073
FR,perfect_foresight,2025-04-03,3.2424565448628755
FR,perfect_foresight,2025-04-04,26.693323436041993
FR,perfect_foresight,2025-04-05,30.987202651617963
FR,perfect_foresight,2025-04-06,31.562209279207877
FR,perfect_foresight,2025-04-07,29.927359179713903
FR,perfect_foresight,2025-04-08,32.5242153421392
FR,perfect_foresight,2025-04-09,12.8006915285724
FR,perfect_foresight,2025-04-10,28.79083438671836
FR,perfect_foresight,2025-04-11,50.07158456008881
FR,perfect_foresight,2025-04-12,34.3845899578929
FR,perfect_foresight,2025-04-13,29.280301611635878
FR,perfect_foresight,2025-04-14,27.066544311830157
FR,perfect_foresight,2025-04-15,30.63442029527033
FR,perfect_foresight,2025-04-16,76.917129656658
FR,perfect_foresight,2025-04-17,47.25258806500895
FR,perfect_foresight,2025-04-18,10.860556144617107
FR,perfect_foresight,2025-04-19,57.395798999906276
FR,perfect_foresight,2025-04-20,45.703437015829024
FR,perfect_foresight,2025-04-21,18.2647327055314
FR,perfect_foresight,2025-04-22,36.6893196249369
FR,perfect_foresight,2025-04-23,40.17479665588826
FR,perfect_foresight,2025-04-24,29.875483581541275
FR,perfect_foresight,2025-04-25,41.998491794842266
FR,perfect_foresight,2025-04-26,40.221386680688994
FR,perfect_foresight,2025-04-27,84.51535298806635
FR,perfect_foresight,2025-04-28,40.59793310641794
FR,perfect_foresight,2025-04-29,18.996835766606353
FR,perfect_foresight,2025-04-30,78.06015343169798
FR,perfect_foresight,2025-05-01,114.42163053866165
FR,perfect_foresight,2025-05-02,19.449341441173004
FR,perfect_foresight,2025-05-03,22.969683354812737
FR,perfect_foresight,2025-05-04,50.61433694569061
FR,perfect_foresight,2025-05-05,42.29680648627174
FR,perfect_foresight,2025-05-06,9.730059640406282
FR,perfect_foresight,2025-05-07,18.09819972665494
FR,perfect_foresight,2025-05-08,24.254441520469243
FR,perfect_foresight,2025-05-09,27.65
FR,perfect_foresight,2025-05-10,73.23588433263947
FR,perfect_foresight,2025-05-11,111.25597664472275
FR,perfect_foresight,2025-05-12,26.280727065433254
FR,perfect_foresight,2025-05-13,35.01052280781283
FR,perfect_foresight,2025-05-14,12.391962457718705
FR,perfect_foresight,2025-05-15,1.799419489252145
FR,perfect_foresight,2025-05-16,30.643597342855273
FR,perfect_foresight,2025-05-17,17.393529049147382
FR,perfect_foresight,2025-05-18,51.42893460591773
FR,perfect_foresight,2025-05-19,42.565061762421564
FR,perfect_foresight,2025-05-20,4.081050381810002
FR,perfect_foresight,2025-05-21,46.005128671195365
FR,perfect_foresight,2025-05-22,3.346140795963322
FR,perfect_foresight,2025-05-23,6.217364984064673
FR,perfect_foresight,2025-05-24,17.95616499378312
FR,perfect_foresight,2025-05-25,33.14838382159253
FR,perfect_foresight,2025-05-26,26.836431926292406
FR,perfect_foresight,2025-05-27,20.919271264726845
FR,perfect_foresight,2025-05-28,0.8091164135995541
FR,perfect_foresight,2025-05-29,26.779386293392335
FR,perfect_foresight,2025-05-30,6.456519595914983
FR,perfect_foresight,2025-05-31,12.34584754361893
FR,perfect_foresight,2025-06-01,38.709129162912106
FR,perfect_foresight,2025-06-02,43.84060133949225
FR,perfect_foresight,2025-06-03,77.81622642161193
FR,perfect_foresight,2025-06-04,89.21045198960121
FR,perfect_foresight,2025-06-05,37.02282561885103
FR,perfect_foresight,2025-06-06,1.802526295512223
FR,perfect_foresight,2025-06-07,10.123859628845565
FR,perfect_foresight,2025-06-08,25.421339797711823
FR,perfect_foresight,2025-06-09,38.82539273852082
FR,perfect_foresight,2025-06-10,23.989506569813116
FR,perfect_foresight,2025-06-11,31.111299335513536
FR,perfect_foresight,2025-06-12,73.31499301549692
FR,perfect_foresight,2025-06-13,22.168779933246952
FR,perfect_foresight,2025-06-14,1.605266807797932
FR,perfect_foresight,2025-06-15,14.162999999999982
FR,perfect_foresight,2025-06-16,49.29715588726472
FR,perfect_foresight,2025-06-17,36.18554621178927
FR,perfect_foresight,2025-06-18,15.646750772577633
FR,perfect_foresight,2025-06-19,1.3805281427674174
FR,perfect_foresight,2025-06-20,15.477933443039774
FR,perfect_foresight,2025-06-21,47.608819224397394
FR,perfect_foresight,2025-06-22,55.61324928517243
FR,perfect_foresight,2025-06-23,1.8444420740477767
FR,perfect_foresight,2025-06-24,18.631936873923507
FR,perfect_foresight,2025-06-25,43.49731434065714
FR,perfect_foresight,2025-06-26,15.2630060740114
FR,perfect_foresight,2025-06-27,51.678876101022894
FR,perfect_foresight,2025-06-28,45.75915106941784
FR,perfect_foresight,2025-06-29,29.288830368802223
FR,perfect_foresight,2025-06-30,68.73008200210438
FR,perfect_foresight,2025-07-01,113.81561106446779
FR,perfect_foresight,2025-07-02,16.137571258239007
FR,perfect_foresight,2025-07-03,23.269584741562326
FR,perfect_foresight,2025-07-04,19.94132127141495
FR,perfect_foresight,2025-07-05,68.78868536023317
FR,perfect_foresight,2025-07-06,98.95487125476807
FR,perfect_foresight,2025-07-07,131.40018665388314
FR,perfect_foresight,2025-07-08,33.358284023143824
FR,perfect_foresight,2025-07-09,59.298501940514996
FR,perfect_foresight,2025-07-10,21.98258457835098
FR,perfect_foresight,2025-07-11,23.84813491252983
FR,perfect_foresight,2025-07-12,29.687999999999988
FR,perfect_foresight,2025-07-13,29.122000000000014
FR,perfect_foresight,2025-07-14,63.67318917438201
FR,perfect_foresight,2025-07-15,11.163187435605153
FR,perfect_foresight,2025-07-16,31.647340112013282
FR,perfect_foresight,2025-07-17,14.139472217162734
FR,perfect_foresight,2025-07-18,9.489980001569918
FR,perfect_foresight,2025-07-19,2.3700000000000045
FR,perfect_foresight,2025-07-20,0.008918148932210102
FR,perfect_foresight,2025-07-21,47.229118325733445
FR,perfect_foresight,2025-07-22,25.460140329583965
FR,perfect_foresight,2025-07-23,12.30097885794197
FR,perfect_foresight,2025-07-24,33.133999999999986
FR,perfect_foresight,2025-07-25,54.99885211714266
FR,perfect_foresight,2025-07-26,3.329373981063384
FR,perfect_foresight,2025-07-27,28.025153001843023
FR,perfect_foresight,2025-07-28,30.18603657201045
FR,perfect_foresight,2025-07-29,9.063487413925515
FR,perfect_foresight,2025-07-30,9.848259179500246
FR,perfect_foresight,2025-07-31,11.671333158935
FR,perfect_foresight,2025-08-01,14.783053436583941
FR,perfect_foresight,2025-08-02,31.391999999999996
FR,perfect_foresight,2025-08-03,58.57972927464769
FR,perfect_foresight,2025-08-04,13.69840505693709
FR,perfect_foresight,2025-08-05,15.07101256378074
FR,perfect_foresight,2025-08-06,47.61607466074159
FR,perfect_foresight,2025-08-07,26.808011146380608
FR,perfect_foresight,2025-08-08,40.10664596866758
FR,perfect_foresight,2025-08-09,16.17912057854744
FR,perfect_foresight,2025-08-10,21.14119230418038
FR,perfect_foresight,2025-08-11,92.47579775487529
FR,perfect_foresight,2025-08-12,45.76872611035418
FR,perfect_foresight,2025-08-13,32.83193122165055
FR,perfect_foresight,2025-08-14,19.246713553702094
FR,perfect_foresight,2025-08-15,23.26713616869438
FR,perfect_foresight,2025-08-16,30.39974936329392
FR,perfect_foresight,2025-08-17,8.581775813927777
FR,perfect_foresight,2025-08-18,16.15500069348161
FR,perfect_foresight,2025-08-19,30.240887035546365
FR,perfect_foresight,2025-08-20,46.05915751756332
FR,perfect_foresight,2025-08-21,67.39956980941403
FR,perfect_foresight,2025-08-22,52.589555752220875
FR,perfect_foresight,2025-08-23,1.641222105627378
FR,perfect_foresight,2025-08-24,39.395617809693846
FR,perfect_foresight,2025-08-25,23.05766781029456
FR,perfect_foresight,2025-08-26,14.846021933872237
FR,perfect_foresight,2025-08-27,3.1291587169656054
FR,perfect_foresight,2025-08-28,3.3599403971059303
FR,perfect_foresight,2025-08-29,33.73346033063055
FR,perfect_foresight,2025-08-30,104.01325705748496
FR,perfect_foresight,2025-08-31,17.453660073518556
FR,perfect_foresight,2025-09-01,15.582520721280673
FR,perfect_foresight,2025-09-02,83.51192069065684
FR,perfect_foresight,2025-09-03,2.339419264179
FR,perfect_foresight,2025-09-04,31.505204394453074
FR,perfect_foresight,2025-09-05,23.724212097775194
FR,perfect_foresight,2025-09-06,23.081182278065953
FR,perfect_foresight,2025-09-07,50.883059621156235
FR,perfect_foresight,2025-09-08,45.95077425865364
FR,perfect_foresight,2025-09-09,16.821140746276342
FR,perfect_foresight,2025-09-10,75.02169146265238
FR,perfect_foresight,2025-09-11,9.624882179145935
FR,perfect_foresight,2025-09-12,14.867660184025993
FR,perfect_foresight,2025-09-13,21.274281238083873
FR,perfect_foresight,2025-09-14,17.788289573025807
FR,perfect_foresight,2025-09-15,26.997147135630467
FR,perfect_foresight,2025-09-16,4.476867205427141
FR,perfect_foresight,2025-09-17,45.33513791251727
FR,perfect_foresight,2025-09-18,21.253316440351966
FR,perfect_foresight,2025-09-19,27.259815530928307
FR,perfect_foresight,2025-09-20,43.66617431117069
FR,perfect_foresight,2025-09-21,38.744780181628414
FR,perfect_foresight,2025-09-22,39.34882804200511
FR,perfect_foresight,2025-09-23,7.858220531103214
FR,perfect_foresight,2025-09-24,30.60773478597625
FR,perfect_foresight,2025-09-25,11.735889040966725
FR,perfect_foresight,2025-09-26,6.64777092204433
FR,perfect_foresight,2025-09-27,44.54733434007511
FR,perfect_foresight,2025-09-28,20.125935486960273
FR,perfect_foresight,2025-09-29,17.461769176192263
FR,perfect_foresight,2025-09-30,31.84271085074181
FR,rf_depth_12_leaf_5,2025-01-09,-7.647153328319234
FR,rf_depth_12_leaf_5,2025-01-10,5.743706239705887
FR,rf_depth_12_leaf_5,2025-01-11,-20.20443435246341
FR,rf_depth_12_leaf_5,2025-01-12,-52.14416883834224
FR,rf_depth_12_leaf_5,2025-01-13,-87.56553712150395
FR,rf_depth_12_leaf_5,2025-01-14,-163.85719093844284
FR,rf_depth_12_leaf_5,2025-01-15,-306.2089249092431
FR,rf_depth_12_leaf_5,2025-01-16,-160.0479450658919
FR,rf_depth_12_leaf_5,2025-01-17,-148.33054171427773
FR,rf_depth_12_leaf_5,2025-01-18,-50.36854891069129
FR,rf_depth_12_leaf_5,2025-01-19,-5.428439675243169
FR,rf_depth_12_leaf_5,2025-01-20,-604.9180779779404
FR,rf_depth_12_leaf_5,2025-01-21,-204.85077986425642
FR,rf_depth_12_leaf_5,2025-01-22,-51.514195565765135
FR,rf_depth_12_leaf_5,2025-01-23,-109.8982793857291
FR,rf_depth_12_leaf_5,2025-01-24,-69.48272509549588
FR,rf_depth_12_leaf_5,2025-01-25,-54.29475845961315
FR,rf_depth_12_leaf_5,2025-01-26,71.39251337284263
FR,rf_depth_12_leaf_5,2025-01-27,-43.13319129233905
FR,rf_depth_12_leaf_5,2025-01-28,-78.24658281725367
FR,rf_depth_12_leaf_5,2025-01-29,-28.807374281160918
FR,rf_depth_12_leaf_5,2025-01-30,-24.732656459078726
FR,rf_depth_12_leaf_5,2025-01-31,-47.53503207449896
FR,rf_depth_12_leaf_5,2025-02-01,-34.406521713871825
FR,rf_depth_12_leaf_5,2025-02-02,-38.75667992392903
FR,rf_depth_12_leaf_5,2025-02-03,-34.93937030372052
FR,rf_depth_12_leaf_5,2025-02-04,-64.87571570511312
FR,rf_depth_12_leaf_5,2025-02-05,-104.52786298876305
FR,rf_depth_12_leaf_5,2025-02-06,-130.90061185118253
FR,rf_depth_12_leaf_5,2025-02-07,-51.99998759235535
FR,rf_depth_12_leaf_5,2025-02-08,-15.564057840808857
FR,rf_depth_12_leaf_5,2025-02-09,-26.53918988612577
FR,rf_depth_12_leaf_5,2025-02-10,-88.53808906771923
FR,rf_depth_12_leaf_5,2025-02-11,-70.09397019855294
FR,rf_depth_12_leaf_5,2025-02-12,-63.876120031056246
FR,rf_depth_12_leaf_5,2025-02-13,-95.48816051656286
FR,rf_depth_12_leaf_5,2025-02-14,-140.51659902991588
FR,rf_depth_12_leaf_5,2025-02-15,-41.80011498303668
FR,rf_depth_12_leaf_5,2025-02-16,-10.86121215256162
FR,rf_depth_12_leaf_5,2025-02-17,-236.99445276008288
FR,rf_depth_12_leaf_5,2025-02-18,-145.5047057905473
FR,rf_depth_12_leaf_5,2025-02-19,-115.7879897295623
FR,rf_depth_12_leaf_5,2025-02-20,-79.6002586178052
FR,rf_depth_12_leaf_5,2025-02-21,-82.9527568841012
FR,rf_depth_12_leaf_5,2025-02-22,-54.81954967919728
FR,rf_depth_12_leaf_5,2025-02-23,-34.10170189125526
FR,rf_depth_12_leaf_5,2025-02-24,-58.921414260746815
FR,rf_depth_12_leaf_5,2025-02-25,-5.199785053273999
FR,rf_depth_12_leaf_5,2025-02-26,-58.77443727029788
FR,rf_depth_12_leaf_5,2025-02-27,-13.019624087552756
FR,rf_depth_12_leaf_5,2025-02-28,-55.663008678639045
FR,rf_depth_12_leaf_5,2025-03-01,-24.067558269702886
FR,rf_depth_12_leaf_5,2025-03-02,23.087431202427297
FR,rf_depth_12_leaf_5,2025-03-03,-122.44826480435319
FR,rf_depth_12_leaf_5,2025-03-04,-29.611164534532435
FR,rf_depth_12_leaf_5,2025-03-05,-91.51731279859911
FR,rf_depth_12_leaf_5,2025-03-06,-66.11052628536655
FR,rf_depth_12_leaf_5,2025-03-07,-42.75643436463827
FR,rf_depth_12_leaf_5,2025-03-08,-64.08582387294553
FR,rf_depth_12_leaf_5,2025-03-09,-25.263401945400915
FR,rf_depth_12_leaf_5,2025-03-10,-5.412168673101704
FR,rf_depth_12_leaf_5,2025-03-11,-1.7246869722695237
FR,rf_depth_12_leaf_5,2025-03-12,-4.849777145116633
FR,rf_depth_12_leaf_5,2025-03-13,-39.04495949623126
FR,rf_depth_12_leaf_5,2025-03-14,-27.606507132496006
FR,rf_depth_12_leaf_5,2025-03-15,-20.67523408237571
FR,rf_depth_12_leaf_5,2025-03-16,-71.87409105290186
FR,rf_depth_12_leaf_5,2025-03-17,-78.46554825570979
FR,rf_depth_12_leaf_5,2025-03-18,-92.64698678732509
FR,rf_depth_12_leaf_5,2025-03-19,-4.546829287036132
FR,rf_depth_12_leaf_5,2025-03-20,-59.294858359465024
FR,rf_depth_12_leaf_5,2025-03-21,-24.29306313720999
FR,rf_depth_12_leaf_5,2025-03-22,-7.102562891872267
FR,rf_depth_12_leaf_5,2025-03-23,-7.19941187921664
FR,rf_depth_12_leaf_5,2025-03-24,-19.009692126738344
FR,rf_depth_12_leaf_5,2025-03-25,-16.313273667589698
FR,rf_depth_12_leaf_5,2025-03-26,-48.652343372610346
FR,rf_depth_12_leaf_5,2025-03-27,-66.88116882008003
FR,rf_depth_12_leaf_5,2025-03-28,8.113172550073443
FR,rf_depth_12_leaf_5,2025-03-29,-21.78028384474065
FR,rf_depth_12_leaf_5,2025-03-30,40.3906731584117
FR,rf_depth_12_leaf_5,2025-03-31,-80.43082185222639
FR,rf_depth_12_leaf_5,2025-04-01,-6.749205462068744
FR,rf_depth_12_leaf_5,2025-04-02,18.99066545410176
FR,rf_depth_12_leaf_5,2025-04-03,-17.953955671963513
FR,rf_depth_12_leaf_5,2025-04-04,-47.72156815377811
FR,rf_depth_12_leaf_5,2025-04-05,-3.45413052656707
FR,rf_depth_12_leaf_5,2025-04-06,-27.53581247829038
FR,rf_depth_12_leaf_5,2025-04-07,-18.589298983699962
FR,rf_depth_12_leaf_5,2025-04-08,28.21003728172508
FR,rf_depth_12_leaf_5,2025-04-09,9.137494107435458
FR,rf_depth_12_leaf_5,2025-04-10,-18.710749949285116
FR,rf_depth_12_leaf_5,2025-04-11,-33.06228793159377
FR,rf_depth_12_leaf_5,2025-04-12,-5.686882649583538
FR,rf_depth_12_leaf_5,2025-04-13,-27.1866994924507
FR,rf_depth_12_leaf_5,2025-04-14,-15.72896523164512
FR,rf_depth_12_leaf_5,2025-04-15,-9.159875096310216
FR,rf_depth_12_leaf_5,2025-04-16,3.519300413274891
FR,rf_depth_12_leaf_5,2025-04-17,-51.09722384637993
FR,rf_depth_12_leaf_5,2025-04-18,-45.63936052505316
FR,rf_depth_12_leaf_5,2025-04-19,50.47904603434725
FR,rf_depth_12_leaf_5,2025-04-20,24.397249415971203
FR,rf_depth_12_leaf_5,2025-04-21,-8.116305305158363
FR,rf_depth_12_leaf_5,2025-04-22,-69.81749193266272
FR,rf_depth_12_leaf_5,2025-04-23,3.4682015252643907
FR,rf_depth_12_leaf_5,2025-04-24,-22.43240578891873
FR,rf_depth_12_leaf_5,2025-04-25,-2.8600305354043485
FR,rf_depth_12_leaf_5,2025-04-26,12.928054355138727
FR,rf_depth_12_leaf_5,2025-04-27,2.5598338453681038
FR,rf_depth_12_leaf_5,2025-04-28,-6.477476346627611
FR,rf_depth_12_leaf_5,2025-04-29,-26.472562149691527
FR,rf_depth_12_leaf_5,2025-04-30,-68.24240350166292
FR,rf_depth_12_leaf_5,2025-05-01,44.96761296026182
FR,rf_depth_12_leaf_5,2025-05-02,-57.4421805545343
FR,rf_depth_12_leaf_5,2025-05-03,-2.3722276159680717
FR,rf_depth_12_leaf_5,2025-05-04,18.915548540615532
FR,rf_depth_12_leaf_5,2025-05-05,-6.593405643969522
FR,rf_depth_12_leaf_5,2025-05-06,-20.067940041234046
FR,rf_depth_12_leaf_5,2025-05-07,-93.85232001930876
FR,rf_depth_12_leaf_5,2025-05-08,-44.170183300052926
FR,rf_depth_12_leaf_5,2025-05-09,10.824871332862891
FR,rf_depth_12_leaf_5,2025-05-10,68.09402085720566
FR,rf_depth_12_leaf_5,2025-05-11,107.66497664472274
FR,rf_depth_12_leaf_5,2025-05-12,10.594921094186546
FR,rf_depth_12_leaf_5,2025-05-13,-0.36116769471428256
FR,rf_depth_12_leaf_5,2025-05-14,-32.98232862292343
FR,rf_depth_12_leaf_5,2025-05-15,-8.302976139789926
FR,rf_depth_12_leaf_5,2025-05-16,3.2070985513886257
FR,rf_depth_12_leaf_5,2025-05-17,-13.80377815695794
FR,rf_depth_12_leaf_5,2025-05-18,8.189042145200744
FR,rf_depth_12_leaf_5,2025-05-19,4.882358517657025
FR,rf_depth_12_leaf_5,2025-05-20,-49.87259739758836
FR,rf_depth_12_leaf_5,2025-05-21,-15.205526887590793
FR,rf_depth_12_leaf_5,2025-05-22,-35.06758051173567
FR,rf_depth_12_leaf_5,2025-05-23,-50.44961231959101
FR,rf_depth_12_leaf_5,2025-05-24,1.3994682965380179
FR,rf_depth_12_leaf_5,2025-05-25,12.955308434903245
FR,rf_depth_12_leaf_5,2025-05-26,-11.598255045977126
FR,rf_depth_12_leaf_5,2025-05-27,-3.022813622852695
FR,rf_depth_12_leaf_5,2025-05-28,-15.34962983004172
FR,rf_depth_12_leaf_5,2025-05-29,2.2541755643181887
FR,rf_depth_12_leaf_5,2025-05-30,-30.626424525096922
FR,rf_depth_12_leaf_5,2025-05-31,12.024444444444441
FR,rf_depth_12_leaf_5,2025-06-01,22.063065249079614
FR,rf_depth_12_leaf_5,2025-06-02,-5.273250551536009
FR,rf_depth_12_leaf_5,2025-06-03,-17.359156986305237
FR,rf_depth_12_leaf_5,2025-06-04,18.81522990223603
FR,rf_depth_12_leaf_5,2025-06-05,17.538713782833508
FR,rf_depth_12_leaf_5,2025-06-06,-23.385920821455585
FR,rf_depth_12_leaf_5,2025-06-07,-0.6223943252197586
FR,rf_depth_12_leaf_5,2025-06-08,6.080057626869262
FR,rf_depth_12_leaf_5,2025-06-09,-8.00142410028809
FR,rf_depth_12_leaf_5,2025-06-10,1.0111829878340473
FR,rf_depth_12_leaf_5,2025-06-11,7.701107258435499
FR,rf_depth_12_leaf_5,2025-06-12,6.294240473758975
FR,rf_depth_12_leaf_5,2025-06-13,5.305518471537027
FR,rf_depth_12_leaf_5,2025-06-14,-69.20516983192137
FR,rf_depth_12_leaf_5,2025-06-15,14.162999999999982
FR,rf_depth_12_leaf_5,2025-06-16,-26.494000000000014
FR,rf_depth_12_leaf_5,2025-06-17,-158.04161409993833
FR,rf_depth_12_leaf_5,2025-06-18,-36.90569160156764
FR,rf_depth_12_leaf_5,2025-06-19,-6.985817592123084
FR,rf_depth_12_leaf_5,2025-06-20,-109.14955746258988
FR,rf_depth_12_leaf_5,2025-06-21,-14.634682397757928
FR,rf_depth_12_leaf_5,2025-06-22,40.641660076535544
FR,rf_depth_12_leaf_5,2025-06-23,-14.78002009270449
FR,rf_depth_12_leaf_5,2025-06-24,-21.420682266959176
FR,rf_depth_12_leaf_5,2025-06-25,15.172332446203427
FR,rf_depth_12_leaf_5,2025-06-26,0.7058564280811197
FR,rf_depth_12_leaf_5,2025-06-27,-1.5449215768523317
FR,rf_depth_12_leaf_5,2025-06-28,33.31199999999998
FR,rf_depth_12_leaf_5,2025-06-29,0.0675436974311765
FR,rf_depth_12_leaf_5,2025-06-30,6.436840515516252
FR,rf_depth_12_leaf_5,2025-07-01,-3.3949417658069763
FR,rf_depth_12_leaf_5,2025-07-02,-44.75702972033527
FR,rf_depth_12_leaf_5,2025-07-03,-52.363496511286094
FR,rf_depth_12_leaf_5,2025-07-04,2.177022656749557
FR,rf_depth_12_leaf_5,2025-07-05,37.81417567888391
FR,rf_depth_12_leaf_5,2025-07-06,66.55535733547565
FR,rf_depth_12_leaf_5,2025-07-07,46.285461613173766
FR,rf_depth_12_leaf_5,2025-07-08,12.28258619850385
FR,rf_depth_12_leaf_5,2025-07-09,-8.379884073071082
FR,rf_depth_12_leaf_5,2025-07-10,-46.84967895464601
FR,rf_depth_12_leaf_5,2025-07-11,-36.566862445330315
FR,rf_depth_12_leaf_5,2025-07-12,29.687999999999988
FR,rf_depth_12_leaf_5,2025-07-13,-5.757000000000005
FR,rf_depth_12_leaf_5,2025-07-14,39.77153134857797
FR,rf_depth_12_leaf_5,2025-07-15,-70.69436226690044
FR,rf_depth_12_leaf_5,2025-07-16,4.394658125901586
FR,rf_depth_12_leaf_5,2025-07-17,-11.715288812636324
FR,rf_depth_12_leaf_5,2025-07-18,-2.220334995056689
FR,rf_depth_12_leaf_5,2025-07-19,0.0
FR,rf_depth_12_leaf_5,2025-07-20,-24.941111111111127
FR,rf_depth_12_leaf_5,2025-07-21,-4.453530703795472
FR,rf_depth_12_leaf_5,2025-07-22,12.608888888888885
FR,rf_depth_12_leaf_5,2025-07-23,-0.3622222222222433
FR,rf_depth_12_leaf_5,2025-07-24,-2.947894699327108
FR,rf_depth_12_leaf_5,2025-07-25,11.82876873005074
FR,rf_depth_12_leaf_5,2025-07-26,-32.928797275333324
FR,rf_depth_12_leaf_5,2025-07-27,-9.819576422853444
FR,rf_depth_12_leaf_5,2025-07-28,-26.26464354858389
FR,rf_depth_12_leaf_5,2025-07-29,-0.10555555555555429
FR,rf_depth_12_leaf_5,2025-07-30,-0.41372665482828097
FR,rf_depth_12_leaf_5,2025-07-31,-40.733742084780744
FR,rf_depth_12_leaf_5,2025-08-01,-16.759948868933975
FR,rf_depth_12_leaf_5,2025-08-02,27.65150859349575
FR,rf_depth_12_leaf_5,2025-08-03,29.73644444444443
FR,rf_depth_12_leaf_5,2025-08-04,-4.645095483452053
FR,rf_depth_12_leaf_5,2025-08-05,-5.456619984413095
FR,rf_depth_12_leaf_5,2025-08-06,3.22582806328424
FR,rf_depth_12_leaf_5,2025-08-07,-11.242025640557415
FR,rf_depth_12_leaf_5,2025-08-08,10.512088703730853
FR,rf_depth_12_leaf_5,2025-08-09,-0.8231621610653406
FR,rf_depth_12_leaf_5,2025-08-10,14.561000000000007
FR,rf_depth_12_leaf_5,2025-08-11,14.044984264903903
FR,rf_depth_12_leaf_5,2025-08-12,-30.959777221182264
FR,rf_depth_12_leaf_5,2025-08-13,-26.785067748245964
FR,rf_depth_12_leaf_5,2025-08-14,-12.720193236939025
FR,rf_depth_12_leaf_5,2025-08-15,-34.118057063145116
FR,rf_depth_12_leaf_5,2025-08-16,8.14919335353386
FR,rf_depth_12_leaf_5,2025-08-17,7.045000000000016
FR,rf_depth_12_leaf_5,2025-08-18,-106.99444012538947
FR,rf_depth_12_leaf_5,2025-08-19,-1.3919396498790775
FR,rf_depth_12_leaf_5,2025-08-20,-26.902251784392178
FR,rf_depth_12_leaf_5,2025-08-21,11.817257960847954
FR,rf_depth_12_leaf_5,2025-08-22,8.07335733750476
FR,rf_depth_12_leaf_5,2025-08-23,0.597798680558725
FR,rf_depth_12_leaf_5,2025-08-24,38.55661199925564
FR,rf_depth_12_leaf_5,2025-08-25,-22.440812444729545
FR,rf_depth_12_leaf_5,2025-08-26,-33.04029102387992
FR,rf_depth_12_leaf_5,2025-08-27,-28.92471095823221
FR,rf_depth_12_leaf_5,2025-08-28,0.0
FR,rf_depth_12_leaf_5,2025-08-29,21.741815287593
FR,rf_depth_12_leaf_5,2025-08-30,56.3759577909084
FR,rf_depth_12_leaf_5,2025-08-31,-7.736455306960536
FR,rf_depth_12_leaf_5,2025-09-01,-42.11459044456352
FR,rf_depth_12_leaf_5,2025-09-02,-0.7580426592379226
FR,rf_depth_12_leaf_5,2025-09-03,-17.65499617672006
FR,rf_depth_12_leaf_5,2025-09-04,-15.534305624505919
FR,rf_depth_12_leaf_5,2025-09-05,-175.54316164192858
FR,rf_depth_12_leaf_5,2025-09-06,-16.96772631217248
FR,rf_depth_12_leaf_5,2025-09-07,42.375153700424164
FR,rf_depth_12_leaf_5,2025-09-08,-55.185727362513816
FR,rf_depth_12_leaf_5,2025-09-09,12.237130248789924
FR,rf_depth_12_leaf_5,2025-09-10,25.734237173620556
FR,rf_depth_12_leaf_5,2025-09-11,-14.011275937624568
FR,rf_depth_12_leaf_5,2025-09-12,-23.19999999999999
FR,rf_depth_12_leaf_5,2025-09-13,0.5205129611963697
FR,rf_depth_12_leaf_5,2025-09-14,-15.455587866314564
FR,rf_depth_12_leaf_5,2025-09-15,0.0
FR,rf_depth_12_leaf_5,2025-09-16,-14.625046576792286
FR,rf_depth_12_leaf_5,2025-09-17,-4.85267428180174
FR,rf_depth_12_leaf_5,2025-09-18,-26.11698967280023
FR,rf_depth_12_leaf_5,2025-09-19,-18.9351854251386
FR,rf_depth_12_leaf_5,2025-09-20,0.46392161634024376
FR,rf_depth_12_leaf_5,2025-09-21,13.29720004501463
FR,rf_depth_12_leaf_5,2025-09-22,0.9529150383838925
FR,rf_depth_12_leaf_5,2025-09-23,0.6231462150465603
FR,rf_depth_12_leaf_5,2025-09-24,-10.399331246801097
FR,rf_depth_12_leaf_5,2025-09-25,-44.040215094799095
FR,rf_depth_12_leaf_5,2025-09-26,-26.61227183146802
FR,rf_depth_12_leaf_5,2025-09-27,-4.858473975189625
FR,rf_depth_12_leaf_5,2025-09-28,-6.2484013076936975
FR,rf_depth_12_leaf_5,2025-09-29,-15.711533447284978
FR,rf_depth_12_leaf_5,2025-09-30,-37.27382239170791
FR,rf_depth_6_leaf_20,2025-01-09,-8.774444444444441
FR,rf_depth_6_leaf_20,2025-01-10,-18.12041274199703
FR,rf_depth_6_leaf_20,2025-01-11,-3.473053361559522
FR,rf_depth_6_leaf_20,2025-01-12,-36.213463160331344
FR,rf_depth_6_leaf_20,2025-01-13,-2.8738822167115927
FR,rf_depth_6_leaf_20,2025-01-14,-113.35500412535316
FR,rf_depth_6_leaf_20,2025-01-15,-229.90030279875648
FR,rf_depth_6_leaf_20,2025-01-16,-165.91592600427873
FR,rf_depth_6_leaf_20,2025-01-17,-166.12089236030175
FR,rf_depth_6_leaf_20,2025-01-18,-50.36854891069129
FR,rf_depth_6_leaf_20,2025-01-19,-5.428439675243169
FR,rf_depth_6_leaf_20,2025-01-20,-604.9180779779404
FR,rf_depth_6_leaf_20,2025-01-21,-204.85077986425642
FR,rf_depth_6_leaf_20,2025-01-22,-51.514195565765135
FR,rf_depth_6_leaf_20,2025-01-23,-109.8982793857291
FR,rf_depth_6_leaf_20,2025-01-24,-69.48272509549588
FR,rf_depth_6_leaf_20,2025-01-25,-54.29475845961315
FR,rf_depth_6_leaf_20,2025-01-26,65.86996311368812
FR,rf_depth_6_leaf_20,2025-01-27,-24.461133132182567
FR,rf_depth_6_leaf_20,2025-01-28,-80.62222986669954
FR,rf_depth_6_leaf_20,2025-01-29,0.0
FR,rf_depth_6_leaf_20,2025-01-30,-1.2784234068064393
FR,rf_depth_6_leaf_20,2025-01-31,-30.863055490650197
FR,rf_depth_6_leaf_20,2025-02-01,-7.839052911413205
FR,rf_depth_6_leaf_20,2025-02-02,-38.39593994695963
FR,rf_depth_6_leaf_20,2025-02-03,1.4616640103764666
FR,rf_depth_6_leaf_20,2025-02-04,21.657816580281803
FR,rf_depth_6_leaf_20,2025-02-05,-104.52786298876305
FR,rf_depth_6_leaf_20,2025-02-06,-130.90061185118253
FR,rf_depth_6_leaf_20,2025-02-07,-51.99998759235535
FR,rf_depth_6_leaf_20,2025-02-08,-15.564057840808857
FR,rf_depth_6_leaf_20,2025-02-09,-26.53918988612577
FR,rf_depth_6_leaf_20,2025-02-10,-88.53808906771923
FR,rf_depth_6_leaf_20,2025-02-11,-70.09397019855294
FR,rf_depth_6_leaf_20,2025-02-12,-63.876120031056246
FR,rf_depth_6_leaf_20,2025-02-13,-95.48816051656286
FR,rf_depth_6_leaf_20,2025-02-14,-140.51659902991588
FR,rf_depth_6_leaf_20,2025-02-15,-41.80011498303668
FR,rf_depth_6_leaf_20,2025-02-16,-10.86121215256162
FR,rf_depth_6_leaf_20,2025-02-17,-236.99445276008288
FR,rf_depth_6_leaf_20,2025-02-18,-145.5047057905473
FR,rf_depth_6_leaf_20,2025-02-19,-115.7879897295623
FR,rf_depth_6_leaf_20,2025-02-20,-79.6002586178052
FR,rf_depth_6_leaf_20,2025-02-21,-82.9527568841012
FR,rf_depth_6_leaf_20,2025-02-22,-54.81954967919728
FR,rf_depth_6_leaf_20,2025-02-23,-7.741501566380947
FR,rf_depth_6_leaf_20,2025-02-24,-12.841286169508578
FR,rf_depth_6_leaf_20,2025-02-25,-15.787921183468313
FR,rf_depth_6_leaf_20,2025-02-26,-1.5738399913335002
FR,rf_depth_6_leaf_20,2025-02-27,-26.00451873313463
FR,rf_depth_6_leaf_20,2025-02-28,-74.20976715552659
FR,rf_depth_6_leaf_20,2025-03-01,-4.3174628419717465
FR,rf_depth_6_leaf_20,2025-03-02,38.087644292793726
FR,rf_depth_6_leaf_20,2025-03-03,-62.13385301842314
FR,rf_depth_6_leaf_20,2025-03-04,-85.849899040649
FR,rf_depth_6_leaf_20,2025-03-05,-86.09084433375017
FR,rf_depth_6_leaf_20,2025-03-06,-42.37447016814269
FR,rf_depth_6_leaf_20,2025-03-07,-32.994482140832815
FR,rf_depth_6_leaf_20,2025-03-08,-39.596216502988014
FR,rf_depth_6_leaf_20,2025-03-09,18.26169613757925
FR,rf_depth_6_leaf_20,2025-03-10,-2.30051901496995
FR,rf_depth_6_leaf_20,2025-03-11,-1.7246869722695237
FR,rf_depth_6_leaf_20,2025-03-12,-0.2302475596116551
FR,rf_depth_6_leaf_20,2025-03-13,-0.043274042711601624
FR,rf_depth_6_leaf_20,2025-03-14,-31.930819916891153
FR,rf_depth_6_leaf_20,2025-03-15,-9.264329953124417
FR,rf_depth_6_leaf_20,2025-03-16,-43.590374393697516
FR,rf_depth_6_leaf_20,2025-03-17,-71.81191938683452
FR,rf_depth_6_leaf_20,2025-03-18,-23.64232408789971
FR,rf_depth_6_leaf_20,2025-03-19,-4.546829287036132
FR,rf_depth_6_leaf_20,2025-03-20,-54.59306588272858
FR,rf_depth_6_leaf_20,2025-03-21,-6.025796254387657
FR,rf_depth_6_leaf_20,2025-03-22,-0.8044165277647863
FR,rf_depth_6_leaf_20,2025-03-23,-7.560317395431113
FR,rf_depth_6_leaf_20,2025-03-24,1.3101216430927138
FR,rf_depth_6_leaf_20,2025-03-25,-0.3245553203367706
FR,rf_depth_6_leaf_20,2025-03-26,-0.36242010770938293
FR,rf_depth_6_leaf_20,2025-03-27,0.0
FR,rf_depth_6_leaf_20,2025-03-28,4.28088467524185
FR,rf_depth_6_leaf_20,2025-03-29,0.0
FR,rf_depth_6_leaf_20,2025-03-30,48.90000331834712
FR,rf_depth_6_leaf_20,2025-03-31,-29.40645137416095
FR,rf_depth_6_leaf_20,2025-04-01,-6.749205462068744
FR,rf_depth_6_leaf_20,2025-04-02,17.451802110454594
FR,rf_depth_6_leaf_20,2025-04-03,-15.690363633625793
FR,rf_depth_6_leaf_20,2025-04-04,-21.267526263046193
FR,rf_depth_6_leaf_20,2025-04-05,-33.156640547555156
FR,rf_depth_6_leaf_20,2025-04-06,-26.428102071607498
FR,rf_depth_6_leaf_20,2025-04-07,0.17836297864425887
FR,rf_depth_6_leaf_20,2025-04-08,31.91970459317423
FR,rf_depth_6_leaf_20,2025-04-09,8.81508861960208
FR,rf_depth_6_leaf_20,2025-04-10,-0.9188773268037949
FR,rf_depth_6_leaf_20,2025-04-11,2.390063913832506
FR,rf_depth_6_leaf_20,2025-04-12,-0.5550977828826404
FR,rf_depth_6_leaf_20,2025-04-13,-11.770833673986743
FR,rf_depth_6_leaf_20,2025-04-14,-5.157784210731464
FR,rf_depth_6_leaf_20,2025-04-15,-0.04527546718698261
FR,rf_depth_6_leaf_20,2025-04-16,9.053087735542533
FR,rf_depth_6_leaf_20,2025-04-17,31.106592956892456
FR,rf_depth_6_leaf_20,2025-04-18,-30.841586659783644
FR,rf_depth_6_leaf_20,2025-04-19,50.17071848002733
FR,rf_depth_6_leaf_20,2025-04-20,20.52324941597118
FR,rf_depth_6_leaf_20,2025-04-21,-40.62946214849009
FR,rf_depth_6_leaf_20,2025-04-22,-77.3953720901552
FR,rf_depth_6_leaf_20,2025-04-23,-0.5142890944717067
FR,rf_depth_6_leaf_20,2025-04-24,3.6257677263794363
FR,rf_depth_6_leaf_20,2025-04-25,10.375551190925364
FR,rf_depth_6_leaf_20,2025-04-26,1.9399820799855974
FR,rf_depth_6_leaf_20,2025-04-27,-18.453361052306434
FR,rf_depth_6_leaf_20,2025-04-28,0.0
FR,rf_depth_6_leaf_20,2025-04-29,-11.707562149691526
FR,rf_depth_6_leaf_20,2025-04-30,-12.192366466290082
FR,rf_depth_6_leaf_20,2025-05-01,-0.48455192400169267
FR,rf_depth_6_leaf_20,2025-05-02,0.3570108523704363
FR,rf_depth_6_leaf_20,2025-05-03,-2.6843628285954466
FR,rf_depth_6_leaf_20,2025-05-04,25.485548540615532
FR,rf_depth_6_leaf_20,2025-05-05,0.0
FR,rf_depth_6_leaf_20,2025-05-06,-3.9145276013636874
FR,rf_depth_6_leaf_20,2025-05-07,-29.98484752535674
FR,rf_depth_6_leaf_20,2025-05-08,-8.095077195390976
FR,rf_depth_6_leaf_20,2025-05-09,9.130419380773837
FR,rf_depth_6_leaf_20,2025-05-10,73.23588433263947
FR,rf_depth_6_leaf_20,2025-05-11,107.66497664472274
FR,rf_depth_6_leaf_20,2025-05-12,4.56727169359398
FR,rf_depth_6_leaf_20,2025-05-13,-25.069708743971688
FR,rf_depth_6_leaf_20,2025-05-14,-12.644011883461758
FR,rf_depth_6_leaf_20,2025-05-15,-19.420670048904682
FR,rf_depth_6_leaf_20,2025-05-16,-0.2669417840691324
FR,rf_depth_6_leaf_20,2025-05-17,-3.799131445121809
FR,rf_depth_6_leaf_20,2025-05-18,17.22226793925107
FR,rf_depth_6_leaf_20,2025-05-19,9.356509512050494
FR,rf_depth_6_leaf_20,2025-05-20,-21.565105748790053
FR,rf_depth_6_leaf_20,2025-05-21,4.5718696812852215
FR,rf_depth_6_leaf_20,2025-05-22,-34.50577525223274
FR,rf_depth_6_leaf_20,2025-05-23,-44.056207355940465
FR,rf_depth_6_leaf_20,2025-05-24,-2.8102910238799197
FR,rf_depth_6_leaf_20,2025-05-25,13.377771297166234
FR,rf_depth_6_leaf_20,2025-05-26,-2.4538601327371055
FR,rf_depth_6_leaf_20,2025-05-27,1.1376492941433725
FR,rf_depth_6_leaf_20,2025-05-28,-19.52424467824818
FR,rf_depth_6_leaf_20,2025-05-29,-0.7593000979321687
FR,rf_depth_6_leaf_20,2025-05-30,-11.631463041707377
FR,rf_depth_6_leaf_20,2025-05-31,-16.819756396442727
FR,rf_depth_6_leaf_20,2025-06-01,26.482286136054725
FR,rf_depth_6_leaf_20,2025-06-02,-24.197777777777773
FR,rf_depth_6_leaf_20,2025-06-03,4.787396626679467
FR,rf_depth_6_leaf_20,2025-06-04,31.75307848912107
FR,rf_depth_6_leaf_20,2025-06-05,0.5653150939713836
FR,rf_depth_6_leaf_20,2025-06-06,-1.0300000000000011
FR,rf_depth_6_leaf_20,2025-06-07,0.002163702135575818
FR,rf_depth_6_leaf_20,2025-06-08,25.421339797711823
FR,rf_depth_6_leaf_20,2025-06-09,38.14222222222223
FR,rf_depth_6_leaf_20,2025-06-10,-15.440000000000012
FR,rf_depth_6_leaf_20,2025-06-11,1.8338307540698082
FR,rf_depth_6_leaf_20,2025-06-12,43.58645020925394
FR,rf_depth_6_leaf_20,2025-06-13,-5.599999999999994
FR,rf_depth_6_leaf_20,2025-06-14,-69.6013347709714
FR,rf_depth_6_leaf_20,2025-06-15,10.95246638440409
FR,rf_depth_6_leaf_20,2025-06-16,-26.231087430345482
FR,rf_depth_6_leaf_20,2025-06-17,-29.2954911064067
FR,rf_depth_6_leaf_20,2025-06-18,1.02884285552949
FR,rf_depth_6_leaf_20,2025-06-19,-17.61508893593262
FR,rf_depth_6_leaf_20,2025-06-20,-83.65208633229281
FR,rf_depth_6_leaf_20,2025-06-21,0.0
FR,rf_depth_6_leaf_20,2025-06-22,40.641660076535544
FR,rf_depth_6_leaf_20,2025-06-23,-7.143437294700817
FR,rf_depth_6_leaf_20,2025-06-24,-24.95988890819234
FR,rf_depth_6_leaf_20,2025-06-25,0.7962763674795781
FR,rf_depth_6_leaf_20,2025-06-26,13.560064308204431
FR,rf_depth_6_leaf_20,2025-06-27,13.123748619084154
FR,rf_depth_6_leaf_20,2025-06-28,31.35002926004333
FR,rf_depth_6_leaf_20,2025-06-29,0.16888888888888687
FR,rf_depth_6_leaf_20,2025-06-30,0.0
FR,rf_depth_6_leaf_20,2025-07-01,14.179060991886388
FR,rf_depth_6_leaf_20,2025-07-02,9.45357125823898
FR,rf_depth_6_leaf_20,2025-07-03,-24.323688252783583
FR,rf_depth_6_leaf_20,2025-07-04,-5.629222222222211
FR,rf_depth_6_leaf_20,2025-07-05,37.81417567888391
FR,rf_depth_6_leaf_20,2025-07-06,32.65737791890905
FR,rf_depth_6_leaf_20,2025-07-07,82.2405586092882
FR,rf_depth_6_leaf_20,2025-07-08,-27.933165681177314
FR,rf_depth_6_leaf_20,2025-07-09,29.69916040303849
FR,rf_depth_6_leaf_20,2025-07-10,6.482999999999976
FR,rf_depth_6_leaf_20,2025-07-11,-6.662150357674079
FR,rf_depth_6_leaf_20,2025-07-12,29.687999999999988
FR,rf_depth_6_leaf_20,2025-07-13,-5.757000000000005
FR,rf_depth_6_leaf_20,2025-07-14,39.77153134857797
FR,rf_depth_6_leaf_20,2025-07-15,-38.39017033685414
FR,rf_depth_6_leaf_20,2025-07-16,-9.575341874098413
FR,rf_depth_6_leaf_20,2025-07-17,-25.404647423579902
FR,rf_depth_6_leaf_20,2025-07-18,-14.983555976306178
FR,rf_depth_6_leaf_20,2025-07-19,-11.981870054377964
FR,rf_depth_6_leaf_20,2025-07-20,-24.941111111111127
FR,rf_depth_6_leaf_20,2025-07-21,-5.93566666666667
FR,rf_depth_6_leaf_20,2025-07-22,13.00399999999999
FR,rf_depth_6_leaf_20,2025-07-23,0.0
FR,rf_depth_6_leaf_20,2025-07-24,4.460889477950417
FR,rf_depth_6_leaf_20,2025-07-25,34.971327489441165
FR,rf_depth_6_leaf_20,2025-07-26,0.0
FR,rf_depth_6_leaf_20,2025-07-27,15.932270575303505
FR,rf_depth_6_leaf_20,2025-07-28,-3.606999999999985
FR,rf_depth_6_leaf_20,2025-07-29,-0.10555555555555429
FR,rf_depth_6_leaf_20,2025-07-30,0.0
FR,rf_depth_6_leaf_20,2025-07-31,-39.56999999999999
FR,rf_depth_6_leaf_20,2025-08-01,-0.43165857604788016
FR,rf_depth_6_leaf_20,2025-08-02,31.216000000000008
FR,rf_depth_6_leaf_20,2025-08-03,54.19199999999998
FR,rf_depth_6_leaf_20,2025-08-04,2.173000000000002
FR,rf_depth_6_leaf_20,2025-08-05,-5.772534903185161
FR,rf_depth_6_leaf_20,2025-08-06,2.273251482265522
FR,rf_depth_6_leaf_20,2025-08-07,0.0
FR,rf_depth_6_leaf_20,2025-08-08,13.210850062035263
FR,rf_depth_6_leaf_20,2025-08-09,0.9180310221284458
FR,rf_depth_6_leaf_20,2025-08-10,-12.99222378358374
FR,rf_depth_6_leaf_20,2025-08-11,9.859221516565825
FR,rf_depth_6_leaf_20,2025-08-12,-34.5915562166245
FR,rf_depth_6_leaf_20,2025-08-13,-8.33726650770042
FR,rf_depth_6_leaf_20,2025-08-14,-13.51390849190578
FR,rf_depth_6_leaf_20,2025-08-15,13.239553708300434
FR,rf_depth_6_leaf_20,2025-08-16,12.064193353533852
FR,rf_depth_6_leaf_20,2025-08-17,7.566775813927791
FR,rf_depth_6_leaf_20,2025-08-18,-56.47254988600828
FR,rf_depth_6_leaf_20,2025-08-19,-3.7805575133181293
FR,rf_depth_6_leaf_20,2025-08-20,25.257000000000005
FR,rf_depth_6_leaf_20,2025-08-21,8.868840294501396
FR,rf_depth_6_leaf_20,2025-08-22,-19.993273292467748
FR,rf_depth_6_leaf_20,2025-08-23,-0.18391468152415769
FR,rf_depth_6_leaf_20,2025-08-24,38.55661199925564
FR,rf_depth_6_leaf_20,2025-08-25,-20.79639882168999
FR,rf_depth_6_leaf_20,2025-08-26,-26.510494105406323
FR,rf_depth_6_leaf_20,2025-08-27,-5.667805409551676
FR,rf_depth_6_leaf_20,2025-08-28,-1.8607838365973919
FR,rf_depth_6_leaf_20,2025-08-29,0.0
FR,rf_depth_6_leaf_20,2025-08-30,43.53129112424173
FR,rf_depth_6_leaf_20,2025-08-31,-12.058895507374416
FR,rf_depth_6_leaf_20,2025-09-01,0.0
FR,rf_depth_6_leaf_20,2025-09-02,0.0
FR,rf_depth_6_leaf_20,2025-09-03,-1.698143103510418
FR,rf_depth_6_leaf_20,2025-09-04,-9.317555555555572
FR,rf_depth_6_leaf_20,2025-09-05,-20.619503887144077
FR,rf_depth_6_leaf_20,2025-09-06,0.0
FR,rf_depth_6_leaf_20,2025-09-07,42.375153700424164
FR,rf_depth_6_leaf_20,2025-09-08,5.975159784581251
FR,rf_depth_6_leaf_20,2025-09-09,10.339999999999975
FR,rf_depth_6_leaf_20,2025-09-10,3.136517106894267
FR,rf_depth_6_leaf_20,2025-09-11,-17.804927278758832
FR,rf_depth_6_leaf_20,2025-09-12,6.830847375307997
FR,rf_depth_6_leaf_20,2025-09-13,0.8830680564599822
FR,rf_depth_6_leaf_20,2025-09-14,-14.634883313669471
FR,rf_depth_6_leaf_20,2025-09-15,0.27693913485406074
FR,rf_depth_6_leaf_20,2025-09-16,-6.063739812716719
FR,rf_depth_6_leaf_20,2025-09-17,24.3163496341827
FR,rf_depth_6_leaf_20,2025-09-18,-21.295621915797
FR,rf_depth_6_leaf_20,2025-09-19,-18.9351854251386
FR,rf_depth_6_leaf_20,2025-09-20,0.46392161634024376
FR,rf_depth_6_leaf_20,2025-09-21,8.449191071324154
FR,rf_depth_6_leaf_20,2025-09-22,-15.232416847112319
FR,rf_depth_6_leaf_20,2025-09-23,-0.1947331922020652
FR,rf_depth_6_leaf_20,2025-09-24,-1.1631615466663732
FR,rf_depth_6_leaf_20,2025-09-25,-28.036696717536415
FR,rf_depth_6_leaf_20,2025-09-26,-25.363815699239268
FR,rf_depth_6_leaf_20,2025-09-27,7.595676744443722
FR,rf_depth_6_leaf_20,2025-09-28,-6.761967457092624
FR,rf_depth_6_leaf_20,2025-09-29,-16.08630206381133
FR,rf_depth_6_leaf_20,2025-09-30,-16.58254118811928
FR,ridge_alpha_10,2025-01-09,-0.5593755505414606
FR,ridge_alpha_10,2025-01-10,7.95362519465624
FR,ridge_alpha_10,2025-01-11,0.265152924789561
FR,ridge_alpha_10,2025-01-12,-7.658913913018182
FR,ridge_alpha_10,2025-01-13,-1.3523533074138072
FR,ridge_alpha_10,2025-01-14,-9.950394430627796
FR,ridge_alpha_10,2025-01-15,0.0
FR,ridge_alpha_10,2025-01-16,-8.884528123517384
FR,ridge_alpha_10,2025-01-17,0.6945483855206476
FR,ridge_alpha_10,2025-01-18,0.0
FR,ridge_alpha_10,2025-01-19,0.12549472386353955
FR,ridge_alpha_10,2025-01-20,0.0
FR,ridge_alpha_10,2025-01-21,1.5275737077183749
FR,ridge_alpha_10,2025-01-22,0.0
FR,ridge_alpha_10,2025-01-23,-0.4240856185733719
FR,ridge_alpha_10,2025-01-24,-4.852118268971253
FR,ridge_alpha_10,2025-01-25,13.386141547248428
FR,ridge_alpha_10,2025-01-26,74.4119502154215
FR,ridge_alpha_10,2025-01-27,12.354944539733367
FR,ridge_alpha_10,2025-01-28,-35.79989234203961
FR,ridge_alpha_10,2025-01-29,15.029837421254484
FR,ridge_alpha_10,2025-01-30,-5.333053061462067
FR,ridge_alpha_10,2025-01-31,-34.32972215731684
FR,ridge_alpha_10,2025-02-01,0.0
FR,ridge_alpha_10,2025-02-02,0.0
FR,ridge_alpha_10,2025-02-03,44.59473907766471
FR,ridge_alpha_10,2025-02-04,-8.961411805180092
FR,ridge_alpha_10,2025-02-05,8.210904354324441
FR,ridge_alpha_10,2025-02-06,-3.495914381426587
FR,ridge_alpha_10,2025-02-07,-0.6112458533008862
FR,ridge_alpha_10,2025-02-08,-6.481431371725989
FR,ridge_alpha_10,2025-02-09,-2.298555095263623
FR,ridge_alpha_10,2025-02-10,0.4568356794071633
FR,ridge_alpha_10,2025-02-11,-0.09374239502392356
FR,ridge_alpha_10,2025-02-12,-1.0239179431090406
FR,ridge_alpha_10,2025-02-13,6.128888888888866
FR,ridge_alpha_10,2025-02-14,0.24341649025274137
FR,ridge_alpha_10,2025-02-15,3.053333333333285
FR,ridge_alpha_10,2025-02-16,1.0949414657094394
FR,ridge_alpha_10,2025-02-17,-10.619569208231155
FR,ridge_alpha_10,2025-02-18,-37.968943301831075
FR,ridge_alpha_10,2025-02-19,14.151471220513201
FR,ridge_alpha_10,2025-02-20,0.04543774484710639
FR,ridge_alpha_10,2025-02-21,0.0
FR,ridge_alpha_10,2025-02-22,0.2920997883030907
FR,ridge_alpha_10,2025-02-23,4.009960920706675
FR,ridge_alpha_10,2025-02-24,-0.9329883608613727
FR,ridge_alpha_10,2025-02-25,0.7032031940629508
FR,ridge_alpha_10,2025-02-26,-2.810649074116327
FR,ridge_alpha_10,2025-02-27,-7.253736997219903
FR,ridge_alpha_10,2025-02-28,8.087951830421389
FR,ridge_alpha_10,2025-03-01,0.0
FR,ridge_alpha_10,2025-03-02,28.359713604430368
FR,ridge_alpha_10,2025-03-03,-0.6789466384404079
FR,ridge_alpha_10,2025-03-04,-1.2981270023967966
FR,ridge_alpha_10,2025-03-05,-34.325955240079395
FR,ridge_alpha_10,2025-03-06,2.4509412791363445
FR,ridge_alpha_10,2025-03-07,8.156274949091511
FR,ridge_alpha_10,2025-03-08,5.2872969468546955
FR,ridge_alpha_10,2025-03-09,-9.134792458474223
FR,ridge_alpha_10,2025-03-10,-4.099849759908693
FR,ridge_alpha_10,2025-03-11,15.579095645675608
FR,ridge_alpha_10,2025-03-12,9.67299143389755
FR,ridge_alpha_10,2025-03-13,6.051915843414292
FR,ridge_alpha_10,2025-03-14,13.856598185397786
FR,ridge_alpha_10,2025-03-15,-0.7197395643352706
FR,ridge_alpha_10,2025-03-16,-17.506326353929808
FR,ridge_alpha_10,2025-03-17,-0.7664914815286465
FR,ridge_alpha_10,2025-03-18,0.009574381949903454
FR,ridge_alpha_10,2025-03-19,3.22268888242769
FR,ridge_alpha_10,2025-03-20,0.28885423509970565
FR,ridge_alpha_10,2025-03-21,0.0
FR,ridge_alpha_10,2025-03-22,7.550233238845337
FR,ridge_alpha_10,2025-03-23,-8.291174441969446
FR,ridge_alpha_10,2025-03-24,-47.48423432768675
FR,ridge_alpha_10,2025-03-25,-0.9531107907223202
FR,ridge_alpha_10,2025-03-26,4.281985455148373
FR,ridge_alpha_10,2025-03-27,-0.44247708672577346
FR,ridge_alpha_10,2025-03-28,0.0
FR,ridge_alpha_10,2025-03-29,-22.749069143325656
FR,ridge_alpha_10,2025-03-30,0.0
FR,ridge_alpha_10,2025-03-31,1.4745630053967034
FR,ridge_alpha_10,2025-04-01,10.21942748970821
FR,ridge_alpha_10,2025-04-02,23.280101231040646
FR,ridge_alpha_10,2025-04-03,-31.64154453388636
FR,ridge_alpha_10,2025-04-04,0.0
FR,ridge_alpha_10,2025-04-05,-33.861520610773226
FR,ridge_alpha_10,2025-04-06,-26.482194624996907
FR,ridge_alpha_10,2025-04-07,0.0
FR,ridge_alpha_10,2025-04-08,0.0
FR,ridge_alpha_10,2025-04-09,0.0
FR,ridge_alpha_10,2025-04-10,-0.43771694202752087
FR,ridge_alpha_10,2025-04-11,0.0
FR,ridge_alpha_10,2025-04-12,0.5296084568231976
FR,ridge_alpha_10,2025-04-13,-0.7254861212367274
FR,ridge_alpha_10,2025-04-14,-15.27460301234909
FR,ridge_alpha_10,2025-04-15,10.02295221568896
FR,ridge_alpha_10,2025-04-16,-1.247374281160944
FR,ridge_alpha_10,2025-04-17,18.470115720117946
FR,ridge_alpha_10,2025-04-18,-30.841586659783644
FR,ridge_alpha_10,2025-04-19,-7.378341068080218
FR,ridge_alpha_10,2025-04-20,-0.9910256831691271
FR,ridge_alpha_10,2025-04-21,-68.43890810356777
FR,ridge_alpha_10,2025-04-22,-20.40274775630371
FR,ridge_alpha_10,2025-04-23,8.687492586656504
FR,ridge_alpha_10,2025-04-24,8.302429058091576
FR,ridge_alpha_10,2025-04-25,1.3387387167466613
FR,ridge_alpha_10,2025-04-26,0.0
FR,ridge_alpha_10,2025-04-27,2.4703272542224113
FR,ridge_alpha_10,2025-04-28,4.138021104545771
FR,ridge_alpha_10,2025-04-29,-15.196265728007504
FR,ridge_alpha_10,2025-04-30,-69.60442674242793
FR,ridge_alpha_10,2025-05-01,7.694075384660152
FR,ridge_alpha_10,2025-05-02,0.3570108523704363
FR,ridge_alpha_10,2025-05-03,3.0362973777509907
FR,ridge_alpha_10,2025-05-04,4.23847000186092
FR,ridge_alpha_10,2025-05-05,0.8936745159792601
FR,ridge_alpha_10,2025-05-06,-20.97104790798113
FR,ridge_alpha_10,2025-05-07,-26.157462298538817
FR,ridge_alpha_10,2025-05-08,1.1699181489322115
FR,ridge_alpha_10,2025-05-09,7.4912510533984005
FR,ridge_alpha_10,2025-05-10,70.39169787542167
FR,ridge_alpha_10,2025-05-11,55.14365496577321
FR,ridge_alpha_10,2025-05-12,-7.784715766974813
FR,ridge_alpha_10,2025-05-13,-78.38137830417662
FR,ridge_alpha_10,2025-05-14,-6.779610293932706
FR,ridge_alpha_10,2025-05-15,0.0
FR,ridge_alpha_10,2025-05-16,-14.151999999999997
FR,ridge_alpha_10,2025-05-17,1.4479494691290569
FR,ridge_alpha_10,2025-05-18,-11.797397691224717
FR,ridge_alpha_10,2025-05-19,3.5731898313927246
FR,ridge_alpha_10,2025-05-20,-23.128724251965515
FR,ridge_alpha_10,2025-05-21,3.59571165675996
FR,ridge_alpha_10,2025-05-22,-5.938370494405319
FR,ridge_alpha_10,2025-05-23,5.5646888459034045
FR,ridge_alpha_10,2025-05-24,0.01783629786442731
FR,ridge_alpha_10,2025-05-25,0.2665766144726547
FR,ridge_alpha_10,2025-05-26,-4.127652192781184
FR,ridge_alpha_10,2025-05-27,-1.0297287352731246
FR,ridge_alpha_10,2025-05-28,-15.141276710188805
FR,ridge_alpha_10,2025-05-29,16.456677544374514
FR,ridge_alpha_10,2025-05-30,-3.1030203674645804
FR,ridge_alpha_10,2025-05-31,7.858323701644309
FR,ridge_alpha_10,2025-06-01,-1.0959151316704663
FR,ridge_alpha_10,2025-06-02,-23.09589092979239
FR,ridge_alpha_10,2025-06-03,4.713717210700224
FR,ridge_alpha_10,2025-06-04,-10.41231619701669
FR,ridge_alpha_10,2025-06-05,6.72621004370904
FR,ridge_alpha_10,2025-06-06,-4.450392590501181
FR,ridge_alpha_10,2025-06-07,0.01108185106778592
FR,ridge_alpha_10,2025-06-08,10.02983540464703
FR,ridge_alpha_10,2025-06-09,6.933991588992399
FR,ridge_alpha_10,2025-06-10,-16.580000000000013
FR,ridge_alpha_10,2025-06-11,1.8338307540698082
FR,ridge_alpha_10,2025-06-12,15.947949505653412
FR,ridge_alpha_10,2025-06-13,0.0
FR,ridge_alpha_10,2025-06-14,-42.479540570649874
FR,ridge_alpha_10,2025-06-15,-0.08546623435535139
FR,ridge_alpha_10,2025-06-16,-26.494000000000014
FR,ridge_alpha_10,2025-06-17,-29.288999999999987
FR,ridge_alpha_10,2025-06-18,0.8956397202578614
FR,ridge_alpha_10,2025-06-19,-2.3774892875593707
FR,ridge_alpha_10,2025-06-20,-0.13752876122464386
FR,ridge_alpha_10,2025-06-21,-1.5739936634032858
FR,ridge_alpha_10,2025-06-22,0.0
FR,ridge_alpha_10,2025-06-23,-40.53954311950312
FR,ridge_alpha_10,2025-06-24,-12.096271291105552
FR,ridge_alpha_10,2025-06-25,0.1730961708462928
FR,ridge_alpha_10,2025-06-26,-17.471999999999994
FR,ridge_alpha_10,2025-06-27,-0.9919929324094596
FR,ridge_alpha_10,2025-06-28,0.0
FR,ridge_alpha_10,2025-06-29,-0.23091464807026796
FR,ridge_alpha_10,2025-06-30,-0.9479999999999933
FR,ridge_alpha_10,2025-07-01,2.9154388905041344
FR,ridge_alpha_10,2025-07-02,-8.36090733001572
FR,ridge_alpha_10,2025-07-03,-0.46333333333332405
FR,ridge_alpha_10,2025-07-04,11.11277777777778
FR,ridge_alpha_10,2025-07-05,-2.077616422730614
FR,ridge_alpha_10,2025-07-06,23.85848163995822
FR,ridge_alpha_10,2025-07-07,86.94555860928821
FR,ridge_alpha_10,2025-07-08,2.5360625917480206
FR,ridge_alpha_10,2025-07-09,10.21033333333338
FR,ridge_alpha_10,2025-07-10,5.085437838133686
FR,ridge_alpha_10,2025-07-11,-6.340344948122379
FR,ridge_alpha_10,2025-07-12,-3.6659139697803766
FR,ridge_alpha_10,2025-07-13,20.174222222222227
FR,ridge_alpha_10,2025-07-14,58.13400000000001
FR,ridge_alpha_10,2025-07-15,-42.323074015959094
FR,ridge_alpha_10,2025-07-16,-2.5849999999999937
FR,ridge_alpha_10,2025-07-17,1.6338138428797322
FR,ridge_alpha_10,2025-07-18,-5.378038591634805
FR,ridge_alpha_10,2025-07-19,0.0
FR,ridge_alpha_10,2025-07-20,-27.590000000000003
FR,ridge_alpha_10,2025-07-21,9.411000000000008
FR,ridge_alpha_10,2025-07-22,0.0
FR,ridge_alpha_10,2025-07-23,-27.852100538546914
FR,ridge_alpha_10,2025-07-24,20.46599999999998
FR,ridge_alpha_10,2025-07-25,5.145771933885641
FR,ridge_alpha_10,2025-07-26,-24.18936976341155
FR,ridge_alpha_10,2025-07-27,-3.213284980252041
FR,ridge_alpha_10,2025-07-28,-2.9719534232077365
FR,ridge_alpha_10,2025-07-29,-13.019999999999996
FR,ridge_alpha_10,2025-07-30,-0.2380072349136242
FR,ridge_alpha_10,2025-07-31,2.6770744661054096
FR,ridge_alpha_10,2025-08-01,-0.43165857604788016
FR,ridge_alpha_10,2025-08-02,-2.130489307797262
FR,ridge_alpha_10,2025-08-03,-4.5509147017620535
FR,ridge_alpha_10,2025-08-04,1.967111111111123
FR,ridge_alpha_10,2025-08-05,15.07101256378074
FR,ridge_alpha_10,2025-08-06,-1.5967485177344827
FR,ridge_alpha_10,2025-08-07,-11.435358973890715
FR,ridge_alpha_10,2025-08-08,12.010195515090459
FR,ridge_alpha_10,2025-08-09,-4.503479613258634
FR,ridge_alpha_10,2025-08-10,-35.733457464405404
FR,ridge_alpha_10,2025-08-11,17.88555555555554
FR,ridge_alpha_10,2025-08-12,-6.00888888888889
FR,ridge_alpha_10,2025-08-13,1.947177936744012
FR,ridge_alpha_10,2025-08-14,14.20882177632106
FR,ridge_alpha_10,2025-08-15,13.099000000000046
FR,ridge_alpha_10,2025-08-16,-11.132222222222254
FR,ridge_alpha_10,2025-08-17,-20.757000000000005
FR,ridge_alpha_10,2025-08-18,-18.21655854440945
FR,ridge_alpha_10,2025-08-19,4.2660480448672615
FR,ridge_alpha_10,2025-08-20,0.0
FR,ridge_alpha_10,2025-08-21,-9.284136524566208
FR,ridge_alpha_10,2025-08-22,0.9682567056713225
FR,ridge_alpha_10,2025-08-23,-20.03343244032959
FR,ridge_alpha_10,2025-08-24,-10.523388000744347
FR,ridge_alpha_10,2025-08-25,-20.48333333333329
FR,ridge_alpha_10,2025-08-26,-20.382000000000005
FR,ridge_alpha_10,2025-08-27,-1.4096519413293152
FR,ridge_alpha_10,2025-08-28,-1.4196049711529781
FR,ridge_alpha_10,2025-08-29,-3.5580048361090917
FR,ridge_alpha_10,2025-08-30,28.59800000000004
FR,ridge_alpha_10,2025-08-31,12.431470039373117
FR,ridge_alpha_10,2025-09-01,-16.942320769552595
FR,ridge_alpha_10,2025-09-02,-23.890569968620582
FR,ridge_alpha_10,2025-09-03,-0.18889119643598917
FR,ridge_alpha_10,2025-09-04,-53.832337900769716
FR,ridge_alpha_10,2025-09-05,-1.2128682547806875
FR,ridge_alpha_10,2025-09-06,4.104857497672484
FR,ridge_alpha_10,2025-09-07,-0.7225841099424883
FR,ridge_alpha_10,2025-09-08,-31.09095256141518
FR,ridge_alpha_10,2025-09-09,-111.06979881333318
FR,ridge_alpha_10,2025-09-10,24.372476750103907
FR,ridge_alpha_10,2025-09-11,7.105427357601002e-15
FR,ridge_alpha_10,2025-09-12,-1.7453573740291262
FR,ridge_alpha_10,2025-09-13,-2.5036528031218666
FR,ridge_alpha_10,2025-09-14,-12.2630551043947
FR,ridge_alpha_10,2025-09-15,0.27693913485406074
FR,ridge_alpha_10,2025-09-16,-31.694345041408937
FR,ridge_alpha_10,2025-09-17,-76.44188336939038
FR,ridge_alpha_10,2025-09-18,-44.39726674286581
FR,ridge_alpha_10,2025-09-19,16.63812235483647
FR,ridge_alpha_10,2025-09-20,0.5796796805936992
FR,ridge_alpha_10,2025-09-21,-4.478950462708195
FR,ridge_alpha_10,2025-09-22,-0.5508785637182712
FR,ridge_alpha_10,2025-09-23,-1.3436590261941745
FR,ridge_alpha_10,2025-09-24,-4.018223493578461
FR,ridge_alpha_10,2025-09-25,-0.7882245419441176
FR,ridge_alpha_10,2025-09-26,-1.5796727457776427
FR,ridge_alpha_10,2025-09-27,0.2913424925556285
FR,ridge_alpha_10,2025-09-28,0.0
FR,ridge_alpha_10,2025-09-29,15.619228788003795
FR,ridge_alpha_10,2025-09-30,-11.41527595484547
FR,seven_day_same_hour,2025-01-09,0.0
FR,seven_day_same_hour,2025-01-10,0.0
FR,seven_day_same_hour,2025-01-11,0.0
FR,seven_day_same_hour,2025-01-12,0.0
FR,seven_day_same_hour,2025-01-13,0.0
FR,seven_day_same_hour,2025-01-14,0.0
FR,seven_day_same_hour,2025-01-15,0.0
FR,seven_day_same_hour,2025-01-16,0.0
FR,seven_day_same_hour,2025-01-17,0.0
FR,seven_day_same_hour,2025-01-18,0.0
FR,seven_day_same_hour,2025-01-19,0.0
FR,seven_day_same_hour,2025-01-20,0.0
FR,seven_day_same_hour,2025-01-21,0.0
FR,seven_day_same_hour,2025-01-22,0.0
FR,seven_day_same_hour,2025-01-23,0.0
FR,seven_day_same_hour,2025-01-24,0.0
FR,seven_day_same_hour,2025-01-25,0.0
FR,seven_day_same_hour,2025-01-26,0.0
FR,seven_day_same_hour,2025-01-27,0.0
FR,seven_day_same_hour,2025-01-28,0.0
FR,seven_day_same_hour,2025-01-29,0.0
FR,seven_day_same_hour,2025-01-30,0.0
FR,seven_day_same_hour,2025-01-31,0.0
FR,seven_day_same_hour,2025-02-01,0.0
FR,seven_day_same_hour,2025-02-02,0.0
FR,seven_day_same_hour,2025-02-03,0.0
FR,seven_day_same_hour,2025-02-04,0.0
FR,seven_day_same_hour,2025-02-05,0.0
FR,seven_day_same_hour,2025-02-06,0.0
FR,seven_day_same_hour,2025-02-07,0.0
FR,seven_day_same_hour,2025-02-08,0.0
FR,seven_day_same_hour,2025-02-09,0.0
FR,seven_day_same_hour,2025-02-10,0.0
FR,seven_day_same_hour,2025-02-11,0.0
FR,seven_day_same_hour,2025-02-12,0.0
FR,seven_day_same_hour,2025-02-13,0.0
FR,seven_day_same_hour,2025-02-14,0.0
FR,seven_day_same_hour,2025-02-15,0.0
FR,seven_day_same_hour,2025-02-16,0.0
FR,seven_day_same_hour,2025-02-17,0.0
FR,seven_day_same_hour,2025-02-18,0.0
FR,seven_day_same_hour,2025-02-19,0.0
FR,seven_day_same_hour,2025-02-20,0.0
FR,seven_day_same_hour,2025-02-21,0.0
FR,seven_day_same_hour,2025-02-22,0.0
FR,seven_day_same_hour,2025-02-23,0.0
FR,seven_day_same_hour,2025-02-24,0.0
FR,seven_day_same_hour,2025-02-25,0.0
FR,seven_day_same_hour,2025-02-26,0.0
FR,seven_day_same_hour,2025-02-27,0.0
FR,seven_day_same_hour,2025-02-28,0.0
FR,seven_day_same_hour,2025-03-01,0.0
FR,seven_day_same_hour,2025-03-02,0.0
FR,seven_day_same_hour,2025-03-03,0.0
FR,seven_day_same_hour,2025-03-04,0.0
FR,seven_day_same_hour,2025-03-05,0.0
FR,seven_day_same_hour,2025-03-06,0.0
FR,seven_day_same_hour,2025-03-07,0.0
FR,seven_day_same_hour,2025-03-08,0.0
FR,seven_day_same_hour,2025-03-09,0.0
FR,seven_day_same_hour,2025-03-10,0.0
FR,seven_day_same_hour,2025-03-11,0.0
FR,seven_day_same_hour,2025-03-12,0.0
FR,seven_day_same_hour,2025-03-13,0.0
FR,seven_day_same_hour,2025-03-14,0.0
FR,seven_day_same_hour,2025-03-15,0.0
FR,seven_day_same_hour,2025-03-16,0.0
FR,seven_day_same_hour,2025-03-17,0.0
FR,seven_day_same_hour,2025-03-18,0.0
FR,seven_day_same_hour,2025-03-19,0.0
FR,seven_day_same_hour,2025-03-20,0.0
FR,seven_day_same_hour,2025-03-21,0.0
FR,seven_day_same_hour,2025-03-22,0.0
FR,seven_day_same_hour,2025-03-23,0.0
FR,seven_day_same_hour,2025-03-24,0.0
FR,seven_day_same_hour,2025-03-25,0.0
FR,seven_day_same_hour,2025-03-26,0.0
FR,seven_day_same_hour,2025-03-27,0.0
FR,seven_day_same_hour,2025-03-28,0.0
FR,seven_day_same_hour,2025-03-29,0.0
FR,seven_day_same_hour,2025-03-30,0.0
FR,seven_day_same_hour,2025-03-31,0.0
FR,seven_day_same_hour,2025-04-01,0.0
FR,seven_day_same_hour,2025-04-02,0.0
FR,seven_day_same_hour,2025-04-03,0.0
FR,seven_day_same_hour,2025-04-04,0.0
FR,seven_day_same_hour,2025-04-05,0.0
FR,seven_day_same_hour,2025-04-06,0.0
FR,seven_day_same_hour,2025-04-07,0.0
FR,seven_day_same_hour,2025-04-08,0.0
FR,seven_day_same_hour,2025-04-09,0.0
FR,seven_day_same_hour,2025-04-10,0.0
FR,seven_day_same_hour,2025-04-11,0.0
FR,seven_day_same_hour,2025-04-12,0.0
FR,seven_day_same_hour,2025-04-13,0.0
FR,seven_day_same_hour,2025-04-14,0.0
FR,seven_day_same_hour,2025-04-15,0.0
FR,seven_day_same_hour,2025-04-16,0.0
FR,seven_day_same_hour,2025-04-17,0.0
FR,seven_day_same_hour,2025-04-18,0.0
FR,seven_day_same_hour,2025-04-19,0.0
FR,seven_day_same_hour,2025-04-20,0.0
FR,seven_day_same_hour,2025-04-21,0.0
FR,seven_day_same_hour,2025-04-22,0.0
FR,seven_day_same_hour,2025-04-23,0.0
FR,seven_day_same_hour,2025-04-24,0.0
FR,seven_day_same_hour,2025-04-25,0.0
FR,seven_day_same_hour,2025-04-26,0.0
FR,seven_day_same_hour,2025-04-27,0.0
FR,seven_day_same_hour,2025-04-28,0.0
FR,seven_day_same_hour,2025-04-29,0.0
FR,seven_day_same_hour,2025-04-30,0.0
FR,seven_day_same_hour,2025-05-01,0.0
FR,seven_day_same_hour,2025-05-02,0.0
FR,seven_day_same_hour,2025-05-03,0.0
FR,seven_day_same_hour,2025-05-04,0.0
FR,seven_day_same_hour,2025-05-05,0.0
FR,seven_day_same_hour,2025-05-06,0.0
FR,seven_day_same_hour,2025-05-07,0.0
FR,seven_day_same_hour,2025-05-08,0.0
FR,seven_day_same_hour,2025-05-09,0.0
FR,seven_day_same_hour,2025-05-10,0.0
FR,seven_day_same_hour,2025-05-11,0.0
FR,seven_day_same_hour,2025-05-12,0.0
FR,seven_day_same_hour,2025-05-13,0.0
FR,seven_day_same_hour,2025-05-14,0.0
FR,seven_day_same_hour,2025-05-15,0.0
FR,seven_day_same_hour,2025-05-16,0.0
FR,seven_day_same_hour,2025-05-17,0.0
FR,seven_day_same_hour,2025-05-18,0.0
FR,seven_day_same_hour,2025-05-19,0.0
FR,seven_day_same_hour,2025-05-20,0.0
FR,seven_day_same_hour,2025-05-21,0.0
FR,seven_day_same_hour,2025-05-22,0.0
FR,seven_day_same_hour,2025-05-23,0.0
FR,seven_day_same_hour,2025-05-24,0.0
FR,seven_day_same_hour,2025-05-25,0.0
FR,seven_day_same_hour,2025-05-26,0.0
FR,seven_day_same_hour,2025-05-27,0.0
FR,seven_day_same_hour,2025-05-28,0.0
FR,seven_day_same_hour,2025-05-29,0.0
FR,seven_day_same_hour,2025-05-30,0.0
FR,seven_day_same_hour,2025-05-31,0.0
FR,seven_day_same_hour,2025-06-01,0.0
FR,seven_day_same_hour,2025-06-02,0.0
FR,seven_day_same_hour,2025-06-03,0.0
FR,seven_day_same_hour,2025-06-04,0.0
FR,seven_day_same_hour,2025-06-05,0.0
FR,seven_day_same_hour,2025-06-06,0.0
FR,seven_day_same_hour,2025-06-07,0.0
FR,seven_day_same_hour,2025-06-08,0.0
FR,seven_day_same_hour,2025-06-09,0.0
FR,seven_day_same_hour,2025-06-10,0.0
FR,seven_day_same_hour,2025-06-11,0.0
FR,seven_day_same_hour,2025-06-12,0.0
FR,seven_day_same_hour,2025-06-13,0.0
FR,seven_day_same_hour,2025-06-14,0.0
FR,seven_day_same_hour,2025-06-15,0.0
FR,seven_day_same_hour,2025-06-16,0.0
FR,seven_day_same_hour,2025-06-17,0.0
FR,seven_day_same_hour,2025-06-18,0.0
FR,seven_day_same_hour,2025-06-19,0.0
FR,seven_day_same_hour,2025-06-20,0.0
FR,seven_day_same_hour,2025-06-21,0.0
FR,seven_day_same_hour,2025-06-22,0.0
FR,seven_day_same_hour,2025-06-23,0.0
FR,seven_day_same_hour,2025-06-24,0.0
FR,seven_day_same_hour,2025-06-25,0.0
FR,seven_day_same_hour,2025-06-26,0.0
FR,seven_day_same_hour,2025-06-27,0.0
FR,seven_day_same_hour,2025-06-28,0.0
FR,seven_day_same_hour,2025-06-29,0.0
FR,seven_day_same_hour,2025-06-30,0.0
FR,seven_day_same_hour,2025-07-01,0.0
FR,seven_day_same_hour,2025-07-02,0.0
FR,seven_day_same_hour,2025-07-03,0.0
FR,seven_day_same_hour,2025-07-04,0.0
FR,seven_day_same_hour,2025-07-05,0.0
FR,seven_day_same_hour,2025-07-06,0.0
FR,seven_day_same_hour,2025-07-07,0.0
FR,seven_day_same_hour,2025-07-08,0.0
FR,seven_day_same_hour,2025-07-09,0.0
FR,seven_day_same_hour,2025-07-10,0.0
FR,seven_day_same_hour,2025-07-11,0.0
FR,seven_day_same_hour,2025-07-12,0.0
FR,seven_day_same_hour,2025-07-13,0.0
FR,seven_day_same_hour,2025-07-14,0.0
FR,seven_day_same_hour,2025-07-15,0.0
FR,seven_day_same_hour,2025-07-16,0.0
FR,seven_day_same_hour,2025-07-17,0.0
FR,seven_day_same_hour,2025-07-18,0.0
FR,seven_day_same_hour,2025-07-19,0.0
FR,seven_day_same_hour,2025-07-20,0.0
FR,seven_day_same_hour,2025-07-21,0.0
FR,seven_day_same_hour,2025-07-22,0.0
FR,seven_day_same_hour,2025-07-23,0.0
FR,seven_day_same_hour,2025-07-24,0.0
FR,seven_day_same_hour,2025-07-25,0.0
FR,seven_day_same_hour,2025-07-26,0.0
FR,seven_day_same_hour,2025-07-27,0.0
FR,seven_day_same_hour,2025-07-28,0.0
FR,seven_day_same_hour,2025-07-29,0.0
FR,seven_day_same_hour,2025-07-30,0.0
FR,seven_day_same_hour,2025-07-31,0.0
FR,seven_day_same_hour,2025-08-01,0.0
FR,seven_day_same_hour,2025-08-02,0.0
FR,seven_day_same_hour,2025-08-03,0.0
FR,seven_day_same_hour,2025-08-04,0.0
FR,seven_day_same_hour,2025-08-05,0.0
FR,seven_day_same_hour,2025-08-06,0.0
FR,seven_day_same_hour,2025-08-07,0.0
FR,seven_day_same_hour,2025-08-08,0.0
FR,seven_day_same_hour,2025-08-09,0.0
FR,seven_day_same_hour,2025-08-10,0.0
FR,seven_day_same_hour,2025-08-11,0.0
FR,seven_day_same_hour,2025-08-12,0.0
FR,seven_day_same_hour,2025-08-13,0.0
FR,seven_day_same_hour,2025-08-14,0.0
FR,seven_day_same_hour,2025-08-15,0.0
FR,seven_day_same_hour,2025-08-16,0.0
FR,seven_day_same_hour,2025-08-17,0.0
FR,seven_day_same_hour,2025-08-18,0.0
FR,seven_day_same_hour,2025-08-19,0.0
FR,seven_day_same_hour,2025-08-20,0.0
FR,seven_day_same_hour,2025-08-21,0.0
FR,seven_day_same_hour,2025-08-22,0.0
FR,seven_day_same_hour,2025-08-23,0.0
FR,seven_day_same_hour,2025-08-24,0.0
FR,seven_day_same_hour,2025-08-25,0.0
FR,seven_day_same_hour,2025-08-26,0.0
FR,seven_day_same_hour,2025-08-27,0.0
FR,seven_day_same_hour,2025-08-28,0.0
FR,seven_day_same_hour,2025-08-29,0.0
FR,seven_day_same_hour,2025-08-30,0.0
FR,seven_day_same_hour,2025-08-31,0.0
FR,seven_day_same_hour,2025-09-01,0.0
FR,seven_day_same_hour,2025-09-02,0.0
FR,seven_day_same_hour,2025-09-03,0.0
FR,seven_day_same_hour,2025-09-04,0.0
FR,seven_day_same_hour,2025-09-05,0.0
FR,seven_day_same_hour,2025-09-06,0.0
FR,seven_day_same_hour,2025-09-07,0.0
FR,seven_day_same_hour,2025-09-08,0.0
FR,seven_day_same_hour,2025-09-09,0.0
FR,seven_day_same_hour,2025-09-10,0.0
FR,seven_day_same_hour,2025-09-11,0.0
FR,seven_day_same_hour,2025-09-12,0.0
FR,seven_day_same_hour,2025-09-13,0.0
FR,seven_day_same_hour,2025-09-14,0.0
FR,seven_day_same_hour,2025-09-15,0.0
FR,seven_day_same_hour,2025-09-16,0.0
FR,seven_day_same_hour,2025-09-17,0.0
FR,seven_day_same_hour,2025-09-18,0.0
FR,seven_day_same_hour,2025-09-19,0.0
FR,seven_day_same_hour,2025-09-20,0.0
FR,seven_day_same_hour,2025-09-21,0.0
FR,seven_day_same_hour,2025-09-22,0.0
FR,seven_day_same_hour,2025-09-23,0.0
FR,seven_day_same_hour,2025-09-24,0.0
FR,seven_day_same_hour,2025-09-25,0.0
FR,seven_day_same_hour,2025-09-26,0.0
FR,seven_day_same_hour,2025-09-27,0.0
FR,seven_day_same_hour,2025-09-28,0.0
FR,seven_day_same_hour,2025-09-29,0.0
FR,seven_day_same_hour,2025-09-30,0.0
