zone,stage,model,day_cet,hours,gross_margin_eur,degradation_eur,net_margin_eur,oracle_gap_eur,discharged_mwh
DE-LU,validation,latest_same_hour,2024-07-01,24,136.8673724440514,28.460498941515414,108.40687350253597,155.3570318108189,2.846049894151541
DE-LU,validation,latest_same_hour,2024-07-02,24,43.76306477661288,18.973665961010276,24.789398815602596,36.24628607622205,1.8973665961010275
DE-LU,validation,latest_same_hour,2024-07-03,24,177.09971803086887,37.46049894151541,139.63921908935345,13.953275579723567,3.7460498941515414
DE-LU,validation,latest_same_hour,2024-07-04,24,174.9578123098191,37.46049894151541,137.4973133683037,90.00169696185958,3.7460498941515414
DE-LU,validation,latest_same_hour,2024-07-05,24,192.87194317300805,37.94733192202055,154.92461125098748,57.80263754751431,3.794733192202055
DE-LU,validation,latest_same_hour,2024-07-06,24,121.15097591570462,46.94733192202055,74.20364399368407,104.36584038669324,4.694733192202055
DE-LU,validation,latest_same_hour,2024-07-07,24,186.08630508403658,46.46049894151541,139.62580614252116,19.869027721002197,4.646049894151541
DE-LU,validation,latest_same_hour,2024-07-08,24,122.26358493619854,18.973665961010276,103.28991897518826,258.81993472043,1.8973665961010275
DE-LU,validation,latest_same_hour,2024-07-09,24,246.26594278061177,27.973665961010276,218.29227681960148,60.60857764452274,2.7973665961010274
DE-LU,validation,latest_same_hour,2024-07-10,24,217.1765756035657,37.94733192202055,179.22924368154514,24.6266503475552,3.794733192202055
DE-LU,validation,latest_same_hour,2024-07-11,24,186.24523687242828,28.973665961010276,157.271570911418,71.73040480043917,2.8973665961010275
DE-LU,validation,latest_same_hour,2024-07-12,24,44.967553990135734,37.94733192202055,7.0202220681151815,19.038104399338998,3.794733192202055
DE-LU,validation,latest_same_hour,2024-07-13,24,114.13499623447012,37.94733192202055,76.18766431244957,54.59459552499577,3.794733192202055
DE-LU,validation,latest_same_hour,2024-07-14,24,221.50035030627828,38.46049894151541,183.03985136476288,148.70053116809217,3.846049894151541
DE-LU,validation,latest_same_hour,2024-07-15,24,159.54333295508758,18.973665961010276,140.5696669940773,334.85077193882483,1.8973665961010275
DE-LU,validation,latest_same_hour,2024-07-16,24,230.31590750633632,27.973665961010273,202.34224154532603,67.64399250348885,2.7973665961010274
DE-LU,validation,latest_same_hour,2024-07-17,24,252.60070170566996,37.94733192202055,214.6533697836494,59.28287965255964,3.794733192202055
DE-LU,validation,latest_same_hour,2024-07-18,24,304.42458743026526,46.94733192202055,257.4772555082447,50.6679986707868,4.6947331922020545
DE-LU,validation,latest_same_hour,2024-07-19,24,232.08109729818767,37.94733192202055,194.1337653761671,24.065087548969416,3.794733192202055
DE-LU,validation,latest_same_hour,2024-07-20,24,236.58573445133004,37.94733192202055,198.63840252930953,26.02774098979853,3.794733192202055
DE-LU,validation,latest_same_hour,2024-07-21,24,198.27688373941274,37.46049894151541,160.8163847978973,35.434369839423795,3.7460498941515414
DE-LU,validation,latest_same_hour,2024-07-22,24,175.37310831886907,28.460498941515414,146.91260937735368,180.62889997033724,2.846049894151541
DE-LU,validation,latest_same_hour,2024-07-23,24,126.69558652898489,37.46049894151541,89.23508758746947,65.6519921749835,3.7460498941515414
DE-LU,validation,latest_same_hour,2024-07-24,24,260.88833537412995,47.434164902525694,213.45417047160427,22.79266523204558,4.743416490252569
DE-LU,validation,latest_same_hour,2024-07-25,24,231.8615655582548,28.973665961010276,202.88789959724454,40.7693118840491,2.8973665961010275
DE-LU,validation,latest_same_hour,2024-07-26,24,120.61009943544816,28.973665961010276,91.63643347443788,35.85069321157488,2.8973665961010275
DE-LU,validation,latest_same_hour,2024-07-27,24,153.4481355147006,37.94733192202055,115.50080359268003,44.94806249034491,3.794733192202055
DE-LU,validation,latest_same_hour,2024-07-28,24,213.3322240572491,37.94733192202055,175.3848921352286,119.3397913735842,3.794733192202055
DE-LU,validation,latest_same_hour,2024-07-29,24,278.7135061793926,27.973665961010273,250.7398402183823,82.96166365648008,2.7973665961010274
DE-LU,validation,latest_same_hour,2024-07-30,24,271.63060399978735,27.973665961010273,243.65693803877707,60.245772965964875,2.7973665961010274
DE-LU,validation,latest_same_hour,2024-07-31,24,228.46300388300563,37.94733192202055,190.51567196098506,3.7537276423200865,3.794733192202055
DE-LU,validation,latest_same_hour,2024-08-01,24,142.91643637812174,37.94733192202055,104.9691044561012,15.127526429327943,3.794733192202055
DE-LU,validation,latest_same_hour,2024-08-02,24,149.1405949987838,28.973665961010276,120.16692903777354,23.158480968797022,2.8973665961010275
DE-LU,validation,latest_same_hour,2024-08-03,24,201.50333384424664,28.973665961010276,172.52966788323636,27.18362614260667,2.8973665961010275
DE-LU,validation,latest_same_hour,2024-08-04,24,139.94516192376395,37.46049894151541,102.48466298224852,103.87306460928983,3.7460498941515414
DE-LU,validation,latest_same_hour,2024-08-05,24,309.0996901060192,27.973665961010273,281.12602414500896,47.80145821168571,2.7973665961010274
DE-LU,validation,latest_same_hour,2024-08-06,24,249.65971087295537,18.973665961010276,230.6860449119451,150.2897856554447,1.8973665961010275
DE-LU,validation,latest_same_hour,2024-08-07,24,220.33084702141178,46.46049894151541,173.87034807989636,23.69523275217466,4.646049894151541
DE-LU,validation,latest_same_hour,2024-08-08,24,275.30269852009724,37.94733192202055,237.3553665980767,5.880067963173445,3.794733192202055
DE-LU,validation,latest_same_hour,2024-08-09,24,221.58478792542624,37.46049894151541,184.1242889839108,37.14450914806207,3.7460498941515414
DE-LU,validation,latest_same_hour,2024-08-10,24,194.94039345728638,37.94733192202055,156.9930615352658,121.91169085631654,3.794733192202055
DE-LU,validation,latest_same_hour,2024-08-11,24,325.6034577279252,37.97366596101027,287.62979176691493,56.19332065904513,3.7973665961010274
DE-LU,validation,latest_same_hour,2024-08-12,24,188.6045880355599,19.486832980505138,169.11775505505477,280.15452726057663,1.9486832980505138
DE-LU,validation,latest_same_hour,2024-08-13,24,275.5900626616194,27.973665961010276,247.61639670060907,59.23821103015956,2.7973665961010274
DE-LU,validation,latest_same_hour,2024-08-14,24,250.54304661726798,37.94733192202055,212.5957146952474,1.6103385750012649,3.794733192202055
DE-LU,validation,latest_same_hour,2024-08-15,24,303.97298056820415,37.94733192202055,266.0256486461836,10.646647423579964,3.794733192202055
DE-LU,validation,latest_same_hour,2024-08-16,24,359.4322307709434,37.94733192202055,321.4848988489229,27.360984330770464,3.794733192202055
DE-LU,validation,latest_same_hour,2024-08-17,24,170.6783652678757,37.94733192202055,132.73103334585517,23.747556538989016,3.794733192202055
DE-LU,validation,latest_same_hour,2024-08-18,24,116.35152051446966,47.434164902525694,68.91735561194396,71.95640609000414,4.743416490252569
DE-LU,validation,latest_same_hour,2024-08-19,24,206.4628183453305,28.460498941515414,178.00231940381508,87.79094602097103,2.846049894151541
DE-LU,validation,latest_same_hour,2024-08-20,24,187.85513066032934,18.973665961010276,168.88146469931905,97.26214623528443,1.8973665961010275
DE-LU,validation,latest_same_hour,2024-08-21,24,280.08845152514414,37.94733192202055,242.1411196031236,45.16813071511589,3.794733192202055
DE-LU,validation,latest_same_hour,2024-08-22,24,277.09223324279674,37.94733192202055,239.14490132077614,15.342520571231887,3.794733192202055
DE-LU,validation,latest_same_hour,2024-08-23,24,242.55180957439273,47.434164902525694,195.11764467186703,28.524187643457452,4.743416490252569
DE-LU,validation,latest_same_hour,2024-08-24,24,246.10573328943997,37.46049894151541,208.64523434792457,64.90596481999884,3.7460498941515414
DE-LU,validation,latest_same_hour,2024-08-25,24,143.38247951487253,38.46049894151541,104.92198057335712,31.635992203391353,3.846049894151541
DE-LU,validation,latest_same_hour,2024-08-26,24,298.7405869050946,27.973665961010276,270.7669209440843,120.1471601059045,2.7973665961010274
DE-LU,validation,latest_same_hour,2024-08-27,24,301.94891883726086,19.486832980505138,282.4620858567557,164.84567802485088,1.9486832980505138
DE-LU,validation,latest_same_hour,2024-08-28,24,377.756940609844,37.94733192202055,339.8096086878234,24.189642755781676,3.794733192202055
DE-LU,validation,latest_same_hour,2024-08-29,24,418.9699352688021,37.94733192202055,381.0226033467815,8.133313775998488,3.794733192202055
DE-LU,validation,latest_same_hour,2024-08-30,24,180.5096896548851,37.94733192202055,142.56235773286454,5.560368151375201,3.794733192202055
DE-LU,validation,seven_day_same_hour,2024-07-01,24,241.3831145034413,37.46049894151541,203.92261556192588,59.841289751429,3.7460498941515414
DE-LU,validation,seven_day_same_hour,2024-07-02,24,76.18904294107324,28.486832980505135,47.702209960568105,13.33347493125654,2.8486832980505135
DE-LU,validation,seven_day_same_hour,2024-07-03,24,163.78963271140518,36.97366596101027,126.81596675039489,26.77652791868212,3.6973665961010274
DE-LU,validation,seven_day_same_hour,2024-07-04,24,192.9778879003024,27.973665961010273,165.0042219392921,62.49478839087118,2.7973665961010274
DE-LU,validation,seven_day_same_hour,2024-07-05,24,238.13459700820908,37.46049894151541,200.6740980666937,12.053150731808103,3.7460498941515414
DE-LU,validation,seven_day_same_hour,2024-07-06,24,88.56553856320028,28.486832980505135,60.07870558269514,118.49077879768217,2.8486832980505135
DE-LU,validation,seven_day_same_hour,2024-07-07,24,175.36984694638738,37.46049894151541,137.90934800487196,21.585485858651396,3.7460498941515414
DE-LU,validation,seven_day_same_hour,2024-07-08,24,356.757725875082,37.97366596101027,318.7840599140717,43.325793781546565,3.7973665961010274
DE-LU,validation,seven_day_same_hour,2024-07-09,24,250.04191625901183,46.94733192202055,203.09458433699126,75.80627012713296,4.6947331922020545
DE-LU,validation,seven_day_same_hour,2024-07-10,24,205.04930838214585,46.46049894151541,158.58880944063043,45.26708458846991,4.646049894151541
DE-LU,validation,seven_day_same_hour,2024-07-11,24,266.63028909644737,46.46049894151541,220.16979015493195,8.832185556925225,4.646049894151541
DE-LU,validation,seven_day_same_hour,2024-07-12,24,56.32343542106697,46.46049894151541,9.862936479551564,16.195389987902615,4.646049894151541
DE-LU,validation,seven_day_same_hour,2024-07-13,24,123.80897666693627,28.973665961010276,94.83531070592599,35.94694913151935,2.8973665961010275
DE-LU,validation,seven_day_same_hour,2024-07-14,24,286.1840841524206,28.973665961010276,257.2104181914103,74.52996434144472,2.8973665961010275
DE-LU,validation,seven_day_same_hour,2024-07-15,24,458.32592848205894,37.94733192202055,420.3785965600385,55.04184237286364,3.794733192202055
DE-LU,validation,seven_day_same_hour,2024-07-16,24,278.8144066161626,37.46049894151541,241.3539076746472,28.63232637416769,3.7460498941515414
DE-LU,validation,seven_day_same_hour,2024-07-17,24,296.9550985736022,46.46049894151541,250.49459963208676,23.441649804122278,4.646049894151541
DE-LU,validation,seven_day_same_hour,2024-07-18,24,343.22942674736714,47.434164902525694,295.79526184484143,12.349992334190063,4.743416490252569
DE-LU,validation,seven_day_same_hour,2024-07-19,24,252.07615993759353,46.94733192202055,205.12882801557296,13.070024909563557,4.694733192202055
DE-LU,validation,seven_day_same_hour,2024-07-20,24,225.08796024943865,47.434164902525694,177.65379534691294,47.01234817219512,4.743416490252569
DE-LU,validation,seven_day_same_hour,2024-07-21,24,201.91764907707983,47.434164902525694,154.48348417455418,41.76727046276693,4.743416490252569
DE-LU,validation,seven_day_same_hour,2024-07-22,24,336.56562450413816,46.46049894151541,290.10512556262273,37.43638378506819,4.646049894151541
DE-LU,validation,seven_day_same_hour,2024-07-23,24,174.49606496614953,37.94733192202055,136.54873304412897,18.338346718324004,3.794733192202055
DE-LU,validation,seven_day_same_hour,2024-07-24,24,262.29156306611026,37.94733192202055,224.3442311440897,11.90260455956016,3.794733192202055
DE-LU,validation,seven_day_same_hour,2024-07-25,24,268.6288715578292,37.94733192202055,230.68153963580863,12.97567184548501,3.794733192202055
DE-LU,validation,seven_day_same_hour,2024-07-26,24,155.98874728888308,37.94733192202055,118.04141536686252,9.445711319150234,3.794733192202055
DE-LU,validation,seven_day_same_hour,2024-07-27,24,134.4258655395921,37.94733192202055,96.47853361757157,63.97033246545337,3.794733192202055
DE-LU,validation,seven_day_same_hour,2024-07-28,24,259.80800776403566,37.94733192202055,221.86067584201513,72.86400766679768,3.794733192202055
DE-LU,validation,seven_day_same_hour,2024-07-29,24,366.4311938278694,37.94733192202055,328.4838619058488,5.2176419690135845,3.794733192202055
DE-LU,validation,seven_day_same_hour,2024-07-30,24,326.08284737925936,37.46049894151541,288.62234843774394,15.280362566998008,3.7460498941515414
DE-LU,validation,seven_day_same_hour,2024-07-31,24,221.96316016266667,37.46049894151541,184.50266122115124,9.766738382153903,3.7460498941515414
DE-LU,validation,seven_day_same_hour,2024-08-01,24,139.5735948142398,37.94733192202055,101.62626289221926,18.47036799320989,3.794733192202055
DE-LU,validation,seven_day_same_hour,2024-08-02,24,159.8513456050796,37.94733192202055,121.90401368305908,21.421396323511487,3.794733192202055
DE-LU,validation,seven_day_same_hour,2024-08-03,24,222.50874054261573,37.46049894151541,185.0482416011003,14.665052424742726,3.7460498941515414
DE-LU,validation,seven_day_same_hour,2024-08-04,24,170.51162469169907,36.97366596101027,133.5379587306888,72.81976886084954,3.6973665961010274
DE-LU,validation,seven_day_same_hour,2024-08-05,24,360.0845409669975,37.46049894151541,322.6240420254821,6.303440331212585,3.7460498941515414
DE-LU,validation,seven_day_same_hour,2024-08-06,24,412.9191186672945,37.46049894151541,375.4586197257791,5.517210841610677,3.7460498941515414
DE-LU,validation,seven_day_same_hour,2024-08-07,24,220.0866469763972,37.46049894151541,182.62614803488177,14.939432797189255,3.7460498941515414
DE-LU,validation,seven_day_same_hour,2024-08-08,24,272.5569404943438,37.94733192202055,234.60960857232322,8.62582598892692,3.794733192202055
DE-LU,validation,seven_day_same_hour,2024-08-09,24,224.65253785546128,37.94733192202055,186.7052059334407,34.56359219853215,3.794733192202055
DE-LU,validation,seven_day_same_hour,2024-08-10,24,282.26737627227055,37.94733192202055,244.32004435025,34.58470804133236,3.794733192202055
DE-LU,validation,seven_day_same_hour,2024-08-11,24,325.5687419315547,37.94733192202055,287.6214100095342,56.20170241642586,3.794733192202055
DE-LU,validation,seven_day_same_hour,2024-08-12,24,410.62678935187733,37.94733192202055,372.67945742985677,76.59282488577463,3.794733192202055
DE-LU,validation,seven_day_same_hour,2024-08-13,24,273.3176549057802,37.94733192202055,235.37032298375968,71.48428474700896,3.794733192202055
DE-LU,validation,seven_day_same_hour,2024-08-14,24,243.01427091587678,37.94733192202055,205.0669389938562,9.139114276392462,3.794733192202055
DE-LU,validation,seven_day_same_hour,2024-08-15,24,312.70341994334984,37.94733192202055,274.7560880213293,1.916208048434271,3.794733192202055
DE-LU,validation,seven_day_same_hour,2024-08-16,24,380.6314780112076,37.94733192202055,342.68414608918704,6.161737090506335,3.794733192202055
DE-LU,validation,seven_day_same_hour,2024-08-17,24,161.86562191678482,37.94733192202055,123.91828999476425,32.56029989007993,3.794733192202055
DE-LU,validation,seven_day_same_hour,2024-08-18,24,123.42124184245999,37.94733192202055,85.47390992043944,55.39985178150866,3.794733192202055
DE-LU,validation,seven_day_same_hour,2024-08-19,24,299.4788927758994,37.94733192202055,261.53156085387883,4.261704570907284,3.794733192202055
DE-LU,validation,seven_day_same_hour,2024-08-20,24,300.55014590063826,37.94733192202055,262.6028139786177,3.5407969559857975,3.794733192202055
DE-LU,validation,seven_day_same_hour,2024-08-21,24,283.06355103161184,37.94733192202055,245.1162191095913,42.19303120864819,3.794733192202055
DE-LU,validation,seven_day_same_hour,2024-08-22,24,268.0078295170485,37.94733192202055,230.06049759502793,24.426924296980104,3.794733192202055
DE-LU,validation,seven_day_same_hour,2024-08-23,24,224.35326429942035,37.94733192202055,186.40593237739984,37.23589993792464,3.794733192202055
DE-LU,validation,seven_day_same_hour,2024-08-24,24,260.88707416995925,37.94733192202055,222.93974224793868,50.61145691998473,3.794733192202055
DE-LU,validation,seven_day_same_hour,2024-08-25,24,162.11460105557433,37.94733192202055,124.16726913355377,12.390703643194698,3.794733192202055
DE-LU,validation,seven_day_same_hour,2024-08-26,24,388.4365650330306,37.94733192202055,350.4892331110101,40.4248479389787,3.794733192202055
DE-LU,validation,seven_day_same_hour,2024-08-27,24,479.1459168631583,37.94733192202055,441.1985849411377,6.109178940468894,3.794733192202055
DE-LU,validation,seven_day_same_hour,2024-08-28,24,392.29341012305855,37.94733192202055,354.346078201038,9.653173242567107,3.794733192202055
DE-LU,validation,seven_day_same_hour,2024-08-29,24,425.75062696168055,37.94733192202055,387.80329503966,1.3526220831200249,3.794733192202055
DE-LU,validation,seven_day_same_hour,2024-08-30,24,179.36305209009646,37.94733192202055,141.4157201680759,6.707005716163849,3.794733192202055
DE-LU,validation,ridge_alpha_0.1,2024-07-01,24,186.67278576798128,28.460498941515414,158.21228682646586,105.55161848688903,2.846049894151541
DE-LU,validation,ridge_alpha_0.1,2024-07-02,24,75.36635525705994,28.460498941515414,46.905856315544526,14.129828576280119,2.846049894151541
DE-LU,validation,ridge_alpha_0.1,2024-07-03,24,145.8351160810359,28.973665961010276,116.8614501200256,36.73104454905142,2.8973665961010275
DE-LU,validation,ridge_alpha_0.1,2024-07-04,24,196.36468727434274,27.973665961010273,168.39102131333246,59.10798901683083,2.7973665961010274
DE-LU,validation,ridge_alpha_0.1,2024-07-05,24,213.1608153463309,28.460498941515414,184.70031640481548,28.02693239368631,2.846049894151541
DE-LU,validation,ridge_alpha_0.1,2024-07-06,24,125.20927711871121,45.97366596101027,79.23561115770096,99.33387322267635,4.597366596101027
DE-LU,validation,ridge_alpha_0.1,2024-07-07,24,177.12352752727367,37.46049894151541,139.66302858575824,19.831805277765113,3.7460498941515414
DE-LU,validation,ridge_alpha_0.1,2024-07-08,24,352.7332814306375,36.97366596101027,315.7596154696272,46.35023822599106,3.697366596101028
DE-LU,validation,ridge_alpha_0.1,2024-07-09,24,242.71509205043233,37.46049894151541,205.25459310891688,73.64626135520734,3.746049894151541
DE-LU,validation,ridge_alpha_0.1,2024-07-10,24,193.55251958165758,28.973665961010276,164.5788536206473,39.27704040845305,2.8973665961010275
DE-LU,validation,ridge_alpha_0.1,2024-07-11,24,250.44228909644733,37.46049894151541,212.9817901549319,16.02018555692527,3.7460498941515414
DE-LU,validation,ridge_alpha_0.1,2024-07-12,24,34.03237976413509,28.973665961010276,5.058713803124817,20.999612664329362,2.8973665961010275
DE-LU,validation,ridge_alpha_0.1,2024-07-13,24,123.71375567554114,28.973665961010276,94.74008971453085,36.042170122914484,2.8973665961010275
DE-LU,validation,ridge_alpha_0.1,2024-07-14,24,325.907177408396,37.46049894151541,288.4466784668806,43.29370406597445,3.7460498941515414
DE-LU,validation,ridge_alpha_0.1,2024-07-15,24,408.61349533612645,28.973665961010276,379.6398293751162,95.78060955778591,2.8973665961010275
DE-LU,validation,ridge_alpha_0.1,2024-07-16,24,230.49235741549273,28.460498941515414,202.0318584739773,67.95437557483757,2.846049894151541
DE-LU,validation,ridge_alpha_0.1,2024-07-17,24,256.43920094728287,37.94733192202055,218.49186902526233,55.44438041094671,3.794733192202055
DE-LU,validation,ridge_alpha_0.1,2024-07-18,24,339.3037137776804,46.94733192202055,292.35638185565983,15.788872323371663,4.694733192202055
DE-LU,validation,ridge_alpha_0.1,2024-07-19,24,250.8969422737033,47.434164902525694,203.4627773711776,14.736075553958926,4.743416490252569
DE-LU,validation,ridge_alpha_0.1,2024-07-20,24,225.29783935658975,47.434164902525694,177.86367445406404,46.80246906504402,4.743416490252569
DE-LU,validation,ridge_alpha_0.1,2024-07-21,24,201.69727601457117,46.46049894151541,155.23677707305578,41.01397756426533,4.646049894151541
DE-LU,validation,ridge_alpha_0.1,2024-07-22,24,312.9431747450305,37.46049894151541,275.48267580351506,52.058833544175855,3.7460498941515414
DE-LU,validation,ridge_alpha_0.1,2024-07-23,24,175.75240301598015,37.94733192202055,137.80507109395958,17.082008668493387,3.794733192202055
DE-LU,validation,ridge_alpha_0.1,2024-07-24,24,265.29011776700196,47.434164902525694,217.85595286447625,18.3908828391736,4.743416490252569
DE-LU,validation,ridge_alpha_0.1,2024-07-25,24,277.6106926356225,37.94733192202055,239.663360713602,3.99385076769164,3.794733192202055
DE-LU,validation,ridge_alpha_0.1,2024-07-26,24,155.98874728888308,37.94733192202055,118.04141536686252,9.445711319150234,3.794733192202055
DE-LU,validation,ridge_alpha_0.1,2024-07-27,24,149.78291800085913,37.94733192202055,111.83558607883859,48.61328000418635,3.794733192202055
DE-LU,validation,ridge_alpha_0.1,2024-07-28,24,265.4977867827862,37.94733192202055,227.5504548607656,67.1742286480472,3.794733192202055
DE-LU,validation,ridge_alpha_0.1,2024-07-29,24,320.923405718887,28.973665961010276,291.9497397578767,41.75176411698567,2.8973665961010275
DE-LU,validation,ridge_alpha_0.1,2024-07-30,24,294.1468948736185,37.46049894151541,256.6863959321031,47.21631507263885,3.7460498941515414
DE-LU,validation,ridge_alpha_0.1,2024-07-31,24,221.96316016266667,37.46049894151541,184.50266122115124,9.766738382153903,3.7460498941515414
DE-LU,validation,ridge_alpha_0.1,2024-08-01,24,140.35144573198022,37.94733192202055,102.4041138099597,17.692517075469453,3.794733192202055
DE-LU,validation,ridge_alpha_0.1,2024-08-02,24,133.10972014986714,28.486832980505135,104.62288716936202,38.70252283720855,2.8486832980505135
DE-LU,validation,ridge_alpha_0.1,2024-08-03,24,225.86773868724407,28.486832980505135,197.38090570673893,2.3323883191040977,2.8486832980505135
DE-LU,validation,ridge_alpha_0.1,2024-08-04,24,169.19555286773357,37.46049894151541,131.73505392621814,74.6226736653202,3.7460498941515414
DE-LU,validation,ridge_alpha_0.1,2024-08-05,24,322.30494219259157,28.486832980505135,293.8181092120864,35.10937314460824,2.8486832980505135
DE-LU,validation,ridge_alpha_0.1,2024-08-06,24,385.0219904990028,28.486832980505135,356.53515751849767,24.44067304889211,2.8486832980505135
DE-LU,validation,ridge_alpha_0.1,2024-08-07,24,220.33379424079726,37.94733192202055,182.3864623187767,15.179118513294327,3.794733192202055
DE-LU,validation,ridge_alpha_0.1,2024-08-08,24,272.5569404943438,37.94733192202055,234.60960857232322,8.62582598892692,3.794733192202055
DE-LU,validation,ridge_alpha_0.1,2024-08-09,24,224.65253785546128,37.94733192202055,186.7052059334407,34.56359219853215,3.794733192202055
DE-LU,validation,ridge_alpha_0.1,2024-08-10,24,283.91325522937296,37.94733192202055,245.9659233073524,32.93882908422995,3.794733192202055
DE-LU,validation,ridge_alpha_0.1,2024-08-11,24,325.99491892237745,47.434164902525694,278.5607540198518,65.26235840610826,4.743416490252569
DE-LU,validation,ridge_alpha_0.1,2024-08-12,24,407.8227395692745,37.46049894151541,370.3622406277591,78.91004168787231,3.7460498941515414
DE-LU,validation,ridge_alpha_0.1,2024-08-13,24,237.84438199051698,28.973665961010276,208.8707160295067,97.98389170126194,2.8973665961010275
DE-LU,validation,ridge_alpha_0.1,2024-08-14,24,243.01427091587678,37.94733192202055,205.0669389938562,9.139114276392462,3.794733192202055
DE-LU,validation,ridge_alpha_0.1,2024-08-15,24,312.70341994334984,37.94733192202055,274.7560880213293,1.916208048434271,3.794733192202055
DE-LU,validation,ridge_alpha_0.1,2024-08-16,24,380.6314780112076,37.94733192202055,342.68414608918704,6.161737090506335,3.794733192202055
DE-LU,validation,ridge_alpha_0.1,2024-08-17,24,161.86562191678482,37.94733192202055,123.91828999476425,32.56029989007993,3.794733192202055
DE-LU,validation,ridge_alpha_0.1,2024-08-18,24,123.42124184245999,37.94733192202055,85.47390992043944,55.39985178150866,3.794733192202055
DE-LU,validation,ridge_alpha_0.1,2024-08-19,24,299.4788927758994,37.94733192202055,261.53156085387883,4.261704570907284,3.794733192202055
DE-LU,validation,ridge_alpha_0.1,2024-08-20,24,299.5063641829857,37.94733192202055,261.5590322609651,4.584578673638362,3.794733192202055
DE-LU,validation,ridge_alpha_0.1,2024-08-21,24,283.3924337562198,37.94733192202055,245.44510183419922,41.86414848404027,3.794733192202055
DE-LU,validation,ridge_alpha_0.1,2024-08-22,24,267.57833464313615,37.94733192202055,229.63100272111564,24.856419170892394,3.794733192202055
DE-LU,validation,ridge_alpha_0.1,2024-08-23,24,222.65919371236924,37.46049894151541,185.19869477085388,38.4431375444706,3.746049894151541
DE-LU,validation,ridge_alpha_0.1,2024-08-24,24,260.3006115530607,37.94733192202055,222.35327963104015,51.19791953688326,3.794733192202055
DE-LU,validation,ridge_alpha_0.1,2024-08-25,24,162.2186508747015,37.94733192202055,124.27131895268094,12.286653824067528,3.794733192202055
DE-LU,validation,ridge_alpha_0.1,2024-08-26,24,369.17454488559304,28.973665961010276,340.20087892458275,50.71320212540604,2.8973665961010275
DE-LU,validation,ridge_alpha_0.1,2024-08-27,24,477.74578521122555,37.46049894151541,440.2852862697101,7.022477611896477,3.746049894151541
DE-LU,validation,ridge_alpha_0.1,2024-08-28,24,396.6209600638534,37.46049894151541,359.16046112233795,4.83879032126714,3.7460498941515414
DE-LU,validation,ridge_alpha_0.1,2024-08-29,24,425.75062696168055,37.94733192202055,387.80329503966,1.3526220831200249,3.794733192202055
DE-LU,validation,ridge_alpha_0.1,2024-08-30,24,177.74746979801347,37.46049894151541,140.28697085649804,7.835755027741698,3.746049894151541
DE-LU,validation,ridge_alpha_1,2024-07-01,24,186.67278576798128,28.460498941515414,158.21228682646586,105.55161848688903,2.846049894151541
DE-LU,validation,ridge_alpha_1,2024-07-02,24,75.36635525705994,28.460498941515414,46.905856315544526,14.129828576280119,2.846049894151541
DE-LU,validation,ridge_alpha_1,2024-07-03,24,145.8351160810359,28.973665961010276,116.8614501200256,36.73104454905142,2.8973665961010275
DE-LU,validation,ridge_alpha_1,2024-07-04,24,196.36468727434274,27.973665961010273,168.39102131333246,59.10798901683083,2.7973665961010274
DE-LU,validation,ridge_alpha_1,2024-07-05,24,213.1608153463309,28.460498941515414,184.70031640481548,28.02693239368631,2.846049894151541
DE-LU,validation,ridge_alpha_1,2024-07-06,24,125.20927711871121,45.97366596101027,79.23561115770096,99.33387322267635,4.597366596101027
DE-LU,validation,ridge_alpha_1,2024-07-07,24,177.12352752727367,37.46049894151541,139.66302858575824,19.831805277765113,3.7460498941515414
DE-LU,validation,ridge_alpha_1,2024-07-08,24,352.7332814306375,36.97366596101027,315.7596154696272,46.35023822599106,3.697366596101028
DE-LU,validation,ridge_alpha_1,2024-07-09,24,242.71509205043233,37.46049894151541,205.25459310891688,73.64626135520734,3.746049894151541
DE-LU,validation,ridge_alpha_1,2024-07-10,24,193.55251958165758,28.973665961010276,164.5788536206473,39.27704040845305,2.8973665961010275
DE-LU,validation,ridge_alpha_1,2024-07-11,24,250.44228909644733,37.46049894151541,212.9817901549319,16.02018555692527,3.7460498941515414
DE-LU,validation,ridge_alpha_1,2024-07-12,24,34.03237976413509,28.973665961010276,5.058713803124817,20.999612664329362,2.8973665961010275
DE-LU,validation,ridge_alpha_1,2024-07-13,24,123.71375567554114,28.973665961010276,94.74008971453085,36.042170122914484,2.8973665961010275
DE-LU,validation,ridge_alpha_1,2024-07-14,24,325.907177408396,37.46049894151541,288.4466784668806,43.29370406597445,3.7460498941515414
DE-LU,validation,ridge_alpha_1,2024-07-15,24,408.61349533612645,28.973665961010276,379.6398293751162,95.78060955778591,2.8973665961010275
DE-LU,validation,ridge_alpha_1,2024-07-16,24,230.49235741549273,28.460498941515414,202.0318584739773,67.95437557483757,2.846049894151541
DE-LU,validation,ridge_alpha_1,2024-07-17,24,256.43920094728287,37.94733192202055,218.49186902526233,55.44438041094671,3.794733192202055
DE-LU,validation,ridge_alpha_1,2024-07-18,24,339.3037137776804,46.94733192202055,292.35638185565983,15.788872323371663,4.694733192202055
DE-LU,validation,ridge_alpha_1,2024-07-19,24,250.8969422737033,47.434164902525694,203.4627773711776,14.736075553958926,4.743416490252569
DE-LU,validation,ridge_alpha_1,2024-07-20,24,225.29783935658975,47.434164902525694,177.86367445406404,46.80246906504402,4.743416490252569
DE-LU,validation,ridge_alpha_1,2024-07-21,24,201.69727601457117,46.46049894151541,155.23677707305578,41.01397756426533,4.646049894151541
DE-LU,validation,ridge_alpha_1,2024-07-22,24,312.9431747450305,37.46049894151541,275.48267580351506,52.058833544175855,3.7460498941515414
DE-LU,validation,ridge_alpha_1,2024-07-23,24,175.75240301598015,37.94733192202055,137.80507109395958,17.082008668493387,3.794733192202055
DE-LU,validation,ridge_alpha_1,2024-07-24,24,265.29011776700196,47.434164902525694,217.85595286447625,18.3908828391736,4.743416490252569
DE-LU,validation,ridge_alpha_1,2024-07-25,24,277.6106926356225,37.94733192202055,239.663360713602,3.99385076769164,3.794733192202055
DE-LU,validation,ridge_alpha_1,2024-07-26,24,155.98874728888308,37.94733192202055,118.04141536686252,9.445711319150234,3.794733192202055
DE-LU,validation,ridge_alpha_1,2024-07-27,24,149.78291800085913,37.94733192202055,111.83558607883859,48.61328000418635,3.794733192202055
DE-LU,validation,ridge_alpha_1,2024-07-28,24,265.4977867827862,37.94733192202055,227.5504548607656,67.1742286480472,3.794733192202055
DE-LU,validation,ridge_alpha_1,2024-07-29,24,320.923405718887,28.973665961010276,291.9497397578767,41.75176411698567,2.8973665961010275
DE-LU,validation,ridge_alpha_1,2024-07-30,24,294.1468948736185,37.46049894151541,256.6863959321031,47.21631507263885,3.7460498941515414
DE-LU,validation,ridge_alpha_1,2024-07-31,24,221.96316016266667,37.46049894151541,184.50266122115124,9.766738382153903,3.7460498941515414
DE-LU,validation,ridge_alpha_1,2024-08-01,24,140.35144573198022,37.94733192202055,102.4041138099597,17.692517075469453,3.794733192202055
DE-LU,validation,ridge_alpha_1,2024-08-02,24,133.10972014986714,28.486832980505135,104.62288716936202,38.70252283720855,2.8486832980505135
DE-LU,validation,ridge_alpha_1,2024-08-03,24,225.86773868724407,28.486832980505135,197.38090570673893,2.3323883191040977,2.8486832980505135
DE-LU,validation,ridge_alpha_1,2024-08-04,24,169.19555286773357,37.46049894151541,131.73505392621814,74.6226736653202,3.7460498941515414
DE-LU,validation,ridge_alpha_1,2024-08-05,24,322.30494219259157,28.486832980505135,293.8181092120864,35.10937314460824,2.8486832980505135
DE-LU,validation,ridge_alpha_1,2024-08-06,24,385.0219904990028,28.486832980505135,356.53515751849767,24.44067304889211,2.8486832980505135
DE-LU,validation,ridge_alpha_1,2024-08-07,24,220.33379424079726,37.94733192202055,182.3864623187767,15.179118513294327,3.794733192202055
DE-LU,validation,ridge_alpha_1,2024-08-08,24,272.5569404943438,37.94733192202055,234.60960857232322,8.62582598892692,3.794733192202055
DE-LU,validation,ridge_alpha_1,2024-08-09,24,224.65253785546128,37.94733192202055,186.7052059334407,34.56359219853215,3.794733192202055
DE-LU,validation,ridge_alpha_1,2024-08-10,24,283.91325522937296,37.94733192202055,245.9659233073524,32.93882908422995,3.794733192202055
DE-LU,validation,ridge_alpha_1,2024-08-11,24,325.99491892237745,47.434164902525694,278.5607540198518,65.26235840610826,4.743416490252569
DE-LU,validation,ridge_alpha_1,2024-08-12,24,407.8227395692745,37.46049894151541,370.3622406277591,78.91004168787231,3.7460498941515414
DE-LU,validation,ridge_alpha_1,2024-08-13,24,237.84438199051698,28.973665961010276,208.8707160295067,97.98389170126194,2.8973665961010275
DE-LU,validation,ridge_alpha_1,2024-08-14,24,243.01427091587678,37.94733192202055,205.0669389938562,9.139114276392462,3.794733192202055
DE-LU,validation,ridge_alpha_1,2024-08-15,24,312.70341994334984,37.94733192202055,274.7560880213293,1.916208048434271,3.794733192202055
DE-LU,validation,ridge_alpha_1,2024-08-16,24,380.6314780112076,37.94733192202055,342.68414608918704,6.161737090506335,3.794733192202055
DE-LU,validation,ridge_alpha_1,2024-08-17,24,161.86562191678482,37.94733192202055,123.91828999476425,32.56029989007993,3.794733192202055
DE-LU,validation,ridge_alpha_1,2024-08-18,24,123.42124184245999,37.94733192202055,85.47390992043944,55.39985178150866,3.794733192202055
DE-LU,validation,ridge_alpha_1,2024-08-19,24,299.4788927758994,37.94733192202055,261.53156085387883,4.261704570907284,3.794733192202055
DE-LU,validation,ridge_alpha_1,2024-08-20,24,299.5063641829857,37.94733192202055,261.5590322609651,4.584578673638362,3.794733192202055
DE-LU,validation,ridge_alpha_1,2024-08-21,24,283.3924337562198,37.94733192202055,245.44510183419922,41.86414848404027,3.794733192202055
DE-LU,validation,ridge_alpha_1,2024-08-22,24,267.57833464313615,37.94733192202055,229.63100272111564,24.856419170892394,3.794733192202055
DE-LU,validation,ridge_alpha_1,2024-08-23,24,222.65919371236924,37.46049894151541,185.19869477085388,38.4431375444706,3.746049894151541
DE-LU,validation,ridge_alpha_1,2024-08-24,24,260.3006115530607,37.94733192202055,222.35327963104015,51.19791953688326,3.794733192202055
DE-LU,validation,ridge_alpha_1,2024-08-25,24,162.2186508747015,37.94733192202055,124.27131895268094,12.286653824067528,3.794733192202055
DE-LU,validation,ridge_alpha_1,2024-08-26,24,369.17454488559304,28.973665961010276,340.20087892458275,50.71320212540604,2.8973665961010275
DE-LU,validation,ridge_alpha_1,2024-08-27,24,477.74578521122555,37.46049894151541,440.2852862697101,7.022477611896477,3.746049894151541
DE-LU,validation,ridge_alpha_1,2024-08-28,24,396.6209600638534,37.46049894151541,359.16046112233795,4.83879032126714,3.7460498941515414
DE-LU,validation,ridge_alpha_1,2024-08-29,24,425.75062696168055,37.94733192202055,387.80329503966,1.3526220831200249,3.794733192202055
DE-LU,validation,ridge_alpha_1,2024-08-30,24,177.74746979801347,37.46049894151541,140.28697085649804,7.835755027741698,3.746049894151541
DE-LU,validation,ridge_alpha_10,2024-07-01,24,186.67278576798128,28.460498941515414,158.21228682646586,105.55161848688903,2.846049894151541
DE-LU,validation,ridge_alpha_10,2024-07-02,24,75.36635525705994,28.460498941515414,46.905856315544526,14.129828576280119,2.846049894151541
DE-LU,validation,ridge_alpha_10,2024-07-03,24,145.8351160810359,28.973665961010276,116.8614501200256,36.73104454905142,2.8973665961010275
DE-LU,validation,ridge_alpha_10,2024-07-04,24,184.7710936624687,27.973665961010273,156.79742770145842,70.70158262870487,2.7973665961010274
DE-LU,validation,ridge_alpha_10,2024-07-05,24,213.1608153463309,28.460498941515414,184.70031640481548,28.02693239368631,2.846049894151541
DE-LU,validation,ridge_alpha_10,2024-07-06,24,125.20927711871121,45.97366596101027,79.23561115770096,99.33387322267635,4.597366596101027
DE-LU,validation,ridge_alpha_10,2024-07-07,24,177.12352752727367,37.46049894151541,139.66302858575824,19.831805277765113,3.7460498941515414
DE-LU,validation,ridge_alpha_10,2024-07-08,24,352.7332814306375,36.97366596101027,315.7596154696272,46.35023822599106,3.697366596101028
DE-LU,validation,ridge_alpha_10,2024-07-09,24,242.71509205043233,37.46049894151541,205.25459310891688,73.64626135520734,3.746049894151541
DE-LU,validation,ridge_alpha_10,2024-07-10,24,193.55251958165758,28.973665961010276,164.5788536206473,39.27704040845305,2.8973665961010275
DE-LU,validation,ridge_alpha_10,2024-07-11,24,250.44228909644733,37.46049894151541,212.9817901549319,16.02018555692527,3.7460498941515414
DE-LU,validation,ridge_alpha_10,2024-07-12,24,34.03237976413509,28.973665961010276,5.058713803124817,20.999612664329362,2.8973665961010275
DE-LU,validation,ridge_alpha_10,2024-07-13,24,123.71375567554114,28.973665961010276,94.74008971453085,36.042170122914484,2.8973665961010275
DE-LU,validation,ridge_alpha_10,2024-07-14,24,325.907177408396,37.46049894151541,288.4466784668806,43.29370406597445,3.7460498941515414
DE-LU,validation,ridge_alpha_10,2024-07-15,24,408.61349533612645,28.973665961010276,379.6398293751162,95.78060955778591,2.8973665961010275
DE-LU,validation,ridge_alpha_10,2024-07-16,24,230.49235741549273,28.460498941515414,202.0318584739773,67.95437557483757,2.846049894151541
DE-LU,validation,ridge_alpha_10,2024-07-17,24,256.43920094728287,37.94733192202055,218.49186902526233,55.44438041094671,3.794733192202055
DE-LU,validation,ridge_alpha_10,2024-07-18,24,339.3037137776804,46.94733192202055,292.35638185565983,15.788872323371663,4.694733192202055
DE-LU,validation,ridge_alpha_10,2024-07-19,24,250.8969422737033,47.434164902525694,203.4627773711776,14.736075553958926,4.743416490252569
DE-LU,validation,ridge_alpha_10,2024-07-20,24,225.29783935658975,47.434164902525694,177.86367445406404,46.80246906504402,4.743416490252569
DE-LU,validation,ridge_alpha_10,2024-07-21,24,201.69727601457117,46.46049894151541,155.23677707305578,41.01397756426533,4.646049894151541
DE-LU,validation,ridge_alpha_10,2024-07-22,24,293.515871071212,28.973665961010276,264.54220511020173,62.999304237489184,2.8973665961010275
DE-LU,validation,ridge_alpha_10,2024-07-23,24,175.75240301598015,37.94733192202055,137.80507109395958,17.082008668493387,3.794733192202055
DE-LU,validation,ridge_alpha_10,2024-07-24,24,265.29011776700196,47.434164902525694,217.85595286447625,18.3908828391736,4.743416490252569
DE-LU,validation,ridge_alpha_10,2024-07-25,24,277.6106926356225,37.94733192202055,239.663360713602,3.99385076769164,3.794733192202055
DE-LU,validation,ridge_alpha_10,2024-07-26,24,155.98874728888308,37.94733192202055,118.04141536686252,9.445711319150234,3.794733192202055
DE-LU,validation,ridge_alpha_10,2024-07-27,24,149.78291800085913,37.94733192202055,111.83558607883859,48.61328000418635,3.794733192202055
DE-LU,validation,ridge_alpha_10,2024-07-28,24,265.4977867827862,37.94733192202055,227.5504548607656,67.1742286480472,3.794733192202055
DE-LU,validation,ridge_alpha_10,2024-07-29,24,320.923405718887,28.973665961010276,291.9497397578767,41.75176411698567,2.8973665961010275
DE-LU,validation,ridge_alpha_10,2024-07-30,24,294.1468948736185,37.46049894151541,256.6863959321031,47.21631507263885,3.7460498941515414
DE-LU,validation,ridge_alpha_10,2024-07-31,24,221.96316016266667,37.46049894151541,184.50266122115124,9.766738382153903,3.7460498941515414
DE-LU,validation,ridge_alpha_10,2024-08-01,24,140.35144573198022,37.94733192202055,102.4041138099597,17.692517075469453,3.794733192202055
DE-LU,validation,ridge_alpha_10,2024-08-02,24,133.10972014986714,28.486832980505135,104.62288716936202,38.70252283720855,2.8486832980505135
DE-LU,validation,ridge_alpha_10,2024-08-03,24,225.86773868724407,28.486832980505135,197.38090570673893,2.3323883191040977,2.8486832980505135
DE-LU,validation,ridge_alpha_10,2024-08-04,24,169.19555286773357,37.46049894151541,131.73505392621814,74.6226736653202,3.7460498941515414
DE-LU,validation,ridge_alpha_10,2024-08-05,24,322.30494219259157,28.486832980505135,293.8181092120864,35.10937314460824,2.8486832980505135
DE-LU,validation,ridge_alpha_10,2024-08-06,24,385.0219904990028,28.486832980505135,356.53515751849767,24.44067304889211,2.8486832980505135
DE-LU,validation,ridge_alpha_10,2024-08-07,24,220.33379424079726,37.94733192202055,182.3864623187767,15.179118513294327,3.794733192202055
DE-LU,validation,ridge_alpha_10,2024-08-08,24,272.5569404943438,37.94733192202055,234.60960857232322,8.62582598892692,3.794733192202055
DE-LU,validation,ridge_alpha_10,2024-08-09,24,224.65253785546128,37.94733192202055,186.7052059334407,34.56359219853215,3.794733192202055
DE-LU,validation,ridge_alpha_10,2024-08-10,24,283.91325522937296,37.94733192202055,245.9659233073524,32.93882908422995,3.794733192202055
DE-LU,validation,ridge_alpha_10,2024-08-11,24,325.99491892237745,47.434164902525694,278.5607540198518,65.26235840610826,4.743416490252569
DE-LU,validation,ridge_alpha_10,2024-08-12,24,407.8227395692745,37.46049894151541,370.3622406277591,78.91004168787231,3.7460498941515414
DE-LU,validation,ridge_alpha_10,2024-08-13,24,237.84438199051698,28.973665961010276,208.8707160295067,97.98389170126194,2.8973665961010275
DE-LU,validation,ridge_alpha_10,2024-08-14,24,243.01427091587678,37.94733192202055,205.0669389938562,9.139114276392462,3.794733192202055
DE-LU,validation,ridge_alpha_10,2024-08-15,24,312.70341994334984,37.94733192202055,274.7560880213293,1.916208048434271,3.794733192202055
DE-LU,validation,ridge_alpha_10,2024-08-16,24,380.6314780112076,37.94733192202055,342.68414608918704,6.161737090506335,3.794733192202055
DE-LU,validation,ridge_alpha_10,2024-08-17,24,161.86562191678482,37.94733192202055,123.91828999476425,32.56029989007993,3.794733192202055
DE-LU,validation,ridge_alpha_10,2024-08-18,24,123.42124184245999,37.94733192202055,85.47390992043944,55.39985178150866,3.794733192202055
DE-LU,validation,ridge_alpha_10,2024-08-19,24,299.4788927758994,37.94733192202055,261.53156085387883,4.261704570907284,3.794733192202055
DE-LU,validation,ridge_alpha_10,2024-08-20,24,299.5063641829857,37.94733192202055,261.5590322609651,4.584578673638362,3.794733192202055
DE-LU,validation,ridge_alpha_10,2024-08-21,24,283.3924337562198,37.94733192202055,245.44510183419922,41.86414848404027,3.794733192202055
DE-LU,validation,ridge_alpha_10,2024-08-22,24,267.57833464313615,37.94733192202055,229.63100272111564,24.856419170892394,3.794733192202055
DE-LU,validation,ridge_alpha_10,2024-08-23,24,222.65919371236924,37.46049894151541,185.19869477085388,38.4431375444706,3.746049894151541
DE-LU,validation,ridge_alpha_10,2024-08-24,24,260.3006115530607,37.94733192202055,222.35327963104015,51.19791953688326,3.794733192202055
DE-LU,validation,ridge_alpha_10,2024-08-25,24,162.2186508747015,37.94733192202055,124.27131895268094,12.286653824067528,3.794733192202055
DE-LU,validation,ridge_alpha_10,2024-08-26,24,369.17454488559304,28.973665961010276,340.20087892458275,50.71320212540604,2.8973665961010275
DE-LU,validation,ridge_alpha_10,2024-08-27,24,455.0350201553938,28.973665961010276,426.0613541943835,21.246409687223093,2.8973665961010275
DE-LU,validation,ridge_alpha_10,2024-08-28,24,396.6209600638534,37.46049894151541,359.16046112233795,4.83879032126714,3.7460498941515414
DE-LU,validation,ridge_alpha_10,2024-08-29,24,425.75062696168055,37.94733192202055,387.80329503966,1.3526220831200249,3.794733192202055
DE-LU,validation,ridge_alpha_10,2024-08-30,24,177.74746979801347,37.46049894151541,140.28697085649804,7.835755027741698,3.746049894151541
DE-LU,validation,ridge_alpha_100,2024-07-01,24,186.67278576798128,28.460498941515414,158.21228682646586,105.55161848688903,2.846049894151541
DE-LU,validation,ridge_alpha_100,2024-07-02,24,75.36635525705994,28.460498941515414,46.905856315544526,14.129828576280119,2.846049894151541
DE-LU,validation,ridge_alpha_100,2024-07-03,24,145.8351160810359,28.973665961010276,116.8614501200256,36.73104454905142,2.8973665961010275
DE-LU,validation,ridge_alpha_100,2024-07-04,24,184.7710936624687,27.973665961010273,156.79742770145842,70.70158262870487,2.7973665961010274
DE-LU,validation,ridge_alpha_100,2024-07-05,24,213.1608153463309,28.460498941515414,184.70031640481548,28.02693239368631,2.846049894151541
DE-LU,validation,ridge_alpha_100,2024-07-06,24,158.24515695581485,37.97366596101027,120.27149099480457,58.29799338557274,3.7973665961010274
DE-LU,validation,ridge_alpha_100,2024-07-07,24,177.12352752727367,37.46049894151541,139.66302858575824,19.831805277765113,3.7460498941515414
DE-LU,validation,ridge_alpha_100,2024-07-08,24,352.7332814306375,36.97366596101027,315.7596154696272,46.35023822599106,3.697366596101028
DE-LU,validation,ridge_alpha_100,2024-07-09,24,248.10165400548763,37.46049894151541,210.6411550639722,68.25969940015202,3.746049894151541
DE-LU,validation,ridge_alpha_100,2024-07-10,24,193.55251958165758,28.973665961010276,164.5788536206473,39.27704040845305,2.8973665961010275
DE-LU,validation,ridge_alpha_100,2024-07-11,24,245.50171458369869,28.460498941515414,217.04121564218326,11.96076006967391,2.846049894151541
DE-LU,validation,ridge_alpha_100,2024-07-12,24,34.03237976413509,28.973665961010276,5.058713803124817,20.999612664329362,2.8973665961010275
DE-LU,validation,ridge_alpha_100,2024-07-13,24,123.71375567554114,28.973665961010276,94.74008971453085,36.042170122914484,2.8973665961010275
DE-LU,validation,ridge_alpha_100,2024-07-14,24,325.907177408396,37.46049894151541,288.4466784668806,43.29370406597445,3.7460498941515414
DE-LU,validation,ridge_alpha_100,2024-07-15,24,408.61349533612645,28.973665961010276,379.6398293751162,95.78060955778591,2.8973665961010275
DE-LU,validation,ridge_alpha_100,2024-07-16,24,230.15590173341025,28.460498941515414,201.69540279189488,68.29083125692,2.846049894151541
DE-LU,validation,ridge_alpha_100,2024-07-17,24,256.43920094728287,37.94733192202055,218.49186902526233,55.44438041094671,3.794733192202055
DE-LU,validation,ridge_alpha_100,2024-07-18,24,339.3037137776804,46.94733192202055,292.35638185565983,15.788872323371663,4.694733192202055
DE-LU,validation,ridge_alpha_100,2024-07-19,24,249.52731882188218,46.46049894151541,203.06681988036675,15.13203304476977,4.646049894151541
DE-LU,validation,ridge_alpha_100,2024-07-20,24,225.29783935658975,47.434164902525694,177.86367445406404,46.80246906504402,4.743416490252569
DE-LU,validation,ridge_alpha_100,2024-07-21,24,201.69727601457117,46.46049894151541,155.23677707305578,41.01397756426533,4.646049894151541
DE-LU,validation,ridge_alpha_100,2024-07-22,24,293.515871071212,28.973665961010276,264.54220511020173,62.999304237489184,2.8973665961010275
DE-LU,validation,ridge_alpha_100,2024-07-23,24,175.75240301598015,37.94733192202055,137.80507109395958,17.082008668493387,3.794733192202055
DE-LU,validation,ridge_alpha_100,2024-07-24,24,265.29011776700196,47.434164902525694,217.85595286447625,18.3908828391736,4.743416490252569
DE-LU,validation,ridge_alpha_100,2024-07-25,24,277.6106926356225,37.94733192202055,239.663360713602,3.99385076769164,3.794733192202055
DE-LU,validation,ridge_alpha_100,2024-07-26,24,155.98874728888308,37.94733192202055,118.04141536686252,9.445711319150234,3.794733192202055
DE-LU,validation,ridge_alpha_100,2024-07-27,24,149.78291800085913,37.94733192202055,111.83558607883859,48.61328000418635,3.794733192202055
DE-LU,validation,ridge_alpha_100,2024-07-28,24,265.4977867827862,37.94733192202055,227.5504548607656,67.1742286480472,3.794733192202055
DE-LU,validation,ridge_alpha_100,2024-07-29,24,319.2417003774446,28.460498941515414,290.7812014359292,42.92030243893322,2.846049894151541
DE-LU,validation,ridge_alpha_100,2024-07-30,24,290.63122820695185,38.46049894151541,252.17072926543642,51.731981739305525,3.846049894151541
DE-LU,validation,ridge_alpha_100,2024-07-31,24,222.20640132990724,37.46049894151541,184.7459023883918,9.523497214913334,3.7460498941515414
DE-LU,validation,ridge_alpha_100,2024-08-01,24,142.12608756920724,37.94733192202055,104.1787556471867,15.917875238242445,3.794733192202055
DE-LU,validation,ridge_alpha_100,2024-08-02,24,132.88278629013496,28.486832980505135,104.39595330962986,38.929456696940704,2.8486832980505135
DE-LU,validation,ridge_alpha_100,2024-08-03,24,225.86773868724407,28.486832980505135,197.38090570673893,2.3323883191040977,2.8486832980505135
DE-LU,validation,ridge_alpha_100,2024-08-04,24,170.51162469169907,36.97366596101027,133.5379587306888,72.81976886084954,3.6973665961010274
DE-LU,validation,ridge_alpha_100,2024-08-05,24,322.30494219259157,28.486832980505135,293.8181092120864,35.10937314460824,2.8486832980505135
DE-LU,validation,ridge_alpha_100,2024-08-06,24,385.0219904990028,28.486832980505135,356.53515751849767,24.44067304889211,2.8486832980505135
DE-LU,validation,ridge_alpha_100,2024-08-07,24,220.33379424079726,37.94733192202055,182.3864623187767,15.179118513294327,3.794733192202055
DE-LU,validation,ridge_alpha_100,2024-08-08,24,272.5569404943438,37.94733192202055,234.60960857232322,8.62582598892692,3.794733192202055
DE-LU,validation,ridge_alpha_100,2024-08-09,24,224.65253785546128,37.94733192202055,186.7052059334407,34.56359219853215,3.794733192202055
DE-LU,validation,ridge_alpha_100,2024-08-10,24,283.91325522937296,37.94733192202055,245.9659233073524,32.93882908422995,3.794733192202055
DE-LU,validation,ridge_alpha_100,2024-08-11,24,325.99491892237745,47.434164902525694,278.5607540198518,65.26235840610826,4.743416490252569
DE-LU,validation,ridge_alpha_100,2024-08-12,24,407.8227395692745,37.46049894151541,370.3622406277591,78.91004168787231,3.7460498941515414
DE-LU,validation,ridge_alpha_100,2024-08-13,24,237.84438199051698,28.973665961010276,208.8707160295067,97.98389170126194,2.8973665961010275
DE-LU,validation,ridge_alpha_100,2024-08-14,24,243.01427091587678,37.94733192202055,205.0669389938562,9.139114276392462,3.794733192202055
DE-LU,validation,ridge_alpha_100,2024-08-15,24,312.70341994334984,37.94733192202055,274.7560880213293,1.916208048434271,3.794733192202055
DE-LU,validation,ridge_alpha_100,2024-08-16,24,380.6314780112076,37.94733192202055,342.68414608918704,6.161737090506335,3.794733192202055
DE-LU,validation,ridge_alpha_100,2024-08-17,24,161.86562191678482,37.94733192202055,123.91828999476425,32.56029989007993,3.794733192202055
DE-LU,validation,ridge_alpha_100,2024-08-18,24,123.42124184245999,37.94733192202055,85.47390992043944,55.39985178150866,3.794733192202055
DE-LU,validation,ridge_alpha_100,2024-08-19,24,299.4788927758994,37.94733192202055,261.53156085387883,4.261704570907284,3.794733192202055
DE-LU,validation,ridge_alpha_100,2024-08-20,24,299.5063641829857,37.94733192202055,261.5590322609651,4.584578673638362,3.794733192202055
DE-LU,validation,ridge_alpha_100,2024-08-21,24,283.3924337562198,37.94733192202055,245.44510183419922,41.86414848404027,3.794733192202055
DE-LU,validation,ridge_alpha_100,2024-08-22,24,267.57833464313615,37.94733192202055,229.63100272111564,24.856419170892394,3.794733192202055
DE-LU,validation,ridge_alpha_100,2024-08-23,24,222.65919371236924,37.46049894151541,185.19869477085388,38.4431375444706,3.746049894151541
DE-LU,validation,ridge_alpha_100,2024-08-24,24,260.3006115530607,37.94733192202055,222.35327963104015,51.19791953688326,3.794733192202055
DE-LU,validation,ridge_alpha_100,2024-08-25,24,162.2186508747015,37.94733192202055,124.27131895268094,12.286653824067528,3.794733192202055
DE-LU,validation,ridge_alpha_100,2024-08-26,24,369.17454488559304,28.973665961010276,340.20087892458275,50.71320212540604,2.8973665961010275
DE-LU,validation,ridge_alpha_100,2024-08-27,24,455.0350201553938,28.973665961010276,426.0613541943835,21.246409687223093,2.8973665961010275
DE-LU,validation,ridge_alpha_100,2024-08-28,24,380.43939851435687,28.973665961010276,351.4657325533466,12.533518890258506,2.8973665961010275
DE-LU,validation,ridge_alpha_100,2024-08-29,24,389.34254958986213,28.973665961010276,360.36888362885185,28.787033493928163,2.8973665961010275
DE-LU,validation,ridge_alpha_100,2024-08-30,24,153.67598252097406,28.973665961010276,124.70231655996378,23.420409324275965,2.8973665961010275
DE-LU,validation,rf_depth_6_leaf_5,2024-07-01,24,239.89131351835246,37.94733192202055,201.9439815963319,61.81992371702299,3.794733192202055
DE-LU,validation,rf_depth_6_leaf_5,2024-07-02,24,84.7947885976821,37.46049894151541,47.33428965616667,13.701395235657976,3.7460498941515414
DE-LU,validation,rf_depth_6_leaf_5,2024-07-03,24,171.11997961016147,37.46049894151541,133.65948066864604,19.933014000430973,3.746049894151541
DE-LU,validation,rf_depth_6_leaf_5,2024-07-04,24,165.83576987565436,27.973665961010273,137.86210391464408,89.6369064155192,2.7973665961010274
DE-LU,validation,rf_depth_6_leaf_5,2024-07-05,24,212.23797366892455,27.973665961010273,184.26430770791427,28.46294109058752,2.7973665961010274
DE-LU,validation,rf_depth_6_leaf_5,2024-07-06,24,172.85626806692596,27.973665961010273,144.88260210591568,33.686882274461624,2.7973665961010274
DE-LU,validation,rf_depth_6_leaf_5,2024-07-07,24,177.1007951410898,27.973665961010273,149.12712918007952,10.367704683443833,2.7973665961010274
DE-LU,validation,rf_depth_6_leaf_5,2024-07-08,24,376.9665500765328,37.94733192202055,339.01921815451226,23.090635541105996,3.794733192202055
DE-LU,validation,rf_depth_6_leaf_5,2024-07-09,24,201.45298416542306,37.94733192202055,163.50565224340252,115.3952022207217,3.794733192202055
DE-LU,validation,rf_depth_6_leaf_5,2024-07-10,24,193.87772830328208,46.46049894151541,147.41722936176672,56.438664667333626,4.646049894151541
DE-LU,validation,rf_depth_6_leaf_5,2024-07-11,24,263.57056735681084,37.94733192202055,225.62323543479027,3.378740277066896,3.794733192202055
DE-LU,validation,rf_depth_6_leaf_5,2024-07-12,24,56.32343542106697,46.46049894151541,9.862936479551564,16.195389987902615,4.646049894151541
DE-LU,validation,rf_depth_6_leaf_5,2024-07-13,24,134.57036275554677,28.460498941515414,106.10986381403134,24.672396023413995,2.846049894151541
DE-LU,validation,rf_depth_6_leaf_5,2024-07-14,24,358.88643242700664,27.973665961010273,330.91276646599636,0.8276160668586954,2.7973665961010274
DE-LU,validation,rf_depth_6_leaf_5,2024-07-15,24,458.58503181279445,37.94733192202055,420.637699890774,54.78273904212813,3.794733192202055
DE-LU,validation,rf_depth_6_leaf_5,2024-07-16,24,246.27041977306317,28.973665961010276,217.2967538120529,52.689480236761966,2.8973665961010275
DE-LU,validation,rf_depth_6_leaf_5,2024-07-17,24,244.3768189912077,28.973665961010276,215.40315303019742,58.53309640601162,2.8973665961010275
DE-LU,validation,rf_depth_6_leaf_5,2024-07-18,24,344.7191356677129,47.434164902525694,297.2849707651872,10.860283413844286,4.743416490252569
DE-LU,validation,rf_depth_6_leaf_5,2024-07-19,24,244.93478524478633,46.94733192202055,197.98745332276576,20.21139960237076,4.6947331922020545
DE-LU,validation,rf_depth_6_leaf_5,2024-07-20,24,249.25615851410598,28.460498941515414,220.79565957259055,3.87048394651751,2.846049894151541
DE-LU,validation,rf_depth_6_leaf_5,2024-07-21,24,203.36369499691486,27.973665961010273,175.39002903590458,20.860725601416533,2.7973665961010274
DE-LU,validation,rf_depth_6_leaf_5,2024-07-22,24,314.1003226471378,37.94733192202055,276.1529907251172,51.38851862257371,3.794733192202055
DE-LU,validation,rf_depth_6_leaf_5,2024-07-23,24,114.10572710289205,37.94733192202055,76.15839518087148,78.72868458158149,3.794733192202055
DE-LU,validation,rf_depth_6_leaf_5,2024-07-24,24,262.2737388565429,46.94733192202055,215.32640693452234,20.92042876912751,4.6947331922020545
DE-LU,validation,rf_depth_6_leaf_5,2024-07-25,24,260.9433439392446,47.434164902525694,213.50917903671888,30.148032444574767,4.743416490252569
DE-LU,validation,rf_depth_6_leaf_5,2024-07-26,24,117.97492354871201,47.434164902525694,70.54075864618636,56.946368039826396,4.743416490252569
DE-LU,validation,rf_depth_6_leaf_5,2024-07-27,24,152.37465951582834,28.460498941515414,123.91416057431293,36.53470550871201,2.846049894151541
DE-LU,validation,rf_depth_6_leaf_5,2024-07-28,24,274.77352960969426,46.46049894151541,228.31303066817884,66.41165284063396,4.646049894151541
DE-LU,validation,rf_depth_6_leaf_5,2024-07-29,24,299.0018672844029,47.434164902525694,251.5677023818772,82.13380149298519,4.743416490252569
DE-LU,validation,rf_depth_6_leaf_5,2024-07-30,24,280.462137184487,47.434164902525694,233.02797228196127,70.87473872278068,4.743416490252569
DE-LU,validation,rf_depth_6_leaf_5,2024-07-31,24,221.96316016266667,37.46049894151541,184.50266122115124,9.766738382153903,3.7460498941515414
DE-LU,validation,rf_depth_6_leaf_5,2024-08-01,24,139.64461833684015,37.46049894151541,102.18411939532474,17.912511490104407,3.7460498941515414
DE-LU,validation,rf_depth_6_leaf_5,2024-08-02,24,167.94412280695843,37.46049894151541,130.483623865443,12.841786141127557,3.7460498941515414
DE-LU,validation,rf_depth_6_leaf_5,2024-08-03,24,225.87115956345946,27.973665961010273,197.89749360244917,1.8158004233938527,2.7973665961010274
DE-LU,validation,rf_depth_6_leaf_5,2024-08-04,24,227.89563910575197,27.973665961010273,199.92197314474168,6.435754446796665,2.7973665961010274
DE-LU,validation,rf_depth_6_leaf_5,2024-08-05,24,371.6471001491142,47.434164902525694,324.2129352465885,4.714547110106196,4.743416490252569
DE-LU,validation,rf_depth_6_leaf_5,2024-08-06,24,382.4752740841751,37.46049894151541,345.0147751426597,35.96105542473009,3.7460498941515414
DE-LU,validation,rf_depth_6_leaf_5,2024-08-07,24,224.99350872725802,45.97366596101027,179.0198427662477,18.545738065823315,4.597366596101027
DE-LU,validation,rf_depth_6_leaf_5,2024-08-08,24,261.6533035652868,45.97366596101027,215.67963760427648,27.555796956973666,4.597366596101027
DE-LU,validation,rf_depth_6_leaf_5,2024-08-09,24,263.0083465438722,45.97366596101027,217.03468058286194,4.23411754911092,4.597366596101027
DE-LU,validation,rf_depth_6_leaf_5,2024-08-10,24,275.5288106075132,19.486832980505138,256.04197762700807,22.862774764574283,1.9486832980505138
DE-LU,validation,rf_depth_6_leaf_5,2024-08-11,24,306.3565688390363,45.97366596101027,260.382902878026,83.44020954793405,4.597366596101027
DE-LU,validation,rf_depth_6_leaf_5,2024-08-12,24,416.15565509432906,46.46049894151541,369.6951561528137,79.5771261628177,4.646049894151541
DE-LU,validation,rf_depth_6_leaf_5,2024-08-13,24,270.7572052582213,37.46049894151541,233.29670631670587,73.55790141406277,3.7460498941515414
DE-LU,validation,rf_depth_6_leaf_5,2024-08-14,24,230.11131715407143,37.46049894151541,192.650818212556,21.55523505769267,3.7460498941515414
DE-LU,validation,rf_depth_6_leaf_5,2024-08-15,24,313.4063064912377,37.46049894151541,275.9458075497223,0.7264885200412436,3.7460498941515414
DE-LU,validation,rf_depth_6_leaf_5,2024-08-16,24,378.0275483712098,37.46049894151541,340.5670494296944,8.278833749998967,3.7460498941515414
DE-LU,validation,rf_depth_6_leaf_5,2024-08-17,24,173.11121657900023,27.973665961010276,145.13755061798994,11.341039266854239,2.7973665961010274
DE-LU,validation,rf_depth_6_leaf_5,2024-08-18,24,157.10405874208936,27.973665961010276,129.13039278107908,11.743368920869017,2.7973665961010274
DE-LU,validation,rf_depth_6_leaf_5,2024-08-19,24,299.96356205426895,37.94733192202055,262.0162301322484,3.7770352925377324,3.794733192202055
DE-LU,validation,rf_depth_6_leaf_5,2024-08-20,24,298.4346402301299,37.46049894151541,260.9741412886145,5.169469645989011,3.7460498941515414
DE-LU,validation,rf_depth_6_leaf_5,2024-08-21,24,284.02634438939083,37.46049894151541,246.56584544787546,40.74340487036403,3.7460498941515414
DE-LU,validation,rf_depth_6_leaf_5,2024-08-22,24,267.6840314924592,37.46049894151541,230.22353255094376,24.26388934106427,3.7460498941515414
DE-LU,validation,rf_depth_6_leaf_5,2024-08-23,24,225.97403947662875,37.46049894151541,188.51354053511332,35.12829178021116,3.7460498941515414
DE-LU,validation,rf_depth_6_leaf_5,2024-08-24,24,291.9956253486564,27.973665961010276,264.0219593876461,9.529239780277294,2.7973665961010274
DE-LU,validation,rf_depth_6_leaf_5,2024-08-25,24,150.51724137602721,46.94733192202055,103.56990945400666,32.98806332274181,4.694733192202055
DE-LU,validation,rf_depth_6_leaf_5,2024-08-26,24,327.1021193435552,28.973665961010276,298.12845338254493,92.78562766744386,2.8973665961010275
DE-LU,validation,rf_depth_6_leaf_5,2024-08-27,24,422.51146200634406,37.94733192202055,384.5641300843235,62.74363379728311,3.794733192202055
DE-LU,validation,rf_depth_6_leaf_5,2024-08-28,24,285.53308290733617,37.94733192202055,247.58575098531563,116.41350045828946,3.794733192202055
DE-LU,validation,rf_depth_6_leaf_5,2024-08-29,24,420.7625573519221,37.94733192202055,382.81522542990155,6.340691692878465,3.794733192202055
DE-LU,validation,rf_depth_6_leaf_5,2024-08-30,24,171.84395531905517,37.94733192202055,133.8966233970346,14.22610248720514,3.794733192202055
DE-LU,validation,rf_depth_6_leaf_20,2024-07-01,24,202.2628654472934,37.46049894151541,164.802366505778,98.96153880757689,3.7460498941515414
DE-LU,validation,rf_depth_6_leaf_20,2024-07-02,24,73.73471351311949,37.94733192202055,35.787381591098935,25.24830330072571,3.794733192202055
DE-LU,validation,rf_depth_6_leaf_20,2024-07-03,24,173.07997961016147,37.46049894151541,135.61948066864605,17.973014000430965,3.746049894151541
DE-LU,validation,rf_depth_6_leaf_20,2024-07-04,24,166.74777032580064,28.460498941515414,138.28727138428522,89.21173894587807,2.846049894151541
DE-LU,validation,rf_depth_6_leaf_20,2024-07-05,24,211.6445414364472,28.486832980505135,183.15770845594207,29.56954034255972,2.8486832980505135
DE-LU,validation,rf_depth_6_leaf_20,2024-07-06,24,172.85626806692596,27.973665961010273,144.88260210591568,33.686882274461624,2.7973665961010274
DE-LU,validation,rf_depth_6_leaf_20,2024-07-07,24,155.67342782819892,19.486832980505138,136.18659484769378,23.30823901582957,1.9486832980505138
DE-LU,validation,rf_depth_6_leaf_20,2024-07-08,24,372.3068349716148,37.94733192202055,334.35950304959425,27.750350646024003,3.794733192202055
DE-LU,validation,rf_depth_6_leaf_20,2024-07-09,24,200.84509205043233,37.46049894151541,163.3845931089169,115.51626135520732,3.746049894151541
DE-LU,validation,rf_depth_6_leaf_20,2024-07-10,24,193.87772830328208,46.46049894151541,147.41722936176672,56.438664667333626,4.646049894151541
DE-LU,validation,rf_depth_6_leaf_20,2024-07-11,24,262.76139685065783,37.46049894151541,225.30089790914244,3.7010778027147353,3.7460498941515414
DE-LU,validation,rf_depth_6_leaf_20,2024-07-12,24,49.02981133252646,37.46049894151541,11.569312391011046,14.489014076443134,3.7460498941515414
DE-LU,validation,rf_depth_6_leaf_20,2024-07-13,24,128.80032039640636,28.460498941515414,100.33982145489094,30.4424383825544,2.846049894151541
DE-LU,validation,rf_depth_6_leaf_20,2024-07-14,24,348.7474959596299,19.486832980505138,329.26066297912473,2.4797195537303196,1.9486832980505138
DE-LU,validation,rf_depth_6_leaf_20,2024-07-15,24,458.58503181279445,37.94733192202055,420.637699890774,54.78273904212813,3.794733192202055
DE-LU,validation,rf_depth_6_leaf_20,2024-07-16,24,246.27041977306317,28.973665961010276,217.2967538120529,52.689480236761966,2.8973665961010275
DE-LU,validation,rf_depth_6_leaf_20,2024-07-17,24,244.3768189912077,28.973665961010276,215.40315303019742,58.53309640601162,2.8973665961010275
DE-LU,validation,rf_depth_6_leaf_20,2024-07-18,24,344.7191356677129,47.434164902525694,297.2849707651872,10.860283413844286,4.743416490252569
DE-LU,validation,rf_depth_6_leaf_20,2024-07-19,24,244.93478524478633,46.94733192202055,197.98745332276576,20.21139960237076,4.6947331922020545
DE-LU,validation,rf_depth_6_leaf_20,2024-07-20,24,250.6652260453953,28.460498941515414,222.2047271038799,2.4614164152281717,2.846049894151541
DE-LU,validation,rf_depth_6_leaf_20,2024-07-21,24,203.36369499691486,27.973665961010273,175.39002903590458,20.860725601416533,2.7973665961010274
DE-LU,validation,rf_depth_6_leaf_20,2024-07-22,24,312.6429283117724,37.94733192202055,274.6955963897518,52.845912957939106,3.794733192202055
DE-LU,validation,rf_depth_6_leaf_20,2024-07-23,24,113.8190365699279,37.94733192202055,75.87170464790734,79.01537511454563,3.794733192202055
DE-LU,validation,rf_depth_6_leaf_20,2024-07-24,24,265.7586586175115,47.434164902525694,218.32449371498578,17.922341988664073,4.743416490252569
DE-LU,validation,rf_depth_6_leaf_20,2024-07-25,24,265.78523043135806,47.434164902525694,218.3510655288324,25.306145952461236,4.743416490252569
DE-LU,validation,rf_depth_6_leaf_20,2024-07-26,24,117.97492354871201,47.434164902525694,70.54075864618636,56.946368039826396,4.743416490252569
DE-LU,validation,rf_depth_6_leaf_20,2024-07-27,24,152.24328875883765,28.460498941515414,123.78278981732224,36.6660762657027,2.846049894151541
DE-LU,validation,rf_depth_6_leaf_20,2024-07-28,24,295.90775183191636,38.46049894151541,257.44725289040105,37.277430618411756,3.846049894151541
DE-LU,validation,rf_depth_6_leaf_20,2024-07-29,24,299.0018672844029,47.434164902525694,251.5677023818772,82.13380149298519,4.743416490252569
DE-LU,validation,rf_depth_6_leaf_20,2024-07-30,24,280.462137184487,47.434164902525694,233.02797228196127,70.87473872278068,4.743416490252569
DE-LU,validation,rf_depth_6_leaf_20,2024-07-31,24,222.20640132990724,37.46049894151541,184.7459023883918,9.523497214913334,3.7460498941515414
DE-LU,validation,rf_depth_6_leaf_20,2024-08-01,24,114.75989282969799,37.46049894151541,77.29939388818259,42.79723699724656,3.7460498941515414
DE-LU,validation,rf_depth_6_leaf_20,2024-08-02,24,166.41838824605531,37.94733192202055,128.4710563240348,14.85435368253576,3.794733192202055
DE-LU,validation,rf_depth_6_leaf_20,2024-08-03,24,227.6869599868533,27.973665961010273,199.71329402584303,0.0,2.7973665961010274
DE-LU,validation,rf_depth_6_leaf_20,2024-08-04,24,212.62290256476584,37.97366596101027,174.64923660375555,31.708490987782795,3.7973665961010274
DE-LU,validation,rf_depth_6_leaf_20,2024-08-05,24,369.8329981860919,46.94733192202055,322.88566626407135,6.041816092623321,4.694733192202055
DE-LU,validation,rf_depth_6_leaf_20,2024-08-06,24,371.5312742534739,45.97366596101027,325.5576082924636,55.418222274926165,4.597366596101027
DE-LU,validation,rf_depth_6_leaf_20,2024-08-07,24,224.99350872725802,45.97366596101027,179.0198427662477,18.545738065823315,4.597366596101027
DE-LU,validation,rf_depth_6_leaf_20,2024-08-08,24,246.8491763378168,45.97366596101027,200.87551037680652,42.35992418444363,4.597366596101027
DE-LU,validation,rf_depth_6_leaf_20,2024-08-09,24,231.5985776830227,45.97366596101027,185.62491172201243,35.64388640996043,4.597366596101027
DE-LU,validation,rf_depth_6_leaf_20,2024-08-10,24,287.8441482436684,27.973665961010273,259.87048228265814,19.034270108924204,2.7973665961010274
DE-LU,validation,rf_depth_6_leaf_20,2024-08-11,24,254.04368900187922,46.94733192202055,207.09635707985868,136.72675534610138,4.694733192202055
DE-LU,validation,rf_depth_6_leaf_20,2024-08-12,24,415.6890527287916,45.97366596101027,369.7153867677813,79.5568955478501,4.597366596101027
DE-LU,validation,rf_depth_6_leaf_20,2024-08-13,24,256.318722136972,37.46049894151541,218.85822319545656,87.99638453531207,3.7460498941515414
DE-LU,validation,rf_depth_6_leaf_20,2024-08-14,24,223.84185845472726,37.46049894151541,186.38135951321183,27.82469375703684,3.7460498941515414
DE-LU,validation,rf_depth_6_leaf_20,2024-08-15,24,314.01322494026743,37.46049894151541,276.552725998752,0.1195700710115375,3.7460498941515414
DE-LU,validation,rf_depth_6_leaf_20,2024-08-16,24,371.2586733316618,37.46049894151541,333.7981743901464,15.04770878954696,3.7460498941515414
DE-LU,validation,rf_depth_6_leaf_20,2024-08-17,24,179.45562945179597,27.973665961010276,151.4819634907857,4.996626394058495,2.7973665961010274
DE-LU,validation,rf_depth_6_leaf_20,2024-08-18,24,119.65193664885035,46.94733192202055,72.70460472682979,68.16915697511831,4.6947331922020545
DE-LU,validation,rf_depth_6_leaf_20,2024-08-19,24,235.210970708425,37.46049894151541,197.75047176690958,68.04279365787653,3.7460498941515414
DE-LU,validation,rf_depth_6_leaf_20,2024-08-20,24,298.4346402301299,37.46049894151541,260.9741412886145,5.169469645989011,3.7460498941515414
DE-LU,validation,rf_depth_6_leaf_20,2024-08-21,24,284.02634438939083,37.46049894151541,246.56584544787546,40.74340487036403,3.7460498941515414
DE-LU,validation,rf_depth_6_leaf_20,2024-08-22,24,265.1216642028765,37.46049894151541,227.66116526136108,26.826256630646952,3.7460498941515414
DE-LU,validation,rf_depth_6_leaf_20,2024-08-23,24,223.09296947151051,37.46049894151541,185.6324705299951,38.00936178532939,3.7460498941515414
DE-LU,validation,rf_depth_6_leaf_20,2024-08-24,24,291.9956253486564,27.973665961010276,264.0219593876461,9.529239780277294,2.7973665961010274
DE-LU,validation,rf_depth_6_leaf_20,2024-08-25,24,154.18427636945523,46.94733192202055,107.2369444474347,29.321028329313776,4.6947331922020545
DE-LU,validation,rf_depth_6_leaf_20,2024-08-26,24,327.0490920848741,28.973665961010276,298.0754261238638,92.838654926125,2.8973665961010275
DE-LU,validation,rf_depth_6_leaf_20,2024-08-27,24,422.51146200634406,37.94733192202055,384.5641300843235,62.74363379728311,3.794733192202055
DE-LU,validation,rf_depth_6_leaf_20,2024-08-28,24,332.2030829073362,37.94733192202055,294.2557509853156,69.74350045828947,3.794733192202055
DE-LU,validation,rf_depth_6_leaf_20,2024-08-29,24,418.630990804093,37.94733192202055,380.68365888207245,8.47225824070756,3.794733192202055
DE-LU,validation,rf_depth_6_leaf_20,2024-08-30,24,172.84278799946276,37.94733192202055,134.89545607744222,13.227269806797523,3.794733192202055
DE-LU,validation,rf_depth_12_leaf_5,2024-07-01,24,181.000602742635,37.94733192202055,143.05327082061456,120.71063449274033,3.794733192202055
DE-LU,validation,rf_depth_12_leaf_5,2024-07-02,24,73.94627053877916,37.94733192202055,35.99893861675859,25.03674627506605,3.794733192202055
DE-LU,validation,rf_depth_12_leaf_5,2024-07-03,24,158.22785095722833,37.46049894151541,120.76735201571286,32.82514265336415,3.7460498941515414
DE-LU,validation,rf_depth_12_leaf_5,2024-07-04,24,151.49105894988818,37.94733192202055,113.54372702786762,113.95528330229567,3.794733192202055
DE-LU,validation,rf_depth_12_leaf_5,2024-07-05,24,214.39086304750103,37.46049894151541,176.9303641059856,35.79688469251619,3.7460498941515414
DE-LU,validation,rf_depth_12_leaf_5,2024-07-06,24,172.85626806692596,27.973665961010273,144.88260210591568,33.686882274461624,2.7973665961010274
DE-LU,validation,rf_depth_12_leaf_5,2024-07-07,24,177.1007951410898,27.973665961010273,149.12712918007952,10.367704683443833,2.7973665961010274
DE-LU,validation,rf_depth_12_leaf_5,2024-07-08,24,369.41032778334454,47.434164902525694,321.97616288081883,40.13369081479942,4.743416490252569
DE-LU,validation,rf_depth_12_leaf_5,2024-07-09,24,229.29608640929285,45.97366596101027,183.32242044828263,95.5784340158416,4.597366596101027
DE-LU,validation,rf_depth_12_leaf_5,2024-07-10,24,195.42174082247544,47.434164902525694,147.98757591994976,55.86831810915058,4.743416490252569
DE-LU,validation,rf_depth_12_leaf_5,2024-07-11,24,229.33820358942273,46.46049894151541,182.8777046479073,46.12427106394986,4.646049894151541
DE-LU,validation,rf_depth_12_leaf_5,2024-07-12,24,51.53966318708383,46.46049894151541,5.079164245568421,20.97916222188576,4.646049894151541
DE-LU,validation,rf_depth_12_leaf_5,2024-07-13,24,134.57036275554677,28.460498941515414,106.10986381403134,24.672396023413995,2.846049894151541
DE-LU,validation,rf_depth_12_leaf_5,2024-07-14,24,358.88643242700664,27.973665961010273,330.91276646599636,0.8276160668586954,2.7973665961010274
DE-LU,validation,rf_depth_12_leaf_5,2024-07-15,24,458.58503181279445,37.94733192202055,420.637699890774,54.78273904212813,3.794733192202055
DE-LU,validation,rf_depth_12_leaf_5,2024-07-16,24,282.8660105562243,46.94733192202055,235.9186786342037,34.06755541461118,4.6947331922020545
DE-LU,validation,rf_depth_12_leaf_5,2024-07-17,24,234.5150179046623,37.94733192202055,196.56768598264176,77.36856345356728,3.794733192202055
DE-LU,validation,rf_depth_12_leaf_5,2024-07-18,24,297.92233870975133,46.94733192202055,250.9750067877308,57.170247391300705,4.6947331922020545
DE-LU,validation,rf_depth_12_leaf_5,2024-07-19,24,212.6978231631774,46.94733192202055,165.75049124115682,52.4483616839797,4.694733192202055
DE-LU,validation,rf_depth_12_leaf_5,2024-07-20,24,250.6652260453953,28.460498941515414,222.2047271038799,2.4614164152281717,2.846049894151541
DE-LU,validation,rf_depth_12_leaf_5,2024-07-21,24,182.9877519921643,19.486832980505138,163.50091901165916,32.749835625661945,1.9486832980505138
DE-LU,validation,rf_depth_12_leaf_5,2024-07-22,24,277.4301951945947,37.94733192202055,239.48286327257415,88.05864607511677,3.794733192202055
DE-LU,validation,rf_depth_12_leaf_5,2024-07-23,24,147.18263824198374,37.94733192202055,109.23530631996323,45.65177344248974,3.794733192202055
DE-LU,validation,rf_depth_12_leaf_5,2024-07-24,24,264.2440905894325,46.94733192202055,217.296758667412,18.950077036237843,4.694733192202055
DE-LU,validation,rf_depth_12_leaf_5,2024-07-25,24,180.68008084218997,47.434164902525694,133.24591593966431,110.41129554162933,4.743416490252569
DE-LU,validation,rf_depth_12_leaf_5,2024-07-26,24,115.7780047245603,46.94733192202055,68.83067280253975,58.656453883473006,4.694733192202055
DE-LU,validation,rf_depth_12_leaf_5,2024-07-27,24,156.78603685176324,28.460498941515414,128.32553791024782,32.12332817277712,2.846049894151541
DE-LU,validation,rf_depth_12_leaf_5,2024-07-28,24,281.23856287854926,46.46049894151541,234.77806393703383,59.94661957177897,4.646049894151541
DE-LU,validation,rf_depth_12_leaf_5,2024-07-29,24,331.80137936554456,47.434164902525694,284.36721446301885,49.33428941184354,4.743416490252569
DE-LU,validation,rf_depth_12_leaf_5,2024-07-30,24,294.81102905614244,47.434164902525694,247.37686415361674,56.52584685112521,4.743416490252569
DE-LU,validation,rf_depth_12_leaf_5,2024-07-31,24,227.94332999360017,45.97366596101027,181.9696640325899,12.299735570715256,4.597366596101027
DE-LU,validation,rf_depth_12_leaf_5,2024-08-01,24,142.12608756920724,37.94733192202055,104.1787556471867,15.917875238242445,3.794733192202055
DE-LU,validation,rf_depth_12_leaf_5,2024-08-02,24,159.29534258880568,45.97366596101027,113.32167662779541,30.003733378775152,4.597366596101027
DE-LU,validation,rf_depth_12_leaf_5,2024-08-03,24,224.59043272512844,27.973665961010273,196.61676676411815,3.096527261724873,2.7973665961010274
DE-LU,validation,rf_depth_12_leaf_5,2024-08-04,24,227.89563910575197,27.973665961010273,199.92197314474168,6.435754446796665,2.7973665961010274
DE-LU,validation,rf_depth_12_leaf_5,2024-08-05,24,371.6471001491142,47.434164902525694,324.2129352465885,4.714547110106196,4.743416490252569
DE-LU,validation,rf_depth_12_leaf_5,2024-08-06,24,368.3385769357424,45.97366596101027,322.36491097473214,58.61091959265764,4.597366596101027
DE-LU,validation,rf_depth_12_leaf_5,2024-08-07,24,169.38578282673177,46.94733192202055,122.4384509047112,75.12712992735982,4.6947331922020545
DE-LU,validation,rf_depth_12_leaf_5,2024-08-08,24,245.46216968483608,47.434164902525694,198.02800478231038,45.20742977893977,4.743416490252569
DE-LU,validation,rf_depth_12_leaf_5,2024-08-09,24,234.41128227416783,46.94733192202055,187.46395035214726,33.80484777982559,4.6947331922020545
DE-LU,validation,rf_depth_12_leaf_5,2024-08-10,24,290.8215853720875,19.486832980505138,271.33475239158236,7.569999999999993,1.9486832980505138
DE-LU,validation,rf_depth_12_leaf_5,2024-08-11,24,313.4405688390363,45.97366596101027,267.466902878026,76.35620954793404,4.597366596101027
DE-LU,validation,rf_depth_12_leaf_5,2024-08-12,24,480.5357415401463,37.94733192202055,442.58840961812575,6.683872697505649,3.794733192202055
DE-LU,validation,rf_depth_12_leaf_5,2024-08-13,24,341.89592765679083,46.46049894151541,295.4354287152754,11.419179015493228,4.646049894151541
DE-LU,validation,rf_depth_12_leaf_5,2024-08-14,24,228.39076406521613,46.46049894151541,181.9302651237007,32.27578814654797,4.646049894151541
DE-LU,validation,rf_depth_12_leaf_5,2024-08-15,24,313.31033839237955,37.94733192202055,275.363006470359,1.3092895994045648,3.794733192202055
DE-LU,validation,rf_depth_12_leaf_5,2024-08-16,24,376.2019469992515,37.46049894151541,338.7414480577361,10.104435121957295,3.7460498941515414
DE-LU,validation,rf_depth_12_leaf_5,2024-08-17,24,158.65017673120093,27.973665961010276,130.67651077019065,25.802079114653537,2.7973665961010274
DE-LU,validation,rf_depth_12_leaf_5,2024-08-18,24,128.70192383054737,19.486832980505138,109.21509085004222,31.65867085190588,1.9486832980505138
DE-LU,validation,rf_depth_12_leaf_5,2024-08-19,24,299.96356205426895,37.94733192202055,262.0162301322484,3.7770352925377324,3.794733192202055
DE-LU,validation,rf_depth_12_leaf_5,2024-08-20,24,263.7161091015255,28.973665961010276,234.74244314051523,31.401167794088252,2.8973665961010275
DE-LU,validation,rf_depth_12_leaf_5,2024-08-21,24,289.4823332936851,37.46049894151541,252.02183435216972,35.28741596606977,3.7460498941515414
DE-LU,validation,rf_depth_12_leaf_5,2024-08-22,24,289.14996510479773,37.94733192202055,251.2026331827772,3.2847887092308383,3.794733192202055
DE-LU,validation,rf_depth_12_leaf_5,2024-08-23,24,217.3853541548956,37.46049894151541,179.92485521338017,43.71697710194431,3.7460498941515414
DE-LU,validation,rf_depth_12_leaf_5,2024-08-24,24,290.84771855801523,27.973665961010276,262.87405259700495,10.677146570918467,2.7973665961010274
DE-LU,validation,rf_depth_12_leaf_5,2024-08-25,24,154.82000954240726,46.94733192202055,107.87267762038672,28.685295156361747,4.694733192202055
DE-LU,validation,rf_depth_12_leaf_5,2024-08-26,24,345.484445565645,37.94733192202055,307.5371136436244,83.37696740636437,3.794733192202055
DE-LU,validation,rf_depth_12_leaf_5,2024-08-27,24,425.7505825038332,37.46049894151541,388.29008356231776,59.01768031928884,3.7460498941515414
DE-LU,validation,rf_depth_12_leaf_5,2024-08-28,24,248.58267966727072,37.46049894151541,211.1221807257553,152.8770707178498,3.7460498941515414
DE-LU,validation,rf_depth_12_leaf_5,2024-08-29,24,395.8724130875629,28.973665961010276,366.8987471265526,22.25716999622739,2.8973665961010275
DE-LU,validation,rf_depth_12_leaf_5,2024-08-30,24,163.0792648611154,37.94733192202055,125.13193293909484,22.990792945144904,3.794733192202055
DE-LU,validation,rf_depth_12_leaf_20,2024-07-01,24,168.0148567909748,28.486832980505135,139.52802381046965,124.23588150288523,2.8486832980505135
DE-LU,validation,rf_depth_12_leaf_20,2024-07-02,24,73.71096976864452,37.94733192202055,35.763637846623965,25.27204704520068,3.794733192202055
DE-LU,validation,rf_depth_12_leaf_20,2024-07-03,24,181.03997961016148,37.46049894151541,143.57948066864606,10.013014000430957,3.746049894151541
DE-LU,validation,rf_depth_12_leaf_20,2024-07-04,24,148.57729661319635,37.94733192202055,110.62996469117579,116.8690456389875,3.794733192202055
DE-LU,validation,rf_depth_12_leaf_20,2024-07-05,24,214.51960332456792,37.46049894151541,177.0591043830525,35.66814441544929,3.7460498941515414
DE-LU,validation,rf_depth_12_leaf_20,2024-07-06,24,178.09924488599358,19.486832980505138,158.61241190548844,19.95707247488886,1.9486832980505138
DE-LU,validation,rf_depth_12_leaf_20,2024-07-07,24,155.67342782819892,19.486832980505138,136.18659484769378,23.30823901582957,1.9486832980505138
DE-LU,validation,rf_depth_12_leaf_20,2024-07-08,24,367.9581787010849,47.434164902525694,320.52401379855917,41.58583989705909,4.743416490252569
DE-LU,validation,rf_depth_12_leaf_20,2024-07-09,24,216.69339478946304,37.46049894151541,179.23289584794765,99.66795861617658,3.7460498941515414
DE-LU,validation,rf_depth_12_leaf_20,2024-07-10,24,195.94741225631418,46.94733192202055,149.00008033429367,54.85581369480667,4.694733192202055
DE-LU,validation,rf_depth_12_leaf_20,2024-07-11,24,262.76139685065783,37.46049894151541,225.30089790914244,3.7010778027147353,3.7460498941515414
DE-LU,validation,rf_depth_12_leaf_20,2024-07-12,24,29.369796404436407,28.973665961010276,0.3961304434261388,25.66219602402804,2.8973665961010275
DE-LU,validation,rf_depth_12_leaf_20,2024-07-13,24,134.57036275554677,28.460498941515414,106.10986381403134,24.672396023413995,2.846049894151541
DE-LU,validation,rf_depth_12_leaf_20,2024-07-14,24,348.7474959596299,19.486832980505138,329.26066297912473,2.4797195537303196,1.9486832980505138
DE-LU,validation,rf_depth_12_leaf_20,2024-07-15,24,458.58503181279445,37.94733192202055,420.637699890774,54.78273904212813,3.794733192202055
DE-LU,validation,rf_depth_12_leaf_20,2024-07-16,24,312.9454389299386,46.94733192202055,265.998107007918,3.9881270408968703,4.694733192202055
DE-LU,validation,rf_depth_12_leaf_20,2024-07-17,24,244.09310985785672,37.94733192202055,206.14577793583615,67.79047150037289,3.794733192202055
DE-LU,validation,rf_depth_12_leaf_20,2024-07-18,24,295.93066896297336,45.97366596101027,249.95700300196307,58.18825117706842,4.597366596101027
DE-LU,validation,rf_depth_12_leaf_20,2024-07-19,24,245.4877104785834,46.94733192202055,198.5403785565628,19.658474368573707,4.6947331922020545
DE-LU,validation,rf_depth_12_leaf_20,2024-07-20,24,249.91718012457244,27.973665961010273,221.94351416356216,2.722629355545905,2.7973665961010274
DE-LU,validation,rf_depth_12_leaf_20,2024-07-21,24,203.36694055011822,27.973665961010273,175.39327458910793,20.857480048213176,2.7973665961010274
DE-LU,validation,rf_depth_12_leaf_20,2024-07-22,24,312.60289982226413,37.94733192202055,274.65556790024357,52.88594144744735,3.794733192202055
DE-LU,validation,rf_depth_12_leaf_20,2024-07-23,24,114.82559890010509,37.94733192202055,76.87826697808453,78.00881278436844,3.794733192202055
DE-LU,validation,rf_depth_12_leaf_20,2024-07-24,24,264.51011776700193,47.434164902525694,217.07595286447622,19.17088283917363,4.743416490252569
DE-LU,validation,rf_depth_12_leaf_20,2024-07-25,24,264.9597780666349,47.434164902525694,217.52561316410925,26.131598317184398,4.743416490252569
DE-LU,validation,rf_depth_12_leaf_20,2024-07-26,24,117.97492354871201,47.434164902525694,70.54075864618636,56.946368039826396,4.743416490252569
DE-LU,validation,rf_depth_12_leaf_20,2024-07-27,24,152.24328875883765,28.460498941515414,123.78278981732224,36.6660762657027,2.846049894151541
DE-LU,validation,rf_depth_12_leaf_20,2024-07-28,24,295.90775183191636,38.46049894151541,257.44725289040105,37.277430618411756,3.846049894151541
DE-LU,validation,rf_depth_12_leaf_20,2024-07-29,24,299.0018672844029,47.434164902525694,251.5677023818772,82.13380149298519,4.743416490252569
DE-LU,validation,rf_depth_12_leaf_20,2024-07-30,24,282.9409728273699,47.434164902525694,235.50680792484417,68.39590307989778,4.743416490252569
DE-LU,validation,rf_depth_12_leaf_20,2024-07-31,24,227.94332999360017,45.97366596101027,181.9696640325899,12.299735570715256,4.597366596101027
DE-LU,validation,rf_depth_12_leaf_20,2024-08-01,24,136.87160615328085,45.97366596101027,90.89794019227058,29.198690693158568,4.597366596101027
DE-LU,validation,rf_depth_12_leaf_20,2024-08-02,24,167.90062521489403,46.46049894151541,121.44012627337867,21.885283733191898,4.646049894151541
DE-LU,validation,rf_depth_12_leaf_20,2024-08-03,24,227.6869599868533,27.973665961010273,199.71329402584303,0.0,2.7973665961010274
DE-LU,validation,rf_depth_12_leaf_20,2024-08-04,24,212.62290256476584,37.97366596101027,174.64923660375555,31.708490987782795,3.7973665961010274
DE-LU,validation,rf_depth_12_leaf_20,2024-08-05,24,369.8329981860919,46.94733192202055,322.88566626407135,6.041816092623321,4.694733192202055
DE-LU,validation,rf_depth_12_leaf_20,2024-08-06,24,368.3385769357424,45.97366596101027,322.36491097473214,58.61091959265764,4.597366596101027
DE-LU,validation,rf_depth_12_leaf_20,2024-08-07,24,225.3138448284304,46.94733192202055,178.3665129064098,19.19906792566121,4.694733192202055
DE-LU,validation,rf_depth_12_leaf_20,2024-08-08,24,245.35031861704687,46.94733192202055,198.4029866950263,44.832447866223845,4.694733192202055
DE-LU,validation,rf_depth_12_leaf_20,2024-08-09,24,231.35608871382303,47.434164902525694,183.9219238112973,37.34687432067557,4.743416490252569
DE-LU,validation,rf_depth_12_leaf_20,2024-08-10,24,287.8441482436684,27.973665961010273,259.87048228265814,19.034270108924204,2.7973665961010274
DE-LU,validation,rf_depth_12_leaf_20,2024-08-11,24,254.04368900187922,46.94733192202055,207.09635707985868,136.72675534610138,4.694733192202055
DE-LU,validation,rf_depth_12_leaf_20,2024-08-12,24,410.36170198948093,37.46049894151541,372.9012030479655,76.37107926766589,3.7460498941515414
DE-LU,validation,rf_depth_12_leaf_20,2024-08-13,24,260.96880314450937,45.97366596101027,214.9951371834991,91.85947054726952,4.597366596101027
DE-LU,validation,rf_depth_12_leaf_20,2024-08-14,24,209.04182777223764,46.94733192202055,162.09449585021707,52.1115574200316,4.694733192202055
DE-LU,validation,rf_depth_12_leaf_20,2024-08-15,24,314.01322494026743,37.46049894151541,276.552725998752,0.1195700710115375,3.7460498941515414
DE-LU,validation,rf_depth_12_leaf_20,2024-08-16,24,371.2586733316618,37.46049894151541,333.7981743901464,15.04770878954696,3.7460498941515414
DE-LU,validation,rf_depth_12_leaf_20,2024-08-17,24,179.45562945179597,27.973665961010276,151.4819634907857,4.996626394058495,2.7973665961010274
DE-LU,validation,rf_depth_12_leaf_20,2024-08-18,24,119.65193664885035,46.94733192202055,72.70460472682979,68.16915697511831,4.6947331922020545
DE-LU,validation,rf_depth_12_leaf_20,2024-08-19,24,232.5930534020353,36.97366596101027,195.61938744102503,70.17387798376109,3.6973665961010274
DE-LU,validation,rf_depth_12_leaf_20,2024-08-20,24,300.55014590063826,37.94733192202055,262.6028139786177,3.5407969559857975,3.794733192202055
DE-LU,validation,rf_depth_12_leaf_20,2024-08-21,24,289.4823332936851,37.46049894151541,252.02183435216972,35.28741596606977,3.7460498941515414
DE-LU,validation,rf_depth_12_leaf_20,2024-08-22,24,273.9946885872694,36.97366596101027,237.02102262625914,17.46639926574889,3.6973665961010274
DE-LU,validation,rf_depth_12_leaf_20,2024-08-23,24,217.3853541548956,37.46049894151541,179.92485521338017,43.71697710194431,3.7460498941515414
DE-LU,validation,rf_depth_12_leaf_20,2024-08-24,24,291.9956253486564,27.973665961010276,264.0219593876461,9.529239780277294,2.7973665961010274
DE-LU,validation,rf_depth_12_leaf_20,2024-08-25,24,154.18427636945523,46.94733192202055,107.2369444474347,29.321028329313776,4.6947331922020545
DE-LU,validation,rf_depth_12_leaf_20,2024-08-26,24,345.484445565645,37.94733192202055,307.5371136436244,83.37696740636437,3.794733192202055
DE-LU,validation,rf_depth_12_leaf_20,2024-08-27,24,432.963419722228,37.94733192202055,395.01608780020746,52.291676081399146,3.794733192202055
DE-LU,validation,rf_depth_12_leaf_20,2024-08-28,24,332.29612209916604,37.94733192202055,294.3487901771455,69.65046126645962,3.794733192202055
DE-LU,validation,rf_depth_12_leaf_20,2024-08-29,24,419.4099352688021,37.94733192202055,381.4626033467815,7.69331377599849,3.794733192202055
DE-LU,validation,rf_depth_12_leaf_20,2024-08-30,24,172.82926486111538,37.94733192202055,134.88193293909484,13.240792945144904,3.794733192202055
FR,validation,latest_same_hour,2024-07-01,24,60.67294493004708,28.973665961010276,31.699278969036797,120.61405540953832,2.8973665961010275
FR,validation,latest_same_hour,2024-07-02,24,120.16232448227166,18.973665961010276,101.18865852126137,96.47197496265463,1.8973665961010275
FR,validation,latest_same_hour,2024-07-03,24,173.44351230819046,37.94733192202055,135.49618038616995,47.20243761306051,3.794733192202055
FR,validation,latest_same_hour,2024-07-04,24,132.29843105940034,38.46049894151541,93.8379321178849,21.792019732774364,3.846049894151541
FR,validation,latest_same_hour,2024-07-05,24,64.12880882118534,55.947331922020545,8.181476899164807,135.21646086792262,5.594733192202055
FR,validation,latest_same_hour,2024-07-06,24,125.73334862332925,28.460498941515414,97.27284968181382,53.98860298498255,2.846049894151541
FR,validation,latest_same_hour,2024-07-07,24,138.32806514054786,28.973665961010276,109.35439917953758,15.284360161118187,2.8973665961010275
FR,validation,latest_same_hour,2024-07-08,24,106.87213637649313,18.973665961010276,87.89847041548285,51.05151849078703,1.8973665961010275
FR,validation,latest_same_hour,2024-07-09,24,119.35100521221884,18.973665961010276,100.37733925120857,101.2176602265843,1.8973665961010275
FR,validation,latest_same_hour,2024-07-10,24,110.17611487856323,45.97366596101027,64.20244891755294,57.32482313997605,4.597366596101027
FR,validation,latest_same_hour,2024-07-11,24,143.22888525618686,46.94733192202055,96.2815533341663,19.019334190026328,4.694733192202055
FR,validation,latest_same_hour,2024-07-12,24,79.172480049201,28.460498941515414,50.711981107685574,64.19954156324116,2.846049894151541
FR,validation,latest_same_hour,2024-07-13,24,130.53088295165676,45.973665961010276,84.55721699064648,60.20742826117774,4.597366596101027
FR,validation,latest_same_hour,2024-07-14,24,190.13451547550102,36.97366596101027,153.16084951449074,167.43226036261603,3.6973665961010274
FR,validation,latest_same_hour,2024-07-15,24,151.5388473965337,18.973665961010276,132.5651814355234,24.4310234100638,1.8973665961010275
FR,validation,latest_same_hour,2024-07-16,24,145.95509049417035,18.973665961010276,126.98142453316007,19.41130776780031,1.8973665961010275
FR,validation,latest_same_hour,2024-07-17,24,189.84162067987035,37.94733192202055,151.89428875784978,27.79169347618941,3.794733192202055
FR,validation,latest_same_hour,2024-07-18,24,136.35263840826556,37.486832980505135,98.8658054277604,50.48272582851878,3.748683298050514
FR,validation,latest_same_hour,2024-07-19,24,145.27434648711,37.46049894151541,107.81384754559457,11.476629488373774,3.7460498941515414
FR,validation,latest_same_hour,2024-07-20,24,101.49193713749666,46.94733192202055,54.5446052154761,100.57494673370269,4.6947331922020545
FR,validation,latest_same_hour,2024-07-21,24,91.67934822489903,37.486832980505135,54.192515244393896,53.34080562042093,3.748683298050514
FR,validation,latest_same_hour,2024-07-22,24,79.76787211656064,18.973665961010276,60.79420615555036,29.539835542521054,1.8973665961010275
FR,validation,latest_same_hour,2024-07-23,24,139.82465147489654,18.973665961010276,120.85098551388626,41.54734541653079,1.8973665961010275
FR,validation,latest_same_hour,2024-07-24,24,185.68902586151881,20.0,165.68902586151881,39.17994381482697,2.0
FR,validation,latest_same_hour,2024-07-25,24,98.08580597322239,37.94733192202055,60.13847405120183,47.19418278299877,3.794733192202055
FR,validation,latest_same_hour,2024-07-26,24,5.696203306599543,45.97366596101027,-40.27746265441075,104.98703469431834,4.597366596101027
FR,validation,latest_same_hour,2024-07-27,24,46.42241660986437,20.0,26.422416609864374,52.85615603023828,2.0
FR,validation,latest_same_hour,2024-07-28,24,108.11416803429971,46.94733192202055,61.166836112279164,80.45169735524365,4.6947331922020545
FR,validation,latest_same_hour,2024-07-29,24,82.96908586388437,27.973665961010276,54.9954199028741,46.81033347729471,2.7973665961010274
FR,validation,latest_same_hour,2024-07-30,24,138.7029361824176,36.973665961010276,101.72927022140732,48.07788811429549,3.6973665961010274
FR,validation,latest_same_hour,2024-07-31,24,173.09642618270863,28.460498941515414,144.6359272411932,28.769817761421876,2.846049894151541
FR,validation,latest_same_hour,2024-08-01,24,94.28212404897246,28.973665961010276,65.30845808796218,38.586912857577275,2.8973665961010275
FR,validation,latest_same_hour,2024-08-02,24,130.30085106877706,37.94733192202055,92.3535191467565,30.826545930941748,3.794733192202055
FR,validation,latest_same_hour,2024-08-03,24,90.87531837173589,37.94733192202055,52.92798644971533,36.181216276927024,3.794733192202055
FR,validation,latest_same_hour,2024-08-04,24,137.33253305587658,37.94733192202055,99.385201133856,18.06613913018171,3.794733192202055
FR,validation,latest_same_hour,2024-08-05,24,109.61007458061768,18.973665961010276,90.6364086196074,44.51944923492481,1.8973665961010275
FR,validation,latest_same_hour,2024-08-06,24,158.40067580455636,28.486832980505138,129.91384282405124,11.775271529341296,2.8486832980505135
FR,validation,latest_same_hour,2024-08-07,24,79.54675559141238,28.460498941515414,51.08625664989697,40.083782112024466,2.846049894151541
FR,validation,latest_same_hour,2024-08-08,24,141.084686129727,37.94733192202055,103.13735420770644,3.0726984430971953,3.794733192202055
FR,validation,latest_same_hour,2024-08-09,24,159.3695541421602,37.94733192202055,121.42222222013964,11.278818510677866,3.794733192202055
FR,validation,latest_same_hour,2024-08-10,24,196.3878093665939,37.94733192202055,158.44047744457336,23.569772582726358,3.794733192202055
FR,validation,latest_same_hour,2024-08-11,24,150.03329944092147,46.94733192202055,103.08596751890093,90.00601694563187,4.6947331922020545
FR,validation,latest_same_hour,2024-08-12,24,115.13566270545932,37.973665961010276,77.16199674444904,107.48978520124017,3.7973665961010274
FR,validation,latest_same_hour,2024-08-13,24,95.60845980644774,18.973665961010276,76.63479384543746,81.58526724066994,1.8973665961010275
FR,validation,latest_same_hour,2024-08-14,24,78.11792187991341,46.94733192202055,31.170589957892844,41.697512109549464,4.6947331922020545
FR,validation,latest_same_hour,2024-08-15,24,144.3787491452426,37.94733192202055,106.43141722322207,31.31818463837041,3.794733192202055
FR,validation,latest_same_hour,2024-08-16,24,61.904058898225514,37.486832980505135,24.417225917720373,48.03186502462053,3.7486832980505134
FR,validation,latest_same_hour,2024-08-17,24,127.99298193394162,27.973665961010276,100.01931597293135,14.625354469303957,2.7973665961010274
FR,validation,latest_same_hour,2024-08-18,24,150.6327926855231,27.973665961010276,122.65912672451282,47.3773038634086,2.7973665961010274
FR,validation,latest_same_hour,2024-08-19,24,55.67871036407114,18.973665961010276,36.70504440306085,69.15307844042196,1.8973665961010275
FR,validation,latest_same_hour,2024-08-20,24,90.42106693306994,18.973665961010276,71.44740097205965,118.56725479046702,1.8973665961010275
FR,validation,latest_same_hour,2024-08-21,24,149.206200591411,45.97366596101027,103.23253463040072,137.85975667421977,4.597366596101027
FR,validation,latest_same_hour,2024-08-22,24,259.9778069748646,38.46049894151541,221.51730803334917,19.57272128439078,3.846049894151541
FR,validation,latest_same_hour,2024-08-23,24,130.80555446660728,37.486832980505135,93.31872148610213,78.60941385014186,3.7486832980505134
FR,validation,latest_same_hour,2024-08-24,24,178.10603437694647,46.94733192202055,131.1587024549259,87.90895000137499,4.6947331922020545
FR,validation,latest_same_hour,2024-08-25,24,135.62157968438493,28.973665961010276,106.64791372337464,12.9145068172067,2.8973665961010275
FR,validation,latest_same_hour,2024-08-26,24,91.11865905558983,19.486832980505138,71.63182607508469,105.91193388402831,1.9486832980505138
FR,validation,latest_same_hour,2024-08-27,24,174.81596090540805,18.973665961010276,155.84229494439776,77.7067681481179,1.8973665961010275
FR,validation,latest_same_hour,2024-08-28,24,194.85747746481115,45.97366596101027,148.88381150380087,52.141722320581664,4.597366596101027
FR,validation,latest_same_hour,2024-08-29,24,144.34659299539243,46.94733192202055,97.39926107337186,37.76011219693555,4.6947331922020545
FR,validation,latest_same_hour,2024-08-30,24,68.4300658269542,37.46049894151541,30.96956688543878,42.3189480233745,3.746049894151541
FR,validation,seven_day_same_hour,2024-07-01,24,158.24384321738188,37.94733192202055,120.29651129536131,32.01682308321381,3.794733192202055
FR,validation,seven_day_same_hour,2024-07-02,24,211.92723562333907,37.94733192202055,173.9799037013185,23.680729782597496,3.794733192202055
FR,validation,seven_day_same_hour,2024-07-03,24,179.32554045910115,37.94733192202055,141.37820853708058,41.32040946214988,3.794733192202055
FR,validation,seven_day_same_hour,2024-07-04,24,136.48275619160745,37.94733192202055,98.53542426958687,17.0945275810724,3.794733192202055
FR,validation,seven_day_same_hour,2024-07-05,24,161.99328583486246,37.94733192202055,124.0459539128419,19.351983854245532,3.794733192202055
FR,validation,seven_day_same_hour,2024-07-06,24,169.11445935827714,37.94733192202055,131.1671274362566,20.094325230539766,3.794733192202055
FR,validation,seven_day_same_hour,2024-07-07,24,128.45967171666197,37.94733192202055,90.5123397946414,34.12641954601436,3.794733192202055
FR,validation,seven_day_same_hour,2024-07-08,24,153.94885982342828,37.94733192202055,116.0015279014077,22.94846100486218,3.794733192202055
FR,validation,seven_day_same_hour,2024-07-09,24,195.78337422736226,37.94733192202055,157.83604230534172,43.75895717245115,3.794733192202055
FR,validation,seven_day_same_hour,2024-07-10,24,149.37943613478643,37.94733192202055,111.43210421276586,10.095167844763125,3.794733192202055
FR,validation,seven_day_same_hour,2024-07-11,24,126.13722021471918,37.94733192202055,88.18988829269861,27.11099923149402,3.794733192202055
FR,validation,seven_day_same_hour,2024-07-12,24,127.5406151117796,37.94733192202055,89.59328318975905,25.31823948116768,3.794733192202055
FR,validation,seven_day_same_hour,2024-07-13,24,140.02168313171526,37.94733192202055,102.0743512096947,42.69029404212952,3.794733192202055
FR,validation,seven_day_same_hour,2024-07-14,24,245.80373188520247,37.94733192202055,207.85639996318193,112.73670991392484,3.794733192202055
FR,validation,seven_day_same_hour,2024-07-15,24,189.75452621533486,37.94733192202055,151.80719429331432,5.18901055227289,3.794733192202055
FR,validation,seven_day_same_hour,2024-07-16,24,167.76419070322402,28.973665961010276,138.79052474221373,7.602207558746642,2.8973665961010275
FR,validation,seven_day_same_hour,2024-07-17,24,170.1934548161782,28.973665961010276,141.2197888551679,38.46619337887128,2.8973665961010275
FR,validation,seven_day_same_hour,2024-07-18,24,139.7786472400238,28.973665961010276,110.8049812790135,38.543549977265684,2.8973665961010275
FR,validation,seven_day_same_hour,2024-07-19,24,125.34828487780767,27.973665961010276,97.37461891679739,21.915858117170956,2.7973665961010274
FR,validation,seven_day_same_hour,2024-07-20,24,156.4940420437442,27.973665961010276,128.52037608273392,26.59917586644488,2.7973665961010274
FR,validation,seven_day_same_hour,2024-07-21,24,120.96636620063438,19.486832980505138,101.47953322012924,6.053787644685585,1.9486832980505138
FR,validation,seven_day_same_hour,2024-07-22,24,57.40653929320621,19.486832980505138,37.91970631270107,52.41433538537035,1.9486832980505138
FR,validation,seven_day_same_hour,2024-07-23,24,172.28262024491582,28.486832980505138,143.79578726441068,18.60254366600637,2.8486832980505135
FR,validation,seven_day_same_hour,2024-07-24,24,215.62460583590905,27.973665961010276,187.65093987489877,17.218029801447017,2.7973665961010274
FR,validation,seven_day_same_hour,2024-07-25,24,101.67438393511695,27.973665961010276,73.70071797410668,33.631938860093925,2.7973665961010274
FR,validation,seven_day_same_hour,2024-07-26,24,35.33993200030223,27.973665961010276,7.3662660392919435,57.34330600061564,2.7973665961010274
FR,validation,seven_day_same_hour,2024-07-27,24,80.34904194848195,27.973665961010276,52.375375987471685,26.903196652630967,2.7973665961010274
FR,validation,seven_day_same_hour,2024-07-28,24,154.13465542897524,27.973665961010276,126.16098946796495,15.457543999557856,2.7973665961010274
FR,validation,seven_day_same_hour,2024-07-29,24,118.47708586388437,27.973665961010276,90.5034199028741,11.30233347729471,2.7973665961010274
FR,validation,seven_day_same_hour,2024-07-30,24,160.3681939749546,27.973665961010273,132.39452801394432,17.412630321758485,2.7973665961010274
FR,validation,seven_day_same_hour,2024-07-31,24,172.28369486309913,28.973665961010276,143.31002890208885,30.095716100526232,2.8973665961010275
FR,validation,seven_day_same_hour,2024-08-01,24,97.82639220013405,27.973665961010273,69.85272623912377,34.042644706415686,2.7973665961010274
FR,validation,seven_day_same_hour,2024-08-02,24,110.50149775324665,28.973665961010276,81.52783179223637,41.652233285461875,2.8973665961010275
FR,validation,seven_day_same_hour,2024-08-03,24,97.32669221086708,28.973665961010276,68.35302624985678,20.75617647678557,2.8973665961010275
FR,validation,seven_day_same_hour,2024-08-04,24,145.8339676476171,28.973665961010276,116.86030168660682,0.5910385774308935,2.8973665961010275
FR,validation,seven_day_same_hour,2024-08-05,24,138.07563013617323,28.973665961010276,109.10196417516295,26.053893679369253,2.8973665961010275
FR,validation,seven_day_same_hour,2024-08-06,24,168.19773416850688,36.97366596101027,131.2240682074966,10.46504614589594,3.697366596101028
FR,validation,seven_day_same_hour,2024-08-07,24,107.11491515190829,37.94733192202055,69.16758322988775,22.00245553203368,3.794733192202055
FR,validation,seven_day_same_hour,2024-08-08,24,134.82354073994864,37.94733192202055,96.87620881792807,9.333843832875559,3.794733192202055
FR,validation,seven_day_same_hour,2024-08-09,24,165.7403726528381,37.94733192202055,127.79304073081754,4.907999999999973,3.794733192202055
FR,validation,seven_day_same_hour,2024-08-10,24,190.3579664340109,37.94733192202055,152.4106345119904,29.599615515309324,3.794733192202055
FR,validation,seven_day_same_hour,2024-08-11,24,182.70903036610562,37.94733192202055,144.76169844408506,48.330286020447744,3.794733192202055
FR,validation,seven_day_same_hour,2024-08-12,24,183.4047740720805,36.97366596101027,146.43110811107022,38.22067383461899,3.697366596101028
FR,validation,seven_day_same_hour,2024-08-13,24,169.72975744678405,36.97366596101027,132.75609148577377,25.463969600333627,3.697366596101028
FR,validation,seven_day_same_hour,2024-08-14,24,75.32893134532063,37.94733192202055,37.38159942330006,35.48650264414225,3.794733192202055
FR,validation,seven_day_same_hour,2024-08-15,24,120.66799304790956,37.94733192202055,82.72066112588901,55.02894073570347,3.794733192202055
FR,validation,seven_day_same_hour,2024-08-16,24,102.23734984099366,37.94733192202055,64.29001791897309,8.15907302336781,3.794733192202055
FR,validation,seven_day_same_hour,2024-08-17,24,130.94106620207614,37.94733192202055,92.99373428005558,21.650936162179732,3.794733192202055
FR,validation,seven_day_same_hour,2024-08-18,24,169.86983463202938,37.94733192202055,131.9225027100088,38.1139278779126,3.794733192202055
FR,validation,seven_day_same_hour,2024-08-19,24,85.21914323529697,36.97366596101027,48.245477274286685,57.61264556919613,3.6973665961010274
FR,validation,seven_day_same_hour,2024-08-20,24,194.4475363347358,36.97366596101027,157.4738703737255,32.54078538880117,3.6973665961010274
FR,validation,seven_day_same_hour,2024-08-21,24,229.98617459399387,36.97366596101027,193.01250863298358,48.079782671636906,3.6973665961010274
FR,validation,seven_day_same_hour,2024-08-22,24,211.0841008213701,36.97366596101027,174.11043486035982,66.97959445738013,3.6973665961010274
FR,validation,seven_day_same_hour,2024-08-23,24,181.91539733831638,37.94733192202055,143.96806541629581,27.960069919948182,3.794733192202055
FR,validation,seven_day_same_hour,2024-08-24,24,207.0570336094283,37.94733192202055,169.10970168740775,49.95795076889314,3.794733192202055
FR,validation,seven_day_same_hour,2024-08-25,24,135.40253633572365,37.94733192202055,97.45520441370309,22.107216126878257,3.794733192202055
FR,validation,seven_day_same_hour,2024-08-26,24,166.61139235018283,37.94733192202055,128.66406042816226,48.879699530950745,3.794733192202055
FR,validation,seven_day_same_hour,2024-08-27,24,244.95883755699242,37.94733192202055,207.01150563497185,26.537557457543812,3.794733192202055
FR,validation,seven_day_same_hour,2024-08-28,24,223.94976453362463,37.94733192202055,186.0024326116041,15.023101212778442,3.794733192202055
FR,validation,seven_day_same_hour,2024-08-29,24,154.86273821280162,38.46049894151541,116.40223927128623,18.75713399902118,3.846049894151541
FR,validation,seven_day_same_hour,2024-08-30,24,83.85831137916969,45.97366596101027,37.88464541815941,35.403869490653875,4.597366596101027
FR,validation,ridge_alpha_0.1,2024-07-01,24,143.37805233853138,28.973665961010276,114.40438637752106,37.90894800105406,2.8973665961010275
FR,validation,ridge_alpha_0.1,2024-07-02,24,230.6464302320495,37.94733192202055,192.699098310029,4.961535173887,3.794733192202055
FR,validation,ridge_alpha_0.1,2024-07-03,24,173.24553356278506,37.94733192202055,135.29820164076452,47.40041635846595,3.794733192202055
FR,validation,ridge_alpha_0.1,2024-07-04,24,128.96685643005682,37.94733192202055,91.01952450803626,24.610427342623012,3.794733192202055
FR,validation,ridge_alpha_0.1,2024-07-05,24,161.99328583486246,37.94733192202055,124.0459539128419,19.351983854245532,3.794733192202055
FR,validation,ridge_alpha_0.1,2024-07-06,24,169.31568365688594,37.94733192202055,131.36835173486537,19.893100931931002,3.794733192202055
FR,validation,ridge_alpha_0.1,2024-07-07,24,128.48022688694996,37.94733192202055,90.5328949649294,34.10586437572637,3.794733192202055
FR,validation,ridge_alpha_0.1,2024-07-08,24,151.2011188894041,36.97366596101027,114.22745292839383,24.72253597787605,3.6973665961010274
FR,validation,ridge_alpha_0.1,2024-07-09,24,192.7072836976554,36.97366596101027,155.73361773664516,45.86138174114771,3.6973665961010274
FR,validation,ridge_alpha_0.1,2024-07-10,24,149.37943613478643,37.94733192202055,111.43210421276586,10.095167844763125,3.794733192202055
FR,validation,ridge_alpha_0.1,2024-07-11,24,126.13722021471918,37.94733192202055,88.18988829269861,27.11099923149402,3.794733192202055
FR,validation,ridge_alpha_0.1,2024-07-12,24,127.5406151117796,37.94733192202055,89.59328318975905,25.31823948116768,3.794733192202055
FR,validation,ridge_alpha_0.1,2024-07-13,24,140.00112796142727,37.94733192202055,102.0537960394067,42.710849212417514,3.794733192202055
FR,validation,ridge_alpha_0.1,2024-07-14,24,199.16509169653617,37.94733192202055,161.21775977451563,159.37535010259114,3.794733192202055
FR,validation,ridge_alpha_0.1,2024-07-15,24,179.84440295208927,28.973665961010276,150.87073699107899,6.12546785450823,2.8973665961010275
FR,validation,ridge_alpha_0.1,2024-07-16,24,146.0308200689156,18.973665961010276,127.0571541079053,19.33557819305507,1.8973665961010275
FR,validation,ridge_alpha_0.1,2024-07-17,24,171.65789926062263,28.973665961010276,142.68423329961234,37.00174893442684,2.8973665961010275
FR,validation,ridge_alpha_0.1,2024-07-18,24,127.90823757912598,28.973665961010276,98.9345716181157,50.41395963816349,2.8973665961010275
FR,validation,ridge_alpha_0.1,2024-07-19,24,133.126603679452,27.973665961010276,105.1529377184417,14.137539315526638,2.7973665961010274
FR,validation,ridge_alpha_0.1,2024-07-20,24,154.2025164001431,29.486832980505138,124.71568341963797,30.40386852954083,2.948683298050514
FR,validation,ridge_alpha_0.1,2024-07-21,24,108.17936620063438,28.486832980505138,79.69253322012923,27.84078764468559,2.8486832980505135
FR,validation,ridge_alpha_0.1,2024-07-22,24,60.7739534434456,18.973665961010276,41.800287482435316,48.5337542156361,1.8973665961010275
FR,validation,ridge_alpha_0.1,2024-07-23,24,145.40290926743356,18.973665961010276,126.42924330642327,35.96908762399377,1.8973665961010275
FR,validation,ridge_alpha_0.1,2024-07-24,24,167.06305829391874,18.973665961010276,148.08939233290846,56.779577343437325,1.8973665961010275
FR,validation,ridge_alpha_0.1,2024-07-25,24,102.1487255841422,27.973665961010276,74.17505962313193,33.157597211068676,2.7973665961010274
FR,validation,ridge_alpha_0.1,2024-07-26,24,35.255968495259154,28.973665961010276,6.282302534248885,58.4272695056587,2.8973665961010275
FR,validation,ridge_alpha_0.1,2024-07-27,24,56.85346762027727,19.486832980505138,37.36663463977213,41.91193800033052,1.9486832980505138
FR,validation,ridge_alpha_0.1,2024-07-28,24,153.68365542897521,27.973665961010273,125.70998946796496,15.90854399955785,2.7973665961010274
FR,validation,ridge_alpha_0.1,2024-07-29,24,100.84908586388437,18.973665961010276,81.87541990287409,19.930333477294724,1.8973665961010275
FR,validation,ridge_alpha_0.1,2024-07-30,24,141.24819397495463,18.973665961010276,122.27452801394435,27.53263032175846,1.8973665961010275
FR,validation,ridge_alpha_0.1,2024-07-31,24,168.34780597421022,27.973665961010273,140.37414001319993,33.03160498941514,2.7973665961010274
FR,validation,ridge_alpha_0.1,2024-08-01,24,97.97785134962456,27.973665961010273,70.00418538861427,33.89118555692518,2.7973665961010274
FR,validation,ridge_alpha_0.1,2024-08-02,24,109.71366995155985,28.973665961010276,80.74000399054957,42.44006108714868,2.8973665961010275
FR,validation,ridge_alpha_0.1,2024-08-03,24,108.40731313209707,28.973665961010276,79.43364717108679,9.675555555555562,2.8973665961010275
FR,validation,ridge_alpha_0.1,2024-08-04,24,144.11743542304268,36.97366596101027,107.14376946203241,10.307570802005301,3.697366596101028
FR,validation,ridge_alpha_0.1,2024-08-05,24,136.903407913951,28.973665961010276,107.92974195294073,27.22611590159147,2.8973665961010275
FR,validation,ridge_alpha_0.1,2024-08-06,24,160.34973416850687,28.973665961010276,131.3760682074966,10.313046145895953,2.8973665961010275
FR,validation,ridge_alpha_0.1,2024-08-07,24,94.09205308169993,28.973665961010276,65.11838712068965,26.051651641231786,2.8973665961010275
FR,validation,ridge_alpha_0.1,2024-08-08,24,121.84503185650101,28.973665961010276,92.87136589549073,13.338686755312906,2.8973665961010275
FR,validation,ridge_alpha_0.1,2024-08-09,24,141.68422269057723,28.973665961010276,112.71055672956696,19.99048400125055,2.8973665961010275
FR,validation,ridge_alpha_0.1,2024-08-10,24,191.88489103108859,36.97366596101027,154.91122507007833,27.09902495722139,3.697366596101028
FR,validation,ridge_alpha_0.1,2024-08-11,24,182.70903036610562,37.94733192202055,144.76169844408506,48.330286020447744,3.794733192202055
FR,validation,ridge_alpha_0.1,2024-08-12,24,139.4384274044313,28.973665961010276,110.46476144342104,74.18702050226817,2.8973665961010275
FR,validation,ridge_alpha_0.1,2024-08-13,24,150.1922018912285,28.973665961010276,121.21853593021822,37.00152515588917,2.8973665961010275
FR,validation,ridge_alpha_0.1,2024-08-14,24,68.69943647140835,37.94733192202055,30.75210454938778,42.11599751805453,3.794733192202055
FR,validation,ridge_alpha_0.1,2024-08-15,24,153.30252831404187,37.94733192202055,115.3551963920213,22.394405469571183,3.794733192202055
FR,validation,ridge_alpha_0.1,2024-08-16,24,102.23734984099366,37.94733192202055,64.29001791897309,8.15907302336781,3.794733192202055
FR,validation,ridge_alpha_0.1,2024-08-17,24,137.2097771988084,28.973665961010276,108.23611123779814,6.408559204437168,2.8973665961010275
FR,validation,ridge_alpha_0.1,2024-08-18,24,176.78588312298467,28.973665961010276,147.8122171619744,22.224213425947028,2.8973665961010275
FR,validation,ridge_alpha_0.1,2024-08-19,24,69.68914323529698,27.973665961010276,41.715477274286684,64.14264556919613,2.7973665961010274
FR,validation,ridge_alpha_0.1,2024-08-20,24,102.7535363347358,18.973665961010276,83.77987037372552,106.23478538880116,1.8973665961010275
FR,validation,ridge_alpha_0.1,2024-08-21,24,183.14717159296518,28.973665961010276,154.1735056319549,86.91878567266559,2.8973665961010275
FR,validation,ridge_alpha_0.1,2024-08-22,24,215.0186326383565,37.94733192202055,177.07130071633597,64.01872860140398,3.794733192202055
FR,validation,ridge_alpha_0.1,2024-08-23,24,177.80219957858185,36.97366596101027,140.82853361757157,31.09960171867243,3.6973665961010274
FR,validation,ridge_alpha_0.1,2024-08-24,24,186.16595695544106,38.46049894151541,147.70545801392564,71.36219444237526,3.846049894151541
FR,validation,ridge_alpha_0.1,2024-08-25,24,134.31452216599394,37.94733192202055,96.36719024397338,23.19523029660796,3.794733192202055
FR,validation,ridge_alpha_0.1,2024-08-26,24,147.37254281737648,28.973665961010276,118.3988768563662,59.1448831027468,2.8973665961010275
FR,validation,ridge_alpha_0.1,2024-08-27,24,244.95883755699242,37.94733192202055,207.01150563497185,26.537557457543812,3.794733192202055
FR,validation,ridge_alpha_0.1,2024-08-28,24,207.44719283132673,37.94733192202055,169.49986090930622,31.525672915076314,3.794733192202055
FR,validation,ridge_alpha_0.1,2024-08-29,24,154.86273821280162,38.46049894151541,116.40223927128623,18.75713399902118,3.846049894151541
FR,validation,ridge_alpha_0.1,2024-08-30,24,66.98097804583637,37.97366596101027,29.007312084826083,44.2812028239872,3.7973665961010274
FR,validation,ridge_alpha_1,2024-07-01,24,143.37805233853138,28.973665961010276,114.40438637752106,37.90894800105406,2.8973665961010275
FR,validation,ridge_alpha_1,2024-07-02,24,230.6464302320495,37.94733192202055,192.699098310029,4.961535173887,3.794733192202055
FR,validation,ridge_alpha_1,2024-07-03,24,173.24553356278506,37.94733192202055,135.29820164076452,47.40041635846595,3.794733192202055
FR,validation,ridge_alpha_1,2024-07-04,24,128.96685643005682,37.94733192202055,91.01952450803626,24.610427342623012,3.794733192202055
FR,validation,ridge_alpha_1,2024-07-05,24,161.99328583486246,37.94733192202055,124.0459539128419,19.351983854245532,3.794733192202055
FR,validation,ridge_alpha_1,2024-07-06,24,169.31568365688594,37.94733192202055,131.36835173486537,19.893100931931002,3.794733192202055
FR,validation,ridge_alpha_1,2024-07-07,24,128.48022688694996,37.94733192202055,90.5328949649294,34.10586437572637,3.794733192202055
FR,validation,ridge_alpha_1,2024-07-08,24,151.2011188894041,36.97366596101027,114.22745292839383,24.72253597787605,3.6973665961010274
FR,validation,ridge_alpha_1,2024-07-09,24,192.7072836976554,36.97366596101027,155.73361773664516,45.86138174114771,3.6973665961010274
FR,validation,ridge_alpha_1,2024-07-10,24,149.37943613478643,37.94733192202055,111.43210421276586,10.095167844763125,3.794733192202055
FR,validation,ridge_alpha_1,2024-07-11,24,126.13722021471918,37.94733192202055,88.18988829269861,27.11099923149402,3.794733192202055
FR,validation,ridge_alpha_1,2024-07-12,24,127.5406151117796,37.94733192202055,89.59328318975905,25.31823948116768,3.794733192202055
FR,validation,ridge_alpha_1,2024-07-13,24,140.00112796142727,37.94733192202055,102.0537960394067,42.710849212417514,3.794733192202055
FR,validation,ridge_alpha_1,2024-07-14,24,199.16509169653617,37.94733192202055,161.21775977451563,159.37535010259114,3.794733192202055
FR,validation,ridge_alpha_1,2024-07-15,24,179.84440295208927,28.973665961010276,150.87073699107899,6.12546785450823,2.8973665961010275
FR,validation,ridge_alpha_1,2024-07-16,24,146.0308200689156,18.973665961010276,127.0571541079053,19.33557819305507,1.8973665961010275
FR,validation,ridge_alpha_1,2024-07-17,24,171.65789926062263,28.973665961010276,142.68423329961234,37.00174893442684,2.8973665961010275
FR,validation,ridge_alpha_1,2024-07-18,24,127.90823757912598,28.973665961010276,98.9345716181157,50.41395963816349,2.8973665961010275
FR,validation,ridge_alpha_1,2024-07-19,24,133.126603679452,27.973665961010276,105.1529377184417,14.137539315526638,2.7973665961010274
FR,validation,ridge_alpha_1,2024-07-20,24,154.2025164001431,29.486832980505138,124.71568341963797,30.40386852954083,2.948683298050514
FR,validation,ridge_alpha_1,2024-07-21,24,108.17936620063438,28.486832980505138,79.69253322012923,27.84078764468559,2.8486832980505135
FR,validation,ridge_alpha_1,2024-07-22,24,60.7739534434456,18.973665961010276,41.800287482435316,48.5337542156361,1.8973665961010275
FR,validation,ridge_alpha_1,2024-07-23,24,145.40290926743356,18.973665961010276,126.42924330642327,35.96908762399377,1.8973665961010275
FR,validation,ridge_alpha_1,2024-07-24,24,167.06305829391874,18.973665961010276,148.08939233290846,56.779577343437325,1.8973665961010275
FR,validation,ridge_alpha_1,2024-07-25,24,102.1487255841422,27.973665961010276,74.17505962313193,33.157597211068676,2.7973665961010274
FR,validation,ridge_alpha_1,2024-07-26,24,35.255968495259154,28.973665961010276,6.282302534248885,58.4272695056587,2.8973665961010275
FR,validation,ridge_alpha_1,2024-07-27,24,56.85346762027727,19.486832980505138,37.36663463977213,41.91193800033052,1.9486832980505138
FR,validation,ridge_alpha_1,2024-07-28,24,153.68365542897521,27.973665961010273,125.70998946796496,15.90854399955785,2.7973665961010274
FR,validation,ridge_alpha_1,2024-07-29,24,100.84908586388437,18.973665961010276,81.87541990287409,19.930333477294724,1.8973665961010275
FR,validation,ridge_alpha_1,2024-07-30,24,141.24819397495463,18.973665961010276,122.27452801394435,27.53263032175846,1.8973665961010275
FR,validation,ridge_alpha_1,2024-07-31,24,168.34780597421022,27.973665961010273,140.37414001319993,33.03160498941514,2.7973665961010274
FR,validation,ridge_alpha_1,2024-08-01,24,97.97785134962456,27.973665961010273,70.00418538861427,33.89118555692518,2.7973665961010274
FR,validation,ridge_alpha_1,2024-08-02,24,109.71366995155985,28.973665961010276,80.74000399054957,42.44006108714868,2.8973665961010275
FR,validation,ridge_alpha_1,2024-08-03,24,108.40731313209707,28.973665961010276,79.43364717108679,9.675555555555562,2.8973665961010275
FR,validation,ridge_alpha_1,2024-08-04,24,144.11743542304268,36.97366596101027,107.14376946203241,10.307570802005301,3.697366596101028
FR,validation,ridge_alpha_1,2024-08-05,24,136.903407913951,28.973665961010276,107.92974195294073,27.22611590159147,2.8973665961010275
FR,validation,ridge_alpha_1,2024-08-06,24,160.34973416850687,28.973665961010276,131.3760682074966,10.313046145895953,2.8973665961010275
FR,validation,ridge_alpha_1,2024-08-07,24,94.09205308169993,28.973665961010276,65.11838712068965,26.051651641231786,2.8973665961010275
FR,validation,ridge_alpha_1,2024-08-08,24,121.84503185650101,28.973665961010276,92.87136589549073,13.338686755312906,2.8973665961010275
FR,validation,ridge_alpha_1,2024-08-09,24,141.68314083950943,28.973665961010276,112.70947487849917,19.991565852318345,2.8973665961010275
FR,validation,ridge_alpha_1,2024-08-10,24,191.88489103108859,36.97366596101027,154.91122507007833,27.09902495722139,3.697366596101028
FR,validation,ridge_alpha_1,2024-08-11,24,182.70903036610562,37.94733192202055,144.76169844408506,48.330286020447744,3.794733192202055
FR,validation,ridge_alpha_1,2024-08-12,24,139.4384274044313,28.973665961010276,110.46476144342104,74.18702050226817,2.8973665961010275
FR,validation,ridge_alpha_1,2024-08-13,24,150.1922018912285,28.973665961010276,121.21853593021822,37.00152515588917,2.8973665961010275
FR,validation,ridge_alpha_1,2024-08-14,24,68.69943647140835,37.94733192202055,30.75210454938778,42.11599751805453,3.794733192202055
FR,validation,ridge_alpha_1,2024-08-15,24,153.30252831404187,37.94733192202055,115.3551963920213,22.394405469571183,3.794733192202055
FR,validation,ridge_alpha_1,2024-08-16,24,102.23734984099366,37.94733192202055,64.29001791897309,8.15907302336781,3.794733192202055
FR,validation,ridge_alpha_1,2024-08-17,24,137.2097771988084,28.973665961010276,108.23611123779814,6.408559204437168,2.8973665961010275
FR,validation,ridge_alpha_1,2024-08-18,24,176.78588312298467,28.973665961010276,147.8122171619744,22.224213425947028,2.8973665961010275
FR,validation,ridge_alpha_1,2024-08-19,24,69.68914323529698,27.973665961010276,41.715477274286684,64.14264556919613,2.7973665961010274
FR,validation,ridge_alpha_1,2024-08-20,24,102.7535363347358,18.973665961010276,83.77987037372552,106.23478538880116,1.8973665961010275
FR,validation,ridge_alpha_1,2024-08-21,24,183.14717159296518,28.973665961010276,154.1735056319549,86.91878567266559,2.8973665961010275
FR,validation,ridge_alpha_1,2024-08-22,24,215.0186326383565,37.94733192202055,177.07130071633597,64.01872860140398,3.794733192202055
FR,validation,ridge_alpha_1,2024-08-23,24,177.80219957858185,36.97366596101027,140.82853361757157,31.09960171867243,3.6973665961010274
FR,validation,ridge_alpha_1,2024-08-24,24,186.16595695544106,38.46049894151541,147.70545801392564,71.36219444237526,3.846049894151541
FR,validation,ridge_alpha_1,2024-08-25,24,134.31452216599394,37.94733192202055,96.36719024397338,23.19523029660796,3.794733192202055
FR,validation,ridge_alpha_1,2024-08-26,24,147.37254281737648,28.973665961010276,118.3988768563662,59.1448831027468,2.8973665961010275
FR,validation,ridge_alpha_1,2024-08-27,24,244.95883755699242,37.94733192202055,207.01150563497185,26.537557457543812,3.794733192202055
FR,validation,ridge_alpha_1,2024-08-28,24,207.44719283132673,37.94733192202055,169.49986090930622,31.525672915076314,3.794733192202055
FR,validation,ridge_alpha_1,2024-08-29,24,154.86273821280162,38.46049894151541,116.40223927128623,18.75713399902118,3.846049894151541
FR,validation,ridge_alpha_1,2024-08-30,24,66.98097804583637,37.97366596101027,29.007312084826083,44.2812028239872,3.7973665961010274
FR,validation,ridge_alpha_10,2024-07-01,24,143.37805233853138,28.973665961010276,114.40438637752106,37.90894800105406,2.8973665961010275
FR,validation,ridge_alpha_10,2024-07-02,24,227.12305767447367,36.97366596101027,190.1493917134634,7.511241770452614,3.6973665961010274
FR,validation,ridge_alpha_10,2024-07-03,24,163.9706586732858,37.94733192202055,126.02332675126529,56.67529124796518,3.794733192202055
FR,validation,ridge_alpha_10,2024-07-04,24,136.74348229894463,37.94733192202055,98.79615037692406,16.833801473735207,3.794733192202055
FR,validation,ridge_alpha_10,2024-07-05,24,161.99328583486246,37.94733192202055,124.0459539128419,19.351983854245532,3.794733192202055
FR,validation,ridge_alpha_10,2024-07-06,24,169.31568365688594,37.94733192202055,131.36835173486537,19.893100931931002,3.794733192202055
FR,validation,ridge_alpha_10,2024-07-07,24,128.48022688694996,37.94733192202055,90.5328949649294,34.10586437572637,3.794733192202055
FR,validation,ridge_alpha_10,2024-07-08,24,156.3201363764931,36.97366596101027,119.34647041548281,19.603518490787067,3.6973665961010274
FR,validation,ridge_alpha_10,2024-07-09,24,192.7072836976554,36.97366596101027,155.73361773664516,45.86138174114771,3.6973665961010274
FR,validation,ridge_alpha_10,2024-07-10,24,149.37943613478643,37.94733192202055,111.43210421276586,10.095167844763125,3.794733192202055
FR,validation,ridge_alpha_10,2024-07-11,24,126.13722021471918,37.94733192202055,88.18988829269861,27.11099923149402,3.794733192202055
FR,validation,ridge_alpha_10,2024-07-12,24,127.5406151117796,37.94733192202055,89.59328318975905,25.31823948116768,3.794733192202055
FR,validation,ridge_alpha_10,2024-07-13,24,140.00112796142727,37.94733192202055,102.0537960394067,42.710849212417514,3.794733192202055
FR,validation,ridge_alpha_10,2024-07-14,24,199.16509169653617,37.94733192202055,161.21775977451563,159.37535010259114,3.794733192202055
FR,validation,ridge_alpha_10,2024-07-15,24,179.84440295208927,28.973665961010276,150.87073699107899,6.12546785450823,2.8973665961010275
FR,validation,ridge_alpha_10,2024-07-16,24,146.0308200689156,18.973665961010276,127.0571541079053,19.33557819305507,1.8973665961010275
FR,validation,ridge_alpha_10,2024-07-17,24,171.65789926062263,28.973665961010276,142.68423329961234,37.00174893442684,2.8973665961010275
FR,validation,ridge_alpha_10,2024-07-18,24,125.8727931346815,27.973665961010276,97.89912717367122,51.44940408260797,2.7973665961010274
FR,validation,ridge_alpha_10,2024-07-19,24,133.126603679452,27.973665961010276,105.1529377184417,14.137539315526638,2.7973665961010274
FR,validation,ridge_alpha_10,2024-07-20,24,156.52073862236534,28.486832980505138,128.0339056418602,27.085646307318598,2.8486832980505135
FR,validation,ridge_alpha_10,2024-07-21,24,108.17936620063438,28.486832980505138,79.69253322012923,27.84078764468559,2.8486832980505135
FR,validation,ridge_alpha_10,2024-07-22,24,57.82482743265225,18.973665961010276,38.851161471641966,51.48288022642945,1.8973665961010275
FR,validation,ridge_alpha_10,2024-07-23,24,145.40290926743356,18.973665961010276,126.42924330642327,35.96908762399377,1.8973665961010275
FR,validation,ridge_alpha_10,2024-07-24,24,167.06305829391874,18.973665961010276,148.08939233290846,56.779577343437325,1.8973665961010275
FR,validation,ridge_alpha_10,2024-07-25,24,102.1487255841422,27.973665961010276,74.17505962313193,33.157597211068676,2.7973665961010274
FR,validation,ridge_alpha_10,2024-07-26,24,35.255968495259154,28.973665961010276,6.282302534248885,58.4272695056587,2.8973665961010275
FR,validation,ridge_alpha_10,2024-07-27,24,56.85346762027727,19.486832980505138,37.36663463977213,41.91193800033052,1.9486832980505138
FR,validation,ridge_alpha_10,2024-07-28,24,153.68365542897521,27.973665961010273,125.70998946796496,15.90854399955785,2.7973665961010274
FR,validation,ridge_alpha_10,2024-07-29,24,100.84908586388437,18.973665961010276,81.87541990287409,19.930333477294724,1.8973665961010275
FR,validation,ridge_alpha_10,2024-07-30,24,141.24819397495463,18.973665961010276,122.27452801394435,27.53263032175846,1.8973665961010275
FR,validation,ridge_alpha_10,2024-07-31,24,168.34780597421022,27.973665961010273,140.37414001319993,33.03160498941514,2.7973665961010274
FR,validation,ridge_alpha_10,2024-08-01,24,97.97785134962456,27.973665961010273,70.00418538861427,33.89118555692518,2.7973665961010274
FR,validation,ridge_alpha_10,2024-08-02,24,109.71366995155985,28.973665961010276,80.74000399054957,42.44006108714868,2.8973665961010275
FR,validation,ridge_alpha_10,2024-08-03,24,108.40731313209707,28.973665961010276,79.43364717108679,9.675555555555562,2.8973665961010275
FR,validation,ridge_alpha_10,2024-08-04,24,144.11743542304268,36.97366596101027,107.14376946203241,10.307570802005301,3.697366596101028
FR,validation,ridge_alpha_10,2024-08-05,24,135.40007458061768,27.973665961010276,107.4264086196074,27.7294492349248,2.7973665961010274
FR,validation,ridge_alpha_10,2024-08-06,24,160.34973416850687,28.973665961010276,131.3760682074966,10.313046145895953,2.8973665961010275
FR,validation,ridge_alpha_10,2024-08-07,24,94.09205308169993,28.973665961010276,65.11838712068965,26.051651641231786,2.8973665961010275
FR,validation,ridge_alpha_10,2024-08-08,24,121.84503185650101,28.973665961010276,92.87136589549073,13.338686755312906,2.8973665961010275
FR,validation,ridge_alpha_10,2024-08-09,24,141.68314083950943,28.973665961010276,112.70947487849917,19.991565852318345,2.8973665961010275
FR,validation,ridge_alpha_10,2024-08-10,24,191.88489103108859,36.97366596101027,154.91122507007833,27.09902495722139,3.697366596101028
FR,validation,ridge_alpha_10,2024-08-11,24,182.70903036610562,37.94733192202055,144.76169844408506,48.330286020447744,3.794733192202055
FR,validation,ridge_alpha_10,2024-08-12,24,139.4384274044313,28.973665961010276,110.46476144342104,74.18702050226817,2.8973665961010275
FR,validation,ridge_alpha_10,2024-08-13,24,145.95875744678403,27.973665961010276,117.98509148577374,40.234969600333656,2.7973665961010274
FR,validation,ridge_alpha_10,2024-08-14,24,68.69943647140835,37.94733192202055,30.75210454938778,42.11599751805453,3.794733192202055
FR,validation,ridge_alpha_10,2024-08-15,24,153.30252831404187,37.94733192202055,115.3551963920213,22.394405469571183,3.794733192202055
FR,validation,ridge_alpha_10,2024-08-16,24,102.23734984099366,37.94733192202055,64.29001791897309,8.15907302336781,3.794733192202055
FR,validation,ridge_alpha_10,2024-08-17,24,137.2097771988084,28.973665961010276,108.23611123779814,6.408559204437168,2.8973665961010275
FR,validation,ridge_alpha_10,2024-08-18,24,176.78588312298467,28.973665961010276,147.8122171619744,22.224213425947028,2.8973665961010275
FR,validation,ridge_alpha_10,2024-08-19,24,69.68914323529698,27.973665961010276,41.715477274286684,64.14264556919613,2.7973665961010274
FR,validation,ridge_alpha_10,2024-08-20,24,102.7535363347358,18.973665961010276,83.77987037372552,106.23478538880116,1.8973665961010275
FR,validation,ridge_alpha_10,2024-08-21,24,183.14717159296518,28.973665961010276,154.1735056319549,86.91878567266559,2.8973665961010275
FR,validation,ridge_alpha_10,2024-08-22,24,215.0186326383565,37.94733192202055,177.07130071633597,64.01872860140398,3.794733192202055
FR,validation,ridge_alpha_10,2024-08-23,24,177.80219957858185,36.97366596101027,140.82853361757157,31.09960171867243,3.6973665961010274
FR,validation,ridge_alpha_10,2024-08-24,24,186.16595695544106,38.46049894151541,147.70545801392564,71.36219444237526,3.846049894151541
FR,validation,ridge_alpha_10,2024-08-25,24,134.31452216599394,37.94733192202055,96.36719024397338,23.19523029660796,3.794733192202055
FR,validation,ridge_alpha_10,2024-08-26,24,147.37254281737648,28.973665961010276,118.3988768563662,59.1448831027468,2.8973665961010275
FR,validation,ridge_alpha_10,2024-08-27,24,244.95883755699242,37.94733192202055,207.01150563497185,26.537557457543812,3.794733192202055
FR,validation,ridge_alpha_10,2024-08-28,24,207.44719283132673,37.94733192202055,169.49986090930622,31.525672915076314,3.794733192202055
FR,validation,ridge_alpha_10,2024-08-29,24,154.86273821280162,38.46049894151541,116.40223927128623,18.75713399902118,3.846049894151541
FR,validation,ridge_alpha_10,2024-08-30,24,84.79280598846753,37.48683298050514,47.30597300796239,25.98254190085089,3.748683298050514
FR,validation,ridge_alpha_100,2024-07-01,24,124.20825743864083,27.973665961010276,96.23459147763054,56.078742900944576,2.7973665961010274
FR,validation,ridge_alpha_100,2024-07-02,24,171.16886306576322,27.973665961010276,143.19519710475294,54.465436379163066,2.7973665961010274
FR,validation,ridge_alpha_100,2024-07-03,24,163.9706586732858,37.94733192202055,126.02332675126529,56.67529124796518,3.794733192202055
FR,validation,ridge_alpha_100,2024-07-04,24,136.74348229894463,37.94733192202055,98.79615037692406,16.833801473735207,3.794733192202055
FR,validation,ridge_alpha_100,2024-07-05,24,161.99328583486246,37.94733192202055,124.0459539128419,19.351983854245532,3.794733192202055
FR,validation,ridge_alpha_100,2024-07-06,24,169.11445935827714,37.94733192202055,131.1671274362566,20.094325230539766,3.794733192202055
FR,validation,ridge_alpha_100,2024-07-07,24,128.40222542496235,36.97366596101027,91.42855946395207,33.2101998767037,3.6973665961010274
FR,validation,ridge_alpha_100,2024-07-08,24,156.1661363764931,36.97366596101027,119.19247041548282,19.757518490787064,3.6973665961010274
FR,validation,ridge_alpha_100,2024-07-09,24,152.0177151453937,28.460498941515414,123.55721620387831,78.03778327391456,2.846049894151541
FR,validation,ridge_alpha_100,2024-07-10,24,148.94247648850637,36.97366596101027,111.96881052749612,9.558461530032872,3.6973665961010274
FR,validation,ridge_alpha_100,2024-07-11,24,144.41050737681914,37.94733192202055,106.46317545479857,8.837712069394058,3.794733192202055
FR,validation,ridge_alpha_100,2024-07-12,24,125.04694840052551,36.97366596101027,88.07328243951522,26.838240231411504,3.6973665961010274
FR,validation,ridge_alpha_100,2024-07-13,24,140.00112796142727,37.94733192202055,102.0537960394067,42.710849212417514,3.794733192202055
FR,validation,ridge_alpha_100,2024-07-14,24,223.56186321268814,28.973665961010276,194.58819725167785,126.00491262542891,2.8973665961010275
FR,validation,ridge_alpha_100,2024-07-15,24,177.19384739653373,27.973665961010276,149.22018143552344,7.776023410063772,2.7973665961010274
FR,validation,ridge_alpha_100,2024-07-16,24,146.0308200689156,18.973665961010276,127.0571541079053,19.33557819305507,1.8973665961010275
FR,validation,ridge_alpha_100,2024-07-17,24,171.65789926062263,28.973665961010276,142.68423329961234,37.00174893442684,2.8973665961010275
FR,validation,ridge_alpha_100,2024-07-18,24,117.59753612891268,18.973665961010276,98.6238701679024,50.72466108837679,1.8973665961010275
FR,validation,ridge_alpha_100,2024-07-19,24,138.46857488984625,27.973665961010276,110.49490892883598,8.79556810513236,2.7973665961010274
FR,validation,ridge_alpha_100,2024-07-20,24,173.64473862236537,19.486832980505138,154.15790564186022,0.9616463073185741,1.9486832980505138
FR,validation,ridge_alpha_100,2024-07-21,24,120.96636620063438,19.486832980505138,101.47953322012924,6.053787644685585,1.9486832980505138
FR,validation,ridge_alpha_100,2024-07-22,24,57.82482743265225,18.973665961010276,38.851161471641966,51.48288022642945,1.8973665961010275
FR,validation,ridge_alpha_100,2024-07-23,24,145.13028279835066,18.973665961010276,126.15661683734041,36.24171409307664,1.8973665961010275
FR,validation,ridge_alpha_100,2024-07-24,24,167.06305829391874,18.973665961010276,148.08939233290846,56.779577343437325,1.8973665961010275
FR,validation,ridge_alpha_100,2024-07-25,24,102.1487255841422,27.973665961010276,74.17505962313193,33.157597211068676,2.7973665961010274
FR,validation,ridge_alpha_100,2024-07-26,24,35.33993200030223,27.973665961010276,7.3662660392919435,57.34330600061564,2.7973665961010274
FR,validation,ridge_alpha_100,2024-07-27,24,57.08598929866616,18.973665961010276,38.11232333765588,41.16624930244677,1.8973665961010275
FR,validation,ridge_alpha_100,2024-07-28,24,127.6405892288748,18.973665961010276,108.66692326786452,32.95161019965829,1.8973665961010275
FR,validation,ridge_alpha_100,2024-07-29,24,102.09762671439388,18.973665961010276,83.12396075338361,18.681792626785196,1.8973665961010275
FR,validation,ridge_alpha_100,2024-07-30,24,135.66993618241762,18.973665961010276,116.69627022140733,33.11088811429548,1.8973665961010275
FR,validation,ridge_alpha_100,2024-07-31,24,168.34780597421022,27.973665961010273,140.37414001319993,33.03160498941514,2.7973665961010274
FR,validation,ridge_alpha_100,2024-08-01,24,97.82639220013405,27.973665961010273,69.85272623912377,34.042644706415686,2.7973665961010274
FR,validation,ridge_alpha_100,2024-08-02,24,97.959436431867,28.973665961010276,68.98577047085672,54.194294606841524,2.8973665961010275
FR,validation,ridge_alpha_100,2024-08-03,24,106.02509090987483,28.973665961010276,77.05142494886456,12.057777777777787,2.8973665961010275
FR,validation,ridge_alpha_100,2024-08-04,24,144.11743542304268,36.97366596101027,107.14376946203241,10.307570802005301,3.697366596101028
FR,validation,ridge_alpha_100,2024-08-05,24,135.40007458061768,27.973665961010276,107.4264086196074,27.7294492349248,2.7973665961010274
FR,validation,ridge_alpha_100,2024-08-06,24,160.73703685077538,28.973665961010276,131.7633708897651,9.925743463627441,2.8973665961010275
FR,validation,ridge_alpha_100,2024-08-07,24,94.09205308169993,28.973665961010276,65.11838712068965,26.051651641231786,2.8973665961010275
FR,validation,ridge_alpha_100,2024-08-08,24,120.2330737654951,28.973665961010276,91.25940780448482,14.95064484631881,2.8973665961010275
FR,validation,ridge_alpha_100,2024-08-09,24,141.68314083950943,28.973665961010276,112.70947487849917,19.991565852318345,2.8973665961010275
FR,validation,ridge_alpha_100,2024-08-10,24,191.88489103108859,36.97366596101027,154.91122507007833,27.09902495722139,3.697366596101028
FR,validation,ridge_alpha_100,2024-08-11,24,182.70903036610562,37.94733192202055,144.76169844408506,48.330286020447744,3.794733192202055
FR,validation,ridge_alpha_100,2024-08-12,24,139.4384274044313,28.973665961010276,110.46476144342104,74.18702050226817,2.8973665961010275
FR,validation,ridge_alpha_100,2024-08-13,24,145.95875744678403,27.973665961010276,117.98509148577374,40.234969600333656,2.7973665961010274
FR,validation,ridge_alpha_100,2024-08-14,24,74.12590493625729,37.94733192202055,36.17857301423672,36.68952905320559,3.794733192202055
FR,validation,ridge_alpha_100,2024-08-15,24,153.30252831404187,37.94733192202055,115.3551963920213,22.394405469571183,3.794733192202055
FR,validation,ridge_alpha_100,2024-08-16,24,102.23734984099366,37.94733192202055,64.29001791897309,8.15907302336781,3.794733192202055
FR,validation,ridge_alpha_100,2024-08-17,24,137.2097771988084,28.973665961010276,108.23611123779814,6.408559204437168,2.8973665961010275
FR,validation,ridge_alpha_100,2024-08-18,24,176.78588312298467,28.973665961010276,147.8122171619744,22.224213425947028,2.8973665961010275
FR,validation,ridge_alpha_100,2024-08-19,24,69.68914323529698,27.973665961010276,41.715477274286684,64.14264556919613,2.7973665961010274
FR,validation,ridge_alpha_100,2024-08-20,24,102.7535363347358,18.973665961010276,83.77987037372552,106.23478538880116,1.8973665961010275
FR,validation,ridge_alpha_100,2024-08-21,24,169.94421410418346,27.973665961010273,141.97054814317318,99.12174316144731,2.7973665961010274
FR,validation,ridge_alpha_100,2024-08-22,24,215.0186326383565,37.94733192202055,177.07130071633597,64.01872860140398,3.794733192202055
FR,validation,ridge_alpha_100,2024-08-23,24,176.53582243020793,36.97366596101027,139.56215646919765,32.36597886704635,3.6973665961010274
FR,validation,ridge_alpha_100,2024-08-24,24,185.5381826349257,37.94733192202055,147.59085071290514,71.47680174339575,3.794733192202055
FR,validation,ridge_alpha_100,2024-08-25,24,134.31452216599394,37.94733192202055,96.36719024397338,23.19523029660796,3.794733192202055
FR,validation,ridge_alpha_100,2024-08-26,24,90.58365392848759,18.973665961010276,71.60998796747731,105.9337719916357,1.8973665961010275
FR,validation,ridge_alpha_100,2024-08-27,24,233.88969236190366,28.973665961010276,204.91602640089337,28.633036691622294,2.8973665961010275
FR,validation,ridge_alpha_100,2024-08-28,24,205.9720307594897,36.97366596101027,168.99836479847943,32.027169025903106,3.697366596101028
FR,validation,ridge_alpha_100,2024-08-29,24,146.74431649711414,36.97366596101027,109.77065053610384,25.38872273420357,3.6973665961010274
FR,validation,ridge_alpha_100,2024-08-30,24,84.93347077036685,36.97366596101027,47.95980480935657,25.328710099456714,3.6973665961010274
FR,validation,rf_depth_6_leaf_5,2024-07-01,24,149.42327777468068,37.94733192202055,111.47594585266009,40.83738852591503,3.794733192202055
FR,validation,rf_depth_6_leaf_5,2024-07-02,24,211.92723562333907,37.94733192202055,173.9799037013185,23.680729782597496,3.794733192202055
FR,validation,rf_depth_6_leaf_5,2024-07-03,24,117.87180730441125,28.460498941515414,89.41130836289585,93.28730963633461,2.846049894151541
FR,validation,rf_depth_6_leaf_5,2024-07-04,24,124.85301955124734,28.460498941515414,96.39252060973195,19.23743124092732,2.846049894151541
FR,validation,rf_depth_6_leaf_5,2024-07-05,24,162.78368622498925,36.97366596101027,125.81002026397897,17.587917503108457,3.6973665961010274
FR,validation,rf_depth_6_leaf_5,2024-07-06,24,169.11445935827714,37.94733192202055,131.1671274362566,20.094325230539766,3.794733192202055
FR,validation,rf_depth_6_leaf_5,2024-07-07,24,130.50665714137338,38.46049894151541,92.04615819985797,32.5926011407978,3.846049894151541
FR,validation,rf_depth_6_leaf_5,2024-07-08,24,158.5185782081934,37.94733192202055,120.57124628617282,18.378742620097057,3.794733192202055
FR,validation,rf_depth_6_leaf_5,2024-07-09,24,156.63810376459531,28.460498941515414,128.17760482307992,73.41739465471295,2.846049894151541
FR,validation,rf_depth_6_leaf_5,2024-07-10,24,53.160370402106594,28.460498941515414,24.699871460591183,96.8274005969378,2.846049894151541
FR,validation,rf_depth_6_leaf_5,2024-07-11,24,144.85795618084768,37.94733192202055,106.91062425882713,8.390263265365505,3.794733192202055
FR,validation,rf_depth_6_leaf_5,2024-07-12,24,59.58451419811081,18.0,41.58451419811081,73.32700847281592,1.7999999999999998
FR,validation,rf_depth_6_leaf_5,2024-07-13,24,127.38476723153882,18.973665961010276,108.41110127052853,36.35354398129569,1.8973665961010275
FR,validation,rf_depth_6_leaf_5,2024-07-14,24,318.7246413757335,18.973665961010276,299.7509754147232,20.84213446238357,1.8973665961010275
FR,validation,rf_depth_6_leaf_5,2024-07-15,24,179.17587597121195,28.973665961010276,150.20221001020167,6.793994835385547,2.8973665961010275
FR,validation,rf_depth_6_leaf_5,2024-07-16,24,159.42526451336002,28.973665961010276,130.45159855234974,15.941133748610639,2.8973665961010275
FR,validation,rf_depth_6_leaf_5,2024-07-17,24,167.9084598449478,27.973665961010276,139.93479388393752,39.75118835010167,2.7973665961010274
FR,validation,rf_depth_6_leaf_5,2024-07-18,24,155.63138140249666,28.486832980505138,127.14454842199152,22.20398283428767,2.8486832980505135
FR,validation,rf_depth_6_leaf_5,2024-07-19,24,74.36684655201549,27.973665961010273,46.393180591005205,72.89729644296314,2.7973665961010274
FR,validation,rf_depth_6_leaf_5,2024-07-20,24,144.1950420437442,27.973665961010273,116.22137608273393,38.89817586644487,2.7973665961010274
FR,validation,rf_depth_6_leaf_5,2024-07-21,24,120.96636620063438,19.486832980505138,101.47953322012924,6.053787644685585,1.9486832980505138
FR,validation,rf_depth_6_leaf_5,2024-07-22,24,57.82482743265225,18.973665961010276,38.851161471641966,51.48288022642945,1.8973665961010275
FR,validation,rf_depth_6_leaf_5,2024-07-23,24,145.13028279835066,18.973665961010276,126.15661683734041,36.24171409307664,1.8973665961010275
FR,validation,rf_depth_6_leaf_5,2024-07-24,24,167.06305829391874,18.973665961010276,148.08939233290846,56.779577343437325,1.8973665961010275
FR,validation,rf_depth_6_leaf_5,2024-07-25,24,109.85313491247639,28.973665961010276,80.87946895146612,26.453187882734483,2.8973665961010275
FR,validation,rf_depth_6_leaf_5,2024-07-26,24,7.3593144177106495,37.97366596101027,-30.61435154329962,95.3239235832072,3.7973665961010274
FR,validation,rf_depth_6_leaf_5,2024-07-27,24,82.79530667583509,18.973665961010276,63.8216407148248,15.45693192527785,1.8973665961010275
FR,validation,rf_depth_6_leaf_5,2024-07-28,24,128.09595721193904,18.973665961010276,109.12229125092875,32.496242216594055,1.8973665961010275
FR,validation,rf_depth_6_leaf_5,2024-07-29,24,94.52713399595078,18.973665961010276,75.5534680349405,26.252285345228316,1.8973665961010275
FR,validation,rf_depth_6_leaf_5,2024-07-30,24,160.3681939749546,27.973665961010273,132.39452801394432,17.412630321758485,2.7973665961010274
FR,validation,rf_depth_6_leaf_5,2024-07-31,24,136.68573119281555,19.486832980505138,117.19889821231041,56.20684679030467,1.9486832980505138
FR,validation,rf_depth_6_leaf_5,2024-08-01,24,65.52518430174855,18.973665961010276,46.55151834073827,57.343852604801185,1.8973665961010275
FR,validation,rf_depth_6_leaf_5,2024-08-02,24,56.04010633072292,18.973665961010276,37.06644036971264,86.11362470798561,1.8973665961010275
FR,validation,rf_depth_6_leaf_5,2024-08-03,24,80.93155269744693,18.973665961010276,61.95788673643665,27.151315990205703,1.8973665961010275
FR,validation,rf_depth_6_leaf_5,2024-08-04,24,127.96973272576928,18.973665961010276,108.996066764759,8.455273499278718,1.8973665961010275
FR,validation,rf_depth_6_leaf_5,2024-08-05,24,139.626128979356,28.973665961010276,110.6524630183457,24.5033948361865,2.8973665961010275
FR,validation,rf_depth_6_leaf_5,2024-08-06,24,170.45544916187615,37.94733192202055,132.50811723985558,9.18099711353696,3.794733192202055
FR,validation,rf_depth_6_leaf_5,2024-08-07,24,88.71895855025656,28.973665961010276,59.745292589246276,31.424746172675157,2.8973665961010275
FR,validation,rf_depth_6_leaf_5,2024-08-08,24,120.2330737654951,28.973665961010276,91.25940780448482,14.95064484631881,2.8973665961010275
FR,validation,rf_depth_6_leaf_5,2024-08-09,24,133.64665293386716,28.973665961010276,104.67298697285688,28.028053757960635,2.8973665961010275
FR,validation,rf_depth_6_leaf_5,2024-08-10,24,174.53865929075522,37.94733192202055,136.59132736873468,45.41892265856504,3.794733192202055
FR,validation,rf_depth_6_leaf_5,2024-08-11,24,203.70413506757126,28.973665961010276,174.73046910656097,18.361515357971825,2.8973665961010275
FR,validation,rf_depth_6_leaf_5,2024-08-12,24,111.21620518220911,18.973665961010276,92.24253922119883,92.40924272449038,1.8973665961010275
FR,validation,rf_depth_6_leaf_5,2024-08-13,24,80.41086898775015,18.973665961010276,61.437203026739866,96.78285805936753,1.8973665961010275
FR,validation,rf_depth_6_leaf_5,2024-08-14,24,70.85969045892756,36.973665961010276,33.886024497917276,38.98207756952503,3.6973665961010274
FR,validation,rf_depth_6_leaf_5,2024-08-15,24,112.51933148300775,29.486832980505138,83.0324985025026,54.717103359089876,2.948683298050514
FR,validation,rf_depth_6_leaf_5,2024-08-16,24,50.38813523895263,19.486832980505138,30.901302258447483,41.547788683893415,1.9486832980505138
FR,validation,rf_depth_6_leaf_5,2024-08-17,24,132.79298193394163,18.973665961010276,113.81931597293135,0.8253544693039601,1.8973665961010275
FR,validation,rf_depth_6_leaf_5,2024-08-18,24,184.4400965489317,18.973665961010276,165.46643058792142,4.569999999999993,1.8973665961010275
FR,validation,rf_depth_6_leaf_5,2024-08-19,24,79.4298445912359,19.486832980505138,59.943011610730764,45.915111232752054,1.9486832980505138
FR,validation,rf_depth_6_leaf_5,2024-08-20,24,180.2267736969586,36.97366596101027,143.2531077359483,46.76154802657837,3.6973665961010274
FR,validation,rf_depth_6_leaf_5,2024-08-21,24,247.6537199449785,46.94733192202055,200.70638802295792,40.385903281662564,4.6947331922020545
FR,validation,rf_depth_6_leaf_5,2024-08-22,24,215.0186326383565,37.94733192202055,177.07130071633597,64.01872860140398,3.794733192202055
FR,validation,rf_depth_6_leaf_5,2024-08-23,24,180.64902018994243,37.94733192202055,142.7016882679219,29.226447068322102,3.794733192202055
FR,validation,rf_depth_6_leaf_5,2024-08-24,24,152.34000131490237,37.46049894151541,114.87950237338697,104.18815008291392,3.7460498941515414
FR,validation,rf_depth_6_leaf_5,2024-08-25,24,135.45755832131204,36.97366596101027,98.48389236030175,21.07852818027959,3.6973665961010274
FR,validation,rf_depth_6_leaf_5,2024-08-26,24,120.14359817316956,28.973665961010276,91.16993221215928,86.37382774695372,2.8973665961010275
FR,validation,rf_depth_6_leaf_5,2024-08-27,24,242.39932881344794,37.94733192202055,204.45199689142737,29.097066201088296,3.794733192202055
FR,validation,rf_depth_6_leaf_5,2024-08-28,24,177.94211267241923,28.486832980505135,149.4552796919141,51.57025413246845,2.8486832980505135
FR,validation,rf_depth_6_leaf_5,2024-08-29,24,114.37433070435611,27.973665961010276,86.40066474334583,48.758708526961584,2.7973665961010274
FR,validation,rf_depth_6_leaf_5,2024-08-30,24,23.310125298061706,18.973665961010276,4.336459337051423,68.95205557176186,1.8973665961010275
FR,validation,rf_depth_6_leaf_20,2024-07-01,24,149.42327777468068,37.94733192202055,111.47594585266009,40.83738852591503,3.794733192202055
FR,validation,rf_depth_6_leaf_20,2024-07-02,24,211.92723562333907,37.94733192202055,173.9799037013185,23.680729782597496,3.794733192202055
FR,validation,rf_depth_6_leaf_20,2024-07-03,24,122.56470442382204,28.460498941515414,94.10420548230663,88.59441251692384,2.846049894151541
FR,validation,rf_depth_6_leaf_20,2024-07-04,24,127.02793541698203,28.973665961010276,98.05426945597175,17.57568239468752,2.8973665961010275
FR,validation,rf_depth_6_leaf_20,2024-07-05,24,162.78368622498925,36.97366596101027,125.81002026397897,17.587917503108457,3.6973665961010274
FR,validation,rf_depth_6_leaf_20,2024-07-06,24,169.11445935827714,37.94733192202055,131.1671274362566,20.094325230539766,3.794733192202055
FR,validation,rf_depth_6_leaf_20,2024-07-07,24,128.45967171666197,37.94733192202055,90.5123397946414,34.12641954601436,3.794733192202055
FR,validation,rf_depth_6_leaf_20,2024-07-08,24,158.0529015823736,37.94733192202055,120.10556966035304,18.84441924591684,3.794733192202055
FR,validation,rf_depth_6_leaf_20,2024-07-09,24,157.33293190899138,28.460498941515414,128.87243296747596,72.72256651031691,2.846049894151541
FR,validation,rf_depth_6_leaf_20,2024-07-10,24,113.60598345071577,28.460498941515414,85.14548450920034,36.381787548328646,2.846049894151541
FR,validation,rf_depth_6_leaf_20,2024-07-11,24,146.60353344926062,37.94733192202055,108.65620152724007,6.6446859969525605,3.794733192202055
FR,validation,rf_depth_6_leaf_20,2024-07-12,24,59.58451419811081,18.0,41.58451419811081,73.32700847281592,1.7999999999999998
FR,validation,rf_depth_6_leaf_20,2024-07-13,24,127.76416871461869,19.486832980505138,108.27733573411355,36.48730951771067,1.9486832980505138
FR,validation,rf_depth_6_leaf_20,2024-07-14,24,268.3644885756553,28.973665961010276,239.390822614645,81.20228726246177,2.8973665961010275
FR,validation,rf_depth_6_leaf_20,2024-07-15,24,179.17587597121195,28.973665961010276,150.20221001020167,6.793994835385547,2.8973665961010275
FR,validation,rf_depth_6_leaf_20,2024-07-16,24,159.42526451336002,28.973665961010276,130.45159855234974,15.941133748610639,2.8973665961010275
FR,validation,rf_depth_6_leaf_20,2024-07-17,24,170.1934548161782,28.973665961010276,141.2197888551679,38.46619337887128,2.8973665961010275
FR,validation,rf_depth_6_leaf_20,2024-07-18,24,145.47360976870857,28.486832980505138,116.98677678820341,32.36175446807577,2.8486832980505135
FR,validation,rf_depth_6_leaf_20,2024-07-19,24,118.43111622702642,27.973665961010273,90.45745026601614,28.833026767952205,2.7973665961010274
FR,validation,rf_depth_6_leaf_20,2024-07-20,24,144.1950420437442,27.973665961010273,116.22137608273393,38.89817586644487,2.7973665961010274
FR,validation,rf_depth_6_leaf_20,2024-07-21,24,102.30193451361903,27.973665961010273,74.32826855260875,33.20505231220608,2.7973665961010274
FR,validation,rf_depth_6_leaf_20,2024-07-22,24,57.82482743265225,18.973665961010276,38.851161471641966,51.48288022642945,1.8973665961010275
FR,validation,rf_depth_6_leaf_20,2024-07-23,24,172.2312827983507,27.973665961010276,144.2576168373404,18.14071409307664,2.7973665961010274
FR,validation,rf_depth_6_leaf_20,2024-07-24,24,167.06305829391874,18.973665961010276,148.08939233290846,56.779577343437325,1.8973665961010275
FR,validation,rf_depth_6_leaf_20,2024-07-25,24,109.85313491247639,28.973665961010276,80.87946895146612,26.453187882734483,2.8973665961010275
FR,validation,rf_depth_6_leaf_20,2024-07-26,24,7.3593144177106495,37.97366596101027,-30.61435154329962,95.3239235832072,3.7973665961010274
FR,validation,rf_depth_6_leaf_20,2024-07-27,24,82.79530667583509,18.973665961010276,63.8216407148248,15.45693192527785,1.8973665961010275
FR,validation,rf_depth_6_leaf_20,2024-07-28,24,128.09595721193904,18.973665961010276,109.12229125092875,32.496242216594055,1.8973665961010275
FR,validation,rf_depth_6_leaf_20,2024-07-29,24,99.33695831706689,18.973665961010276,80.3632923560566,21.442461024112205,1.8973665961010275
FR,validation,rf_depth_6_leaf_20,2024-07-30,24,160.3681939749546,27.973665961010273,132.39452801394432,17.412630321758485,2.7973665961010274
FR,validation,rf_depth_6_leaf_20,2024-07-31,24,136.68573119281555,19.486832980505138,117.19889821231041,56.20684679030467,1.9486832980505138
FR,validation,rf_depth_6_leaf_20,2024-08-01,24,65.52518430174855,18.973665961010276,46.55151834073827,57.343852604801185,1.8973665961010275
FR,validation,rf_depth_6_leaf_20,2024-08-02,24,70.86128315323472,18.973665961010276,51.88761719222444,71.2924478854738,1.8973665961010275
FR,validation,rf_depth_6_leaf_20,2024-08-03,24,108.08286868765263,18.973665961010276,89.10920272664235,0.0,1.8973665961010275
FR,validation,rf_depth_6_leaf_20,2024-08-04,24,126.86673272576927,27.973665961010276,98.89306676475898,18.558273499278727,2.7973665961010274
FR,validation,rf_depth_6_leaf_20,2024-08-05,24,139.626128979356,28.973665961010276,110.6524630183457,24.5033948361865,2.8973665961010275
FR,validation,rf_depth_6_leaf_20,2024-08-06,24,170.45544916187615,37.94733192202055,132.50811723985558,9.18099711353696,3.794733192202055
FR,validation,rf_depth_6_leaf_20,2024-08-07,24,88.71895855025656,28.973665961010276,59.745292589246276,31.424746172675157,2.8973665961010275
FR,validation,rf_depth_6_leaf_20,2024-08-08,24,120.2330737654951,28.973665961010276,91.25940780448482,14.95064484631881,2.8973665961010275
FR,validation,rf_depth_6_leaf_20,2024-08-09,24,133.64557108279936,28.973665961010276,104.67190512178908,28.02913560902843,2.8973665961010275
FR,validation,rf_depth_6_leaf_20,2024-08-10,24,174.53865929075522,37.94733192202055,136.59132736873468,45.41892265856504,3.794733192202055
FR,validation,rf_depth_6_leaf_20,2024-08-11,24,204.6441350675713,28.973665961010276,175.67046910656103,17.42151535797177,2.8973665961010275
FR,validation,rf_depth_6_leaf_20,2024-08-12,24,101.98282887736553,18.973665961010276,83.00916291635525,101.64261902933396,1.8973665961010275
FR,validation,rf_depth_6_leaf_20,2024-08-13,24,80.41086898775015,18.973665961010276,61.437203026739866,96.78285805936753,1.8973665961010275
FR,validation,rf_depth_6_leaf_20,2024-08-14,24,70.85969045892756,36.973665961010276,33.886024497917276,38.98207756952503,3.6973665961010274
FR,validation,rf_depth_6_leaf_20,2024-08-15,24,111.50179703199801,29.486832980505138,82.01496405149287,55.73463781009961,2.948683298050514
FR,validation,rf_depth_6_leaf_20,2024-08-16,24,45.63413536366397,27.973665961010276,17.66046940265369,54.78862153968721,2.7973665961010274
FR,validation,rf_depth_6_leaf_20,2024-08-17,24,132.79298193394163,18.973665961010276,113.81931597293135,0.8253544693039601,1.8973665961010275
FR,validation,rf_depth_6_leaf_20,2024-08-18,24,159.84352856851066,19.486832980505138,140.35669558800552,29.679734999915894,1.9486832980505138
FR,validation,rf_depth_6_leaf_20,2024-08-19,24,87.66503361556913,28.973665961010276,58.691367654558846,47.16675518892397,2.8973665961010275
FR,validation,rf_depth_6_leaf_20,2024-08-20,24,187.79942353859306,36.97366596101027,150.82575757758278,39.188898184943895,3.6973665961010274
FR,validation,rf_depth_6_leaf_20,2024-08-21,24,249.08426818045035,46.94733192202055,202.13693625842978,38.955355046190704,4.6947331922020545
FR,validation,rf_depth_6_leaf_20,2024-08-22,24,215.0186326383565,37.94733192202055,177.07130071633597,64.01872860140398,3.794733192202055
FR,validation,rf_depth_6_leaf_20,2024-08-23,24,180.64902018994243,37.94733192202055,142.7016882679219,29.226447068322102,3.794733192202055
FR,validation,rf_depth_6_leaf_20,2024-08-24,24,151.69126932210258,37.94733192202055,113.74393740008205,105.32371505621884,3.794733192202055
FR,validation,rf_depth_6_leaf_20,2024-08-25,24,135.2943360990898,37.97366596101027,97.32067013807952,22.241750402501822,3.7973665961010274
FR,validation,rf_depth_6_leaf_20,2024-08-26,24,147.1477531399039,28.973665961010276,118.1740871788936,59.3696727802194,2.8973665961010275
FR,validation,rf_depth_6_leaf_20,2024-08-27,24,244.95883755699242,37.94733192202055,207.01150563497185,26.537557457543812,3.794733192202055
FR,validation,rf_depth_6_leaf_20,2024-08-28,24,210.04843634159744,37.46049894151541,172.58793740008204,28.437596424300494,3.7460498941515414
FR,validation,rf_depth_6_leaf_20,2024-08-29,24,114.37433070435611,27.973665961010276,86.40066474334583,48.758708526961584,2.7973665961010274
FR,validation,rf_depth_6_leaf_20,2024-08-30,24,39.10212529806165,27.973665961010276,11.128459337051368,62.160055571761916,2.7973665961010274
FR,validation,rf_depth_12_leaf_5,2024-07-01,24,130.075836094017,36.97366596101027,93.10217013300671,59.21116424556841,3.6973665961010274
FR,validation,rf_depth_12_leaf_5,2024-07-02,24,209.98996491624894,36.97366596101027,173.01629895523865,24.644334528677348,3.6973665961010274
FR,validation,rf_depth_12_leaf_5,2024-07-03,24,123.17990694266558,28.460498941515414,94.71940800115019,87.97920999808028,2.846049894151541
FR,validation,rf_depth_12_leaf_5,2024-07-04,24,117.41728788185337,28.973665961010276,88.4436219208431,27.186329929816168,2.8973665961010275
FR,validation,rf_depth_12_leaf_5,2024-07-05,24,163.367955385963,37.486832980505135,125.88112240545786,17.51681536162957,3.748683298050514
FR,validation,rf_depth_12_leaf_5,2024-07-06,24,169.4272061473804,38.46049894151541,130.966707205865,20.29474546093138,3.846049894151541
FR,validation,rf_depth_12_leaf_5,2024-07-07,24,131.62997984538032,29.486832980505138,102.14314686487515,22.495612475780618,2.948683298050514
FR,validation,rf_depth_12_leaf_5,2024-07-08,24,158.5976059291956,37.94733192202055,120.65027400717506,18.299714899094823,3.794733192202055
FR,validation,rf_depth_12_leaf_5,2024-07-09,24,143.23564823256163,28.460498941515414,114.77514929104623,86.81985018674663,2.846049894151541
FR,validation,rf_depth_12_leaf_5,2024-07-10,24,60.817399510072036,28.460498941515414,32.35690056855661,89.17037148897238,2.846049894151541
FR,validation,rf_depth_12_leaf_5,2024-07-11,24,112.29487961405957,36.97366596101027,75.32121365304928,39.97967387114335,3.697366596101028
FR,validation,rf_depth_12_leaf_5,2024-07-12,24,7.369854760270385,18.486832980505138,-11.116978220234756,126.02850089116149,1.8486832980505137
FR,validation,rf_depth_12_leaf_5,2024-07-13,24,157.09745629034057,19.486832980505138,137.61062330983543,7.154021941988788,1.9486832980505138
FR,validation,rf_depth_12_leaf_5,2024-07-14,24,318.7246413757335,18.973665961010276,299.7509754147232,20.84213446238357,1.8973665961010275
FR,validation,rf_depth_12_leaf_5,2024-07-15,24,184.69587597121193,28.973665961010276,155.72221001020165,1.2739948353855652,2.8973665961010275
FR,validation,rf_depth_12_leaf_5,2024-07-16,24,159.42526451336002,28.973665961010276,130.45159855234974,15.941133748610639,2.8973665961010275
FR,validation,rf_depth_12_leaf_5,2024-07-17,24,167.83877485681955,28.486832980505135,139.3519418763144,40.334040357724774,2.8486832980505135
FR,validation,rf_depth_12_leaf_5,2024-07-18,24,155.63138140249666,28.486832980505138,127.14454842199152,22.20398283428767,2.8486832980505135
FR,validation,rf_depth_12_leaf_5,2024-07-19,24,70.53928487780765,27.973665961010273,42.56561891679736,76.72485811717098,2.7973665961010274
FR,validation,rf_depth_12_leaf_5,2024-07-20,24,144.1950420437442,27.973665961010273,116.22137608273393,38.89817586644487,2.7973665961010274
FR,validation,rf_depth_12_leaf_5,2024-07-21,24,120.96636620063438,19.486832980505138,101.47953322012924,6.053787644685585,1.9486832980505138
FR,validation,rf_depth_12_leaf_5,2024-07-22,24,68.7081566172707,37.94733192202055,30.760824695250136,59.57321700282128,3.794733192202055
FR,validation,rf_depth_12_leaf_5,2024-07-23,24,143.17240967400699,19.486832980505138,123.68557669350184,38.7127542369152,1.9486832980505138
FR,validation,rf_depth_12_leaf_5,2024-07-24,24,157.59383199597693,19.486832980505138,138.10699901547179,66.761970660874,1.9486832980505138
FR,validation,rf_depth_12_leaf_5,2024-07-25,24,109.85313491247639,28.973665961010276,80.87946895146612,26.453187882734483,2.8973665961010275
FR,validation,rf_depth_12_leaf_5,2024-07-26,24,3.1011542225244284,37.97366596101027,-34.87251173848587,99.58208377839345,3.7973665961010274
FR,validation,rf_depth_12_leaf_5,2024-07-27,24,52.30462547649158,18.973665961010276,33.3309595154813,45.947613124621355,1.8973665961010275
FR,validation,rf_depth_12_leaf_5,2024-07-28,24,137.0705012114969,18.973665961010276,118.09683525048662,23.52169821703619,1.8973665961010275
FR,validation,rf_depth_12_leaf_5,2024-07-29,24,93.27859314544126,18.973665961010276,74.304927184431,27.500826195737815,1.8973665961010275
FR,validation,rf_depth_12_leaf_5,2024-07-30,24,158.98293271500955,27.973665961010273,131.00926675399927,18.79789158170354,2.7973665961010274
FR,validation,rf_depth_12_leaf_5,2024-07-31,24,134.45385378791696,18.973665961010276,115.48018782690669,57.92555717570839,1.8973665961010275
FR,validation,rf_depth_12_leaf_5,2024-08-01,24,27.584429685653163,27.973665961010273,-0.3892362753571206,104.28460722089658,2.7973665961010274
FR,validation,rf_depth_12_leaf_5,2024-08-02,24,58.8136506486405,18.973665961010276,39.83998468763021,83.34008039006804,1.8973665961010275
FR,validation,rf_depth_12_leaf_5,2024-08-03,24,88.58685494881918,18.973665961010276,69.61318898780891,19.49601373883344,1.8973665961010275
FR,validation,rf_depth_12_leaf_5,2024-08-04,24,127.96973272576928,18.973665961010276,108.996066764759,8.455273499278718,1.8973665961010275
FR,validation,rf_depth_12_leaf_5,2024-08-05,24,138.79735096635937,28.973665961010276,109.82368500534912,25.33217284918308,2.8973665961010275
FR,validation,rf_depth_12_leaf_5,2024-08-06,24,177.61290047625798,37.94733192202055,139.66556855423738,2.0235457991551584,3.794733192202055
FR,validation,rf_depth_12_leaf_5,2024-08-07,24,67.84112290331542,28.486832980505135,39.35428992281029,51.815748839111144,2.8486832980505135
FR,validation,rf_depth_12_leaf_5,2024-08-08,24,123.20628813840473,36.973665961010276,86.23262217739446,19.97743047340917,3.6973665961010274
FR,validation,rf_depth_12_leaf_5,2024-08-09,24,116.86612261840968,26.999999999999996,89.86612261840968,42.834918112407834,2.6999999999999997
FR,validation,rf_depth_12_leaf_5,2024-08-10,24,192.81453761113815,36.97366596101027,155.8408716501279,26.169378377171824,3.6973665961010274
FR,validation,rf_depth_12_leaf_5,2024-08-11,24,177.41830743008376,37.97366596101027,139.44464146907347,53.647342995459326,3.7973665961010274
FR,validation,rf_depth_12_leaf_5,2024-08-12,24,133.3302743072726,27.973665961010276,105.35660834626232,79.29517359942689,2.7973665961010274
FR,validation,rf_depth_12_leaf_5,2024-08-13,24,93.31875744678402,27.973665961010276,65.34509148577374,92.87496960033366,2.7973665961010274
FR,validation,rf_depth_12_leaf_5,2024-08-14,24,34.63560804517695,36.973665961010276,-2.338057915833332,75.20615998327564,3.697366596101027
FR,validation,rf_depth_12_leaf_5,2024-08-15,24,56.46709592849879,44.99999999999999,11.467095928498793,126.28250593309369,4.5
FR,validation,rf_depth_12_leaf_5,2024-08-16,24,34.6494793242946,19.486832980505138,15.162646343789458,57.28644459855144,1.9486832980505138
FR,validation,rf_depth_12_leaf_5,2024-08-17,24,92.09961691137696,18.973665961010276,73.12595095036667,41.51871949186864,1.8973665961010275
FR,validation,rf_depth_12_leaf_5,2024-08-18,24,173.3726578855298,27.973665961010276,145.39899192451952,24.637438663401895,2.7973665961010274
FR,validation,rf_depth_12_leaf_5,2024-08-19,24,74.85926442824342,27.973665961010273,46.88559846723314,58.97252437624968,2.7973665961010274
FR,validation,rf_depth_12_leaf_5,2024-08-20,24,168.5144436322854,37.94733192202055,130.56711171026484,59.44754405226183,3.794733192202055
FR,validation,rf_depth_12_leaf_5,2024-08-21,24,235.11318827902866,46.94733192202055,188.1658563570081,52.92643494761239,4.694733192202055
FR,validation,rf_depth_12_leaf_5,2024-08-22,24,211.23576438357586,37.94733192202055,173.2884324615553,67.80159685618466,3.794733192202055
FR,validation,rf_depth_12_leaf_5,2024-08-23,24,192.92931126959672,37.94733192202055,154.98197934757616,16.94615598866784,3.794733192202055
FR,validation,rf_depth_12_leaf_5,2024-08-24,24,180.29888185261626,28.486832980505135,151.81204887211112,67.25560358418977,2.8486832980505135
FR,validation,rf_depth_12_leaf_5,2024-08-25,24,133.61455832131202,36.97366596101027,96.64089236030175,22.921528180279594,3.6973665961010274
FR,validation,rf_depth_12_leaf_5,2024-08-26,24,134.87441980657053,28.973665961010276,105.90075384556027,71.64300611355273,2.8973665961010275
FR,validation,rf_depth_12_leaf_5,2024-08-27,24,221.99529323907484,37.94733192202055,184.04796131705427,49.50110177546139,3.794733192202055
FR,validation,rf_depth_12_leaf_5,2024-08-28,24,202.55957254780395,45.97366596101027,156.5859065867937,44.43962723758884,4.597366596101027
FR,validation,rf_depth_12_leaf_5,2024-08-29,24,103.74389717716083,27.973665961010276,75.77023121615055,59.38914205415686,2.7973665961010274
FR,validation,rf_depth_12_leaf_5,2024-08-30,24,23.310125298061706,18.973665961010276,4.336459337051423,68.95205557176186,1.8973665961010275
FR,validation,rf_depth_12_leaf_20,2024-07-01,24,149.42327777468068,37.94733192202055,111.47594585266009,40.83738852591503,3.794733192202055
FR,validation,rf_depth_12_leaf_20,2024-07-02,24,211.92723562333907,37.94733192202055,173.9799037013185,23.680729782597496,3.794733192202055
FR,validation,rf_depth_12_leaf_20,2024-07-03,24,140.30470442382205,28.460498941515414,111.84420548230663,70.85441251692383,2.846049894151541
FR,validation,rf_depth_12_leaf_20,2024-07-04,24,127.28866152431922,28.973665961010276,98.31499556330894,17.314956287350327,2.8973665961010275
FR,validation,rf_depth_12_leaf_20,2024-07-05,24,163.367955385963,37.486832980505135,125.88112240545786,17.51681536162957,3.748683298050514
FR,validation,rf_depth_12_leaf_20,2024-07-06,24,169.31767349799713,37.94733192202055,131.37034157597657,19.891111090819805,3.794733192202055
FR,validation,rf_depth_12_leaf_20,2024-07-07,24,128.45967171666197,37.94733192202055,90.5123397946414,34.12641954601436,3.794733192202055
FR,validation,rf_depth_12_leaf_20,2024-07-08,24,157.8031934122717,37.94733192202055,119.85586149025114,19.094127416018736,3.794733192202055
FR,validation,rf_depth_12_leaf_20,2024-07-09,24,178.78732860564912,36.97366596101027,141.81366264463884,59.78133683315403,3.6973665961010274
FR,validation,rf_depth_12_leaf_20,2024-07-10,24,69.51717746120687,28.460498941515414,41.056678519691445,80.47059353783754,2.846049894151541
FR,validation,rf_depth_12_leaf_20,2024-07-11,24,141.11216561426943,35.99999999999999,105.11216561426944,10.188721909923188,3.5999999999999996
FR,validation,rf_depth_12_leaf_20,2024-07-12,24,33.11045658237502,9.486832980505138,23.62362360186988,91.28789906905685,0.9486832980505138
FR,validation,rf_depth_12_leaf_20,2024-07-13,24,127.76416871461869,19.486832980505138,108.27733573411355,36.48730951771067,1.9486832980505138
FR,validation,rf_depth_12_leaf_20,2024-07-14,24,268.3644885756553,28.973665961010276,239.390822614645,81.20228726246177,2.8973665961010275
FR,validation,rf_depth_12_leaf_20,2024-07-15,24,183.09587597121194,28.973665961010276,154.12221001020166,2.8739948353855596,2.8973665961010275
FR,validation,rf_depth_12_leaf_20,2024-07-16,24,159.42526451336002,28.973665961010276,130.45159855234974,15.941133748610639,2.8973665961010275
FR,validation,rf_depth_12_leaf_20,2024-07-17,24,170.1934548161782,28.973665961010276,141.2197888551679,38.46619337887128,2.8973665961010275
FR,validation,rf_depth_12_leaf_20,2024-07-18,24,142.63763840826553,28.486832980505138,114.15080542776037,35.19772582851881,2.8486832980505135
FR,validation,rf_depth_12_leaf_20,2024-07-19,24,120.6748753416212,27.973665961010273,92.70120938061092,26.589267653357425,2.7973665961010274
FR,validation,rf_depth_12_leaf_20,2024-07-20,24,144.1950420437442,27.973665961010273,116.22137608273393,38.89817586644487,2.7973665961010274
FR,validation,rf_depth_12_leaf_20,2024-07-21,24,102.30193451361903,27.973665961010273,74.32826855260875,33.20505231220608,2.7973665961010274
FR,validation,rf_depth_12_leaf_20,2024-07-22,24,71.65728262806405,37.94733192202055,33.709950706043486,56.62409099202793,3.794733192202055
FR,validation,rf_depth_12_leaf_20,2024-07-23,24,143.17240967400699,19.486832980505138,123.68557669350184,38.7127542369152,1.9486832980505138
FR,validation,rf_depth_12_leaf_20,2024-07-24,24,204.74046031434406,28.973665961010276,175.76679435333378,29.102175323012005,2.8973665961010275
FR,validation,rf_depth_12_leaf_20,2024-07-25,24,109.85313491247639,28.973665961010276,80.87946895146612,26.453187882734483,2.8973665961010275
FR,validation,rf_depth_12_leaf_20,2024-07-26,24,7.3593144177106495,37.97366596101027,-30.61435154329962,95.3239235832072,3.7973665961010274
FR,validation,rf_depth_12_leaf_20,2024-07-27,24,52.30462547649158,18.973665961010276,33.3309595154813,45.947613124621355,1.8973665961010275
FR,validation,rf_depth_12_leaf_20,2024-07-28,24,137.0705012114969,18.973665961010276,118.09683525048662,23.52169821703619,1.8973665961010275
FR,validation,rf_depth_12_leaf_20,2024-07-29,24,98.08841746655737,18.973665961010276,79.1147515055471,22.691001874621705,1.8973665961010275
FR,validation,rf_depth_12_leaf_20,2024-07-30,24,155.37793618241759,27.973665961010273,127.40427022140733,22.40288811429548,2.7973665961010274
FR,validation,rf_depth_12_leaf_20,2024-07-31,24,134.45385378791696,18.973665961010276,115.48018782690669,57.92555717570839,1.8973665961010275
FR,validation,rf_depth_12_leaf_20,2024-08-01,24,65.67664345123904,18.973665961010276,46.70297749022876,57.19239345531069,1.8973665961010275
FR,validation,rf_depth_12_leaf_20,2024-08-02,24,55.90054754297813,18.973665961010276,36.92688158196785,86.2531834957304,1.8973665961010275
FR,validation,rf_depth_12_leaf_20,2024-08-03,24,91.85089745800835,18.973665961010276,72.87723149699806,16.231971229644287,1.8973665961010275
FR,validation,rf_depth_12_leaf_20,2024-08-04,24,127.96973272576928,18.973665961010276,108.996066764759,8.455273499278718,1.8973665961010275
FR,validation,rf_depth_12_leaf_20,2024-08-05,24,141.47279564602263,28.973665961010276,112.49912968501238,22.656728169519823,2.8973665961010275
FR,validation,rf_depth_12_leaf_20,2024-08-06,24,170.45544916187615,37.94733192202055,132.50811723985558,9.18099711353696,3.794733192202055
FR,validation,rf_depth_12_leaf_20,2024-08-07,24,64.69370369589865,19.486832980505138,45.206870715393514,45.96316804652792,1.9486832980505138
FR,validation,rf_depth_12_leaf_20,2024-08-08,24,112.37162147173805,28.973665961010276,83.3979555107278,22.812097140075835,2.8973665961010275
FR,validation,rf_depth_12_leaf_20,2024-08-09,24,130.7665181916774,27.973665961010273,102.7928522306671,29.908188500150416,2.7973665961010274
FR,validation,rf_depth_12_leaf_20,2024-08-10,24,192.81453761113815,36.97366596101027,155.8408716501279,26.169378377171824,3.6973665961010274
FR,validation,rf_depth_12_leaf_20,2024-08-11,24,204.92969062312685,28.973665961010276,175.95602466211656,17.135959802416238,2.8973665961010275
FR,validation,rf_depth_12_leaf_20,2024-08-12,24,133.3302743072726,27.973665961010276,105.35660834626232,79.29517359942689,2.7973665961010274
FR,validation,rf_depth_12_leaf_20,2024-08-13,24,93.31875744678402,27.973665961010276,65.34509148577374,92.87496960033366,2.7973665961010274
FR,validation,rf_depth_12_leaf_20,2024-08-14,24,70.85969045892756,36.973665961010276,33.886024497917276,38.98207756952503,3.6973665961010274
FR,validation,rf_depth_12_leaf_20,2024-08-15,24,107.49407829037318,37.97366596101027,69.5204123293629,68.22918953222958,3.7973665961010274
FR,validation,rf_depth_12_leaf_20,2024-08-16,24,58.10540277165697,27.973665961010276,30.131736810646686,42.317354131694216,2.7973665961010274
FR,validation,rf_depth_12_leaf_20,2024-08-17,24,117.1871416810107,18.973665961010276,98.21347572000042,16.431194722234892,1.8973665961010275
FR,validation,rf_depth_12_leaf_20,2024-08-18,24,159.84352856851066,19.486832980505138,140.35669558800552,29.679734999915894,1.9486832980505138
FR,validation,rf_depth_12_leaf_20,2024-08-19,24,90.02871036407113,27.973665961010273,62.05504440306085,43.80307844042197,2.7973665961010274
FR,validation,rf_depth_12_leaf_20,2024-08-20,24,198.72106442271667,37.94733192202055,160.7737325006961,29.240923261830574,3.794733192202055
FR,validation,rf_depth_12_leaf_20,2024-08-21,24,241.81047214104365,46.94733192202055,194.86314021902308,46.22915108559741,4.6947331922020545
FR,validation,rf_depth_12_leaf_20,2024-08-22,24,234.16306159301587,37.94733192202055,196.21572967099533,44.87429964674462,3.794733192202055
FR,validation,rf_depth_12_leaf_20,2024-08-23,24,180.64902018994243,37.94733192202055,142.7016882679219,29.226447068322102,3.794733192202055
FR,validation,rf_depth_12_leaf_20,2024-08-24,24,153.70605218338304,37.94733192202055,115.75872026136248,103.30893219493841,3.794733192202055
FR,validation,rf_depth_12_leaf_20,2024-08-25,24,133.61455832131202,36.97366596101027,96.64089236030175,22.921528180279594,3.6973665961010274
FR,validation,rf_depth_12_leaf_20,2024-08-26,24,133.8419361409006,19.486832980505138,114.35510316039546,63.188656798717545,1.9486832980505138
FR,validation,rf_depth_12_leaf_20,2024-08-27,24,244.95883755699242,37.94733192202055,207.01150563497185,26.537557457543812,3.794733192202055
FR,validation,rf_depth_12_leaf_20,2024-08-28,24,207.3913823240684,45.97366596101027,161.41771636305813,39.6078174613244,4.597366596101027
FR,validation,rf_depth_12_leaf_20,2024-08-29,24,114.37433070435611,27.973665961010276,86.40066474334583,48.758708526961584,2.7973665961010274
FR,validation,rf_depth_12_leaf_20,2024-08-30,24,26.11531137916974,18.973665961010276,7.141645418159456,66.14686949065383,1.8973665961010275
DE-LU,evaluation,latest_same_hour,2024-09-01,24,250.19826851707222,37.94733192202055,212.25093659505166,38.94334054389745,3.794733192202055
DE-LU,evaluation,latest_same_hour,2024-09-02,24,289.67969481034174,28.460498941515414,261.2191958688263,19.64256767220695,2.846049894151541
DE-LU,evaluation,latest_same_hour,2024-09-03,24,917.0174186027896,28.460498941515414,888.5569196612742,73.61596446412682,2.846049894151541
DE-LU,evaluation,latest_same_hour,2024-09-04,24,402.3038111114047,37.94733192202055,364.3564791893841,9.139999999999986,3.794733192202055
DE-LU,evaluation,latest_same_hour,2024-09-05,24,262.2438870577599,37.94733192202055,224.2965551357393,19.859750305157036,3.794733192202055
DE-LU,evaluation,latest_same_hour,2024-09-06,24,296.1733147572427,37.94733192202055,258.2259828352221,4.0134062563392945,3.794733192202055
DE-LU,evaluation,latest_same_hour,2024-09-07,24,257.31386842704296,37.46049894151541,219.85336948552754,24.485838079199596,3.7460498941515414
DE-LU,evaluation,latest_same_hour,2024-09-08,24,199.0125356432299,37.94733192202055,161.06520372120934,36.30840884369266,3.794733192202055
DE-LU,evaluation,latest_same_hour,2024-09-09,24,82.26482124807997,28.460498941515414,53.80432230656454,69.42159871155633,2.846049894151541
DE-LU,evaluation,latest_same_hour,2024-09-10,24,160.6055762960595,27.973665961010276,132.6319103350492,99.25900017028667,2.7973665961010274
DE-LU,evaluation,latest_same_hour,2024-09-11,24,148.64629614281222,37.94733192202055,110.69896422079168,41.198297266202246,3.794733192202055
DE-LU,evaluation,latest_same_hour,2024-09-12,24,420.9436285534791,37.46049894151541,383.48312961196365,9.04250010538118,3.7460498941515414
DE-LU,evaluation,latest_same_hour,2024-09-13,24,87.51758210452203,37.94733192202055,49.57025018250147,37.21860214145212,3.794733192202055
DE-LU,evaluation,latest_same_hour,2024-09-14,24,228.09824002756403,37.94733192202055,190.1509081055435,4.521665510863954,3.794733192202055
DE-LU,evaluation,latest_same_hour,2024-09-15,24,221.1609690954008,37.46049894151541,183.70047015388536,15.741232971160457,3.746049894151541
DE-LU,evaluation,latest_same_hour,2024-09-16,24,126.41891893767604,37.94733192202055,88.47158701565547,14.118577025077641,3.794733192202055
DE-LU,evaluation,latest_same_hour,2024-09-17,24,197.8748728049427,28.486832980505135,169.38803982443756,39.208963458373034,2.8486832980505135
DE-LU,evaluation,latest_same_hour,2024-09-18,24,265.1033286653748,37.94733192202055,227.15599674335425,58.58858174766232,3.794733192202055
DE-LU,evaluation,latest_same_hour,2024-09-19,24,323.3838977052951,37.94733192202055,285.43656578327455,3.658286993788977,3.794733192202055
DE-LU,evaluation,latest_same_hour,2024-09-20,24,308.9756625158157,37.94733192202055,271.0283305937952,4.042572414041672,3.794733192202055
DE-LU,evaluation,latest_same_hour,2024-09-21,24,251.9206816899655,37.94733192202055,213.973349767945,22.491567278822913,3.794733192202055
DE-LU,evaluation,latest_same_hour,2024-09-22,24,244.37479613466897,37.94733192202055,206.42746421264843,35.563680225014366,3.794733192202055
DE-LU,evaluation,latest_same_hour,2024-09-23,24,411.6859565964453,28.460498941515414,383.22545765492987,114.79861649874283,2.846049894151541
DE-LU,evaluation,latest_same_hour,2024-09-24,24,111.2515249389325,28.460498941515414,82.79102599741708,76.19768841599495,2.846049894151541
DE-LU,evaluation,latest_same_hour,2024-09-25,24,290.60772253233176,37.94733192202055,252.6603906103112,39.18175461510759,3.794733192202055
DE-LU,evaluation,latest_same_hour,2024-09-26,24,191.520800332083,37.94733192202055,153.57346841006245,16.01394976922657,3.794733192202055
DE-LU,evaluation,latest_same_hour,2024-09-27,24,165.699602349251,37.94733192202055,127.75227042723044,0.9130220231005666,3.794733192202055
DE-LU,evaluation,latest_same_hour,2024-09-28,24,132.6950028134143,47.434164902525694,85.26083791088863,28.62828780079502,4.743416490252569
DE-LU,evaluation,latest_same_hour,2024-09-29,24,400.77653335992545,37.94733192202055,362.8292014379049,4.120315558321579,3.794733192202055
DE-LU,evaluation,latest_same_hour,2024-09-30,24,233.34652061071975,37.46049894151541,195.88602166920435,44.0919166696703,3.7460498941515414
DE-LU,evaluation,latest_same_hour,2024-10-01,24,266.46788760218055,47.434164902525694,219.03372269965487,7.69005441091312,4.743416490252569
DE-LU,evaluation,latest_same_hour,2024-10-02,24,104.6947897595721,46.46049894151541,58.234290818056735,42.81773339901301,4.646049894151542
DE-LU,evaluation,latest_same_hour,2024-10-03,24,124.30464412645847,37.94733192202055,86.35731220443793,7.464704234285392,3.794733192202055
DE-LU,evaluation,latest_same_hour,2024-10-04,24,176.94012318208036,37.94733192202055,138.99279126005982,17.411601597031506,3.794733192202055
DE-LU,evaluation,latest_same_hour,2024-10-05,24,219.4450767928491,27.973665961010273,191.47141083183877,11.673464173160596,2.7973665961010274
DE-LU,evaluation,latest_same_hour,2024-10-06,24,208.27508579083567,37.94733192202055,170.32775386881517,13.105749292327772,3.794733192202055
DE-LU,evaluation,latest_same_hour,2024-10-07,24,414.03690735925113,37.94733192202055,376.08957543723056,9.077479467268006,3.794733192202055
DE-LU,evaluation,latest_same_hour,2024-10-08,24,155.54544550690713,28.460498941515414,127.0849465653917,49.33200922207192,2.846049894151541
DE-LU,evaluation,latest_same_hour,2024-10-09,24,175.48143294921374,37.94733192202055,137.5341010271932,1.3375660226584216,3.794733192202055
DE-LU,evaluation,latest_same_hour,2024-10-10,24,176.48883898047998,37.94733192202055,138.54150705845942,60.88931151095633,3.794733192202055
DE-LU,evaluation,latest_same_hour,2024-10-11,24,313.34037018098485,37.94733192202055,275.3930382589643,4.795292373330938,3.794733192202055
DE-LU,evaluation,latest_same_hour,2024-10-12,24,123.89811900095286,46.94733192202055,76.95078707893228,62.96107135654498,4.6947331922020545
DE-LU,evaluation,latest_same_hour,2024-10-13,24,79.17390995893948,37.94733192202055,41.22657803691892,23.06140183385223,3.794733192202055
DE-LU,evaluation,latest_same_hour,2024-10-14,24,267.8417160841863,28.460498941515414,239.38121714267095,193.3513916769391,2.846049894151541
DE-LU,evaluation,latest_same_hour,2024-10-15,24,25.000405934962686,18.51316701949486,6.487238915467827,259.0406738578738,1.851316701949486
DE-LU,evaluation,latest_same_hour,2024-10-16,24,251.1727869510971,37.94733192202055,213.22545502907656,10.38884694441171,3.794733192202055
DE-LU,evaluation,latest_same_hour,2024-10-17,24,271.61250644197787,37.94733192202055,233.66517451995736,60.67218128448684,3.794733192202055
DE-LU,evaluation,latest_same_hour,2024-10-18,24,242.10522462190772,47.434164902525694,194.67105971938201,23.08720621033686,4.743416490252569
DE-LU,evaluation,latest_same_hour,2024-10-19,24,122.6309854753862,37.94733192202055,84.68365355336563,6.721033288105119,3.794733192202055
DE-LU,evaluation,latest_same_hour,2024-10-20,24,174.5997904550295,37.94733192202055,136.65245853300894,19.435411092448476,3.794733192202055
DE-LU,evaluation,latest_same_hour,2024-10-21,24,223.7948151405078,28.460498941515414,195.33431619899238,113.56747658179296,2.846049894151541
DE-LU,evaluation,latest_same_hour,2024-10-22,24,143.75434216202115,28.973665961010276,114.78067620101089,107.17428903359777,2.8973665961010275
DE-LU,evaluation,latest_same_hour,2024-10-23,24,342.2248630494767,37.94733192202055,304.27753112745614,20.373003392383737,3.794733192202055
DE-LU,evaluation,latest_same_hour,2024-10-24,24,202.52555365548952,37.94733192202055,164.57822173346895,17.054971678802787,3.794733192202055
DE-LU,evaluation,latest_same_hour,2024-10-25,24,284.914624485876,37.94733192202055,246.96729256385544,4.046918073907847,3.794733192202055
DE-LU,evaluation,latest_same_hour,2024-10-26,24,172.41872356045957,37.94733192202055,134.471391638439,3.7205566322756454,3.794733192202055
DE-LU,evaluation,latest_same_hour,2024-10-27,25,143.47309512248063,37.94733192202055,105.52576320046008,38.91982437886615,3.794733192202055
DE-LU,evaluation,latest_same_hour,2024-10-28,24,62.38264952426255,28.460498941515414,33.92215058274718,52.08056285534791,2.846049894151541
DE-LU,evaluation,latest_same_hour,2024-10-29,24,267.7557691639106,28.460498941515414,239.29527022239517,88.9451193010504,2.846049894151541
DE-LU,evaluation,latest_same_hour,2024-10-30,24,148.80499915844524,37.94733192202055,110.85766723642469,39.18673476771407,3.794733192202055
DE-LU,evaluation,latest_same_hour,2024-10-31,24,133.61436875354588,37.94733192202055,95.66703683152531,4.904981912715982,3.794733192202055
DE-LU,evaluation,latest_same_hour,2024-11-01,24,137.22714168101066,37.94733192202055,99.27980975899013,8.529902742288016,3.794733192202055
DE-LU,evaluation,latest_same_hour,2024-11-02,24,96.41359185176458,37.94733192202055,58.46625992974401,19.592379360605378,3.794733192202055
DE-LU,evaluation,latest_same_hour,2024-11-03,24,113.44784910086875,27.973665961010273,85.47418313985847,3.1270094278950182,2.7973665961010274
DE-LU,evaluation,latest_same_hour,2024-11-04,24,321.70572656143474,27.973665961010276,293.73206060042446,43.53726716465775,2.7973665961010274
DE-LU,evaluation,latest_same_hour,2024-11-05,24,705.151265638512,28.460498941515414,676.6907666969965,71.92362215913226,2.846049894151541
DE-LU,evaluation,latest_same_hour,2024-11-06,24,1577.838006398805,37.94733192202055,1539.8906744767846,1.6787260323128521,3.794733192202055
DE-LU,evaluation,latest_same_hour,2024-11-07,24,571.1199224860354,37.94733192202055,533.1725905640149,1.9174020204253566,3.794733192202055
DE-LU,evaluation,latest_same_hour,2024-11-08,24,53.12700358093245,37.94733192202055,15.179671658911886,7.4564298205101665,3.794733192202055
DE-LU,evaluation,latest_same_hour,2024-11-09,24,46.33259910494036,37.94733192202055,8.38526718291979,34.014850449332016,3.794733192202055
DE-LU,evaluation,latest_same_hour,2024-11-10,24,27.788094003202275,28.486832980505135,-0.6987389773028667,41.66411209657372,2.8486832980505135
DE-LU,evaluation,latest_same_hour,2024-11-11,24,69.8447945956813,18.973665961010276,50.87112863467101,1.1007954939981914,1.8973665961010275
DE-LU,evaluation,latest_same_hour,2024-11-12,24,244.43560186258037,18.973665961010276,225.46193590157003,136.2482030642521,1.8973665961010275
DE-LU,evaluation,latest_same_hour,2024-11-13,24,105.27976046503366,18.973665961010276,86.30609450402338,98.41761100765217,1.8973665961010275
DE-LU,evaluation,latest_same_hour,2024-11-14,24,43.4886982930484,37.94733192202055,5.541366371027777,54.14325545049479,3.794733192202055
DE-LU,evaluation,latest_same_hour,2024-11-15,24,79.07681037744736,18.973665961010276,60.103144416437075,0.8492965342205991,1.8973665961010275
DE-LU,evaluation,latest_same_hour,2024-11-16,24,58.90528948785578,18.973665961010276,39.9316235268455,15.065188649211336,1.8973665961010275
DE-LU,evaluation,latest_same_hour,2024-11-17,24,-3.2435158284093575,18.973665961010276,-22.21718178941964,108.45615804273396,1.8973665961010275
DE-LU,evaluation,latest_same_hour,2024-11-18,24,92.20651311322081,18.973665961010276,73.23284715221052,81.98404397117673,1.8973665961010275
DE-LU,evaluation,latest_same_hour,2024-11-19,24,30.532088692597313,37.46049894151541,-6.928410248918112,93.33006886346597,3.7460498941515414
DE-LU,evaluation,latest_same_hour,2024-11-20,24,123.26313167217063,37.94733192202055,85.31579975015009,13.417270893663186,3.794733192202055
DE-LU,evaluation,latest_same_hour,2024-11-21,24,46.42749809798501,18.973665961010276,27.453832136974725,90.03054463825296,1.8973665961010275
DE-LU,evaluation,latest_same_hour,2024-11-22,24,131.68224924766025,37.94733192202055,93.73491732563969,15.16295042420819,3.794733192202055
DE-LU,evaluation,latest_same_hour,2024-11-23,24,70.00181455659919,18.973665961010276,51.02814859558891,29.91666164804274,1.8973665961010275
DE-LU,evaluation,latest_same_hour,2024-11-24,24,28.276737297317347,47.434164902525694,-19.157427605208344,30.155631342704165,4.743416490252569
DE-LU,evaluation,latest_same_hour,2024-11-25,24,114.86708962332685,28.973665961010276,85.89342366231656,89.20336703604826,2.8973665961010275
DE-LU,evaluation,latest_same_hour,2024-11-26,24,71.99141424149678,18.973665961010276,53.0177482804865,68.6472333341076,1.8973665961010275
DE-LU,evaluation,latest_same_hour,2024-11-27,24,53.990563567091726,37.94733192202055,16.04323164507116,134.49917684373747,3.794733192202055
DE-LU,evaluation,latest_same_hour,2024-11-28,24,119.84842037128254,37.94733192202055,81.90108844926195,46.12416492177573,3.794733192202055
DE-LU,evaluation,latest_same_hour,2024-11-29,24,101.4727079652666,18.973665961010276,82.49904200425631,22.22905127096911,1.8973665961010275
DE-LU,evaluation,latest_same_hour,2024-11-30,24,50.413000862780365,28.460498941515414,21.952501921264968,16.88052685819504,2.846049894151541
DE-LU,evaluation,latest_same_hour,2024-12-01,24,28.640236945530432,28.973665961010276,-0.33342901547986514,36.09690177300506,2.8973665961010275
DE-LU,evaluation,latest_same_hour,2024-12-02,24,51.44820160226446,28.486832980505135,22.96136862175932,88.7246270500279,2.8486832980505135
DE-LU,evaluation,latest_same_hour,2024-12-03,24,75.13173459940313,18.973665961010276,56.15806863839285,82.06644256269405,1.8973665961010275
DE-LU,evaluation,latest_same_hour,2024-12-04,24,248.7853220864306,27.486832980505135,221.29848910592546,120.81711062142352,2.748683298050514
DE-LU,evaluation,latest_same_hour,2024-12-05,24,52.15452683082855,18.973665961010276,33.18086086981827,62.16621685885986,1.8973665961010275
DE-LU,evaluation,latest_same_hour,2024-12-06,24,157.73697659191188,37.94733192202055,119.78964466989132,29.549669485180544,3.794733192202055
DE-LU,evaluation,latest_same_hour,2024-12-07,24,-45.64982471548804,18.973665961010276,-64.6234906764983,133.81026414838377,1.8973665961010275
DE-LU,evaluation,latest_same_hour,2024-12-08,24,32.07362213988226,18.973665961010276,13.099956178871977,27.198512736123234,1.8973665961010275
DE-LU,evaluation,latest_same_hour,2024-12-09,24,-7.221506718874082,27.973665961010276,-35.195172679884365,147.77827402543727,2.7973665961010274
DE-LU,evaluation,latest_same_hour,2024-12-10,24,142.47341619213074,18.973665961010276,123.49975023112044,22.330896332642638,1.8973665961010275
DE-LU,evaluation,latest_same_hour,2024-12-11,24,430.30815216418625,28.460498941515414,401.84765322267083,161.1400373384339,2.846049894151541
DE-LU,evaluation,latest_same_hour,2024-12-12,24,1415.0433946956957,18.973665961010276,1396.0697287346854,346.37213244265195,1.8973665961010275
DE-LU,evaluation,latest_same_hour,2024-12-13,24,263.39273690689674,18.973665961010276,244.41907094588643,113.71767091064388,1.8973665961010275
DE-LU,evaluation,latest_same_hour,2024-12-14,24,39.15613536267614,37.94733192202055,1.208803440655572,46.046111455796165,3.794733192202055
DE-LU,evaluation,latest_same_hour,2024-12-15,24,16.724678762038906,37.94733192202055,-21.22265315998162,87.87468431186753,3.794733192202055
DE-LU,evaluation,latest_same_hour,2024-12-16,24,106.02171861587216,38.46049894151541,67.56121967435674,53.015551267925446,3.8460498941515415
DE-LU,evaluation,latest_same_hour,2024-12-17,24,-0.22545945666325906,19.486832980505138,-19.7122924371684,142.3867323952348,1.9486832980505138
DE-LU,evaluation,latest_same_hour,2024-12-18,24,56.34833047829511,18.973665961010276,37.37466451728484,46.79110007013841,1.8973665961010275
DE-LU,evaluation,latest_same_hour,2024-12-19,24,96.73971904271016,27.486832980505135,69.25288606220502,25.259130714128048,2.748683298050514
DE-LU,evaluation,latest_same_hour,2024-12-20,24,98.97977784057395,37.46049894151541,61.51927889905852,68.82688227446164,3.746049894151541
DE-LU,evaluation,latest_same_hour,2024-12-21,24,26.437720259386786,27.973665961010273,-1.5359457016234828,21.711214459067513,2.7973665961010274
DE-LU,evaluation,latest_same_hour,2024-12-22,24,39.2304627669473,37.46049894151541,1.769963825431887,74.93539141336589,3.7460498941515414
DE-LU,evaluation,latest_same_hour,2024-12-23,24,-13.79089974427631,18.486832980505135,-32.27773272478145,123.28091770174947,1.8486832980505137
DE-LU,evaluation,latest_same_hour,2024-12-24,24,39.23319918322204,18.973665961010276,20.259533222211758,12.209049650816269,1.8973665961010275
DE-LU,evaluation,latest_same_hour,2024-12-25,24,27.888585421881317,18.973665961010276,8.914919460871033,15.581826233249998,1.8973665961010275
DE-LU,evaluation,latest_same_hour,2024-12-26,24,16.49213011492077,18.973665961010276,-2.4815358460894714,29.405041834957558,1.8973665961010275
DE-LU,evaluation,latest_same_hour,2024-12-27,24,38.685495474107384,9.486832980505138,29.198662493602242,22.929537608174584,0.9486832980505138
DE-LU,evaluation,latest_same_hour,2024-12-28,24,28.452526775054167,9.486832980505138,18.965693794549026,16.301372949972034,0.9486832980505138
DE-LU,evaluation,latest_same_hour,2024-12-29,24,57.74160234727526,37.94733192202055,19.79427042525475,25.48456373639044,3.794733192202055
DE-LU,evaluation,latest_same_hour,2024-12-30,24,89.77681255117875,18.973665961010276,70.80314659016847,2.3633310217279586,1.8973665961010275
DE-LU,evaluation,latest_same_hour,2024-12-31,24,63.34176670538031,28.460498941515414,34.881267763864884,55.068070831374285,2.846049894151541
DE-LU,evaluation,seven_day_same_hour,2024-09-01,24,249.6436726747046,37.94733192202055,211.69634075268402,39.49793638626508,3.794733192202055
DE-LU,evaluation,seven_day_same_hour,2024-09-02,24,313.0476896953608,37.94733192202055,275.10035777334025,5.76140576769302,3.794733192202055
DE-LU,evaluation,seven_day_same_hour,2024-09-03,24,986.1477457128901,37.94733192202055,948.2004137908696,13.972470334531408,3.794733192202055
DE-LU,evaluation,seven_day_same_hour,2024-09-04,24,399.84369239228715,37.94733192202055,361.8963604702666,11.600118719117518,3.794733192202055
DE-LU,evaluation,seven_day_same_hour,2024-09-05,24,265.3827128033514,37.94733192202055,227.43538088133081,16.720924559565532,3.794733192202055
DE-LU,evaluation,seven_day_same_hour,2024-09-06,24,299.1665391308758,37.94733192202055,261.21920720885527,1.0201818827061402,3.794733192202055
DE-LU,evaluation,seven_day_same_hour,2024-09-07,24,260.3721850357059,37.94733192202055,222.42485311368537,21.91435445104176,3.794733192202055
DE-LU,evaluation,seven_day_same_hour,2024-09-08,24,199.5615421846619,37.94733192202055,161.61421026264134,35.75940230226067,3.794733192202055
DE-LU,evaluation,seven_day_same_hour,2024-09-09,24,146.0945798760041,37.94733192202055,108.14724795398355,15.07867306413732,3.794733192202055
DE-LU,evaluation,seven_day_same_hour,2024-09-10,24,267.6745766539071,37.94733192202055,229.72724473188654,2.1636657734493383,3.794733192202055
DE-LU,evaluation,seven_day_same_hour,2024-09-11,24,181.03146657492863,37.94733192202055,143.08413465290806,8.813126834085864,3.794733192202055
DE-LU,evaluation,seven_day_same_hour,2024-09-12,24,428.35887602079197,37.94733192202055,390.4115440987714,2.1140856185734265,3.794733192202055
DE-LU,evaluation,seven_day_same_hour,2024-09-13,24,115.4315735211452,37.94733192202055,77.48424159912463,9.304610724828962,3.794733192202055
DE-LU,evaluation,seven_day_same_hour,2024-09-14,24,229.27543568661588,37.94733192202055,191.3281037645953,3.3444698518121356,3.794733192202055
DE-LU,evaluation,seven_day_same_hour,2024-09-15,24,228.99035844658403,37.94733192202055,191.04302652456346,8.39867660048236,3.794733192202055
DE-LU,evaluation,seven_day_same_hour,2024-09-16,24,121.76252829479182,37.94733192202055,83.81519637277127,18.774967667961846,3.794733192202055
DE-LU,evaluation,seven_day_same_hour,2024-09-17,24,244.9485201615613,37.94733192202055,207.00118823954077,1.5958150432698233,3.794733192202055
DE-LU,evaluation,seven_day_same_hour,2024-09-18,24,313.9372429717771,37.94733192202055,275.98991104975653,9.75466744126004,3.794733192202055
DE-LU,evaluation,seven_day_same_hour,2024-09-19,24,312.74293457334477,37.94733192202055,274.79560265132426,14.299250125739263,3.794733192202055
DE-LU,evaluation,seven_day_same_hour,2024-09-20,24,300.9856888700926,37.94733192202055,263.0383569480721,12.032546059764798,3.794733192202055
DE-LU,evaluation,seven_day_same_hour,2024-09-21,24,235.00487249464612,37.94733192202055,197.05754057262556,39.40737647414235,3.794733192202055
DE-LU,evaluation,seven_day_same_hour,2024-09-22,24,251.35479613466896,37.94733192202055,213.40746421264845,28.583680225014348,3.794733192202055
DE-LU,evaluation,seven_day_same_hour,2024-09-23,24,532.5871283405006,37.94733192202055,494.63979641848,3.384277735192711,3.794733192202055
DE-LU,evaluation,seven_day_same_hour,2024-09-24,24,194.40278653747515,37.94733192202055,156.45545461545458,2.5332597979574416,3.794733192202055
DE-LU,evaluation,seven_day_same_hour,2024-09-25,24,287.82632467082044,37.94733192202055,249.87899274879987,41.963152476618916,3.794733192202055
DE-LU,evaluation,seven_day_same_hour,2024-09-26,24,193.4134987751802,37.94733192202055,155.46616685315965,14.121251326129368,3.794733192202055
DE-LU,evaluation,seven_day_same_hour,2024-09-27,24,163.94854973793522,37.94733192202055,126.00121781591467,2.6640746344163375,3.794733192202055
DE-LU,evaluation,seven_day_same_hour,2024-09-28,24,135.31676584457563,37.94733192202055,97.36943392255505,16.5196917891286,3.794733192202055
DE-LU,evaluation,seven_day_same_hour,2024-09-29,24,402.3716646549985,37.94733192202055,364.4243327329779,2.5251842632485477,3.794733192202055
DE-LU,evaluation,seven_day_same_hour,2024-09-30,24,272.6751369604017,37.94733192202055,234.72780503838112,5.25013330049353,3.794733192202055
DE-LU,evaluation,seven_day_same_hour,2024-10-01,24,261.6135894184114,37.94733192202055,223.66625749639087,3.0575196141771244,3.794733192202055
DE-LU,evaluation,seven_day_same_hour,2024-10-02,24,122.83554848078285,37.94733192202055,84.88821655876234,16.163807658307405,3.794733192202055
DE-LU,evaluation,seven_day_same_hour,2024-10-03,24,117.21471572535089,37.94733192202055,79.26738380333033,14.554632635392991,3.794733192202055
DE-LU,evaluation,seven_day_same_hour,2024-10-04,24,193.682863609196,37.94733192202055,155.73553168717552,0.6688611699158002,3.794733192202055
DE-LU,evaluation,seven_day_same_hour,2024-10-05,24,237.90066669496758,37.94733192202055,199.95333477294702,3.191540232052347,3.794733192202055
DE-LU,evaluation,seven_day_same_hour,2024-10-06,24,212.96603212917856,37.94733192202055,175.01870020715805,8.41480295398489,3.794733192202055
DE-LU,evaluation,seven_day_same_hour,2024-10-07,24,421.4872883318928,37.94733192202055,383.53995640987216,1.6270984946264093,3.794733192202055
DE-LU,evaluation,seven_day_same_hour,2024-10-08,24,199.83724473188653,37.94733192202055,161.88991280986596,14.52704297759766,3.794733192202055
DE-LU,evaluation,seven_day_same_hour,2024-10-09,24,168.97826446773132,37.94733192202055,131.03093254571078,7.8407345041408405,3.794733192202055
DE-LU,evaluation,seven_day_same_hour,2024-10-10,24,215.8266208866813,37.94733192202055,177.87928896466073,21.551529604755018,3.794733192202055
DE-LU,evaluation,seven_day_same_hour,2024-10-11,24,316.2717694274837,37.94733192202055,278.32443750546315,1.8638931268320675,3.794733192202055
DE-LU,evaluation,seven_day_same_hour,2024-10-12,24,132.9554849420723,37.94733192202055,95.00815302005176,44.90370541542549,3.794733192202055
DE-LU,evaluation,seven_day_same_hour,2024-10-13,24,71.86102783452662,37.94733192202055,33.91369591250607,30.37428395826508,3.794733192202055
DE-LU,evaluation,seven_day_same_hour,2024-10-14,24,457.6526672991141,37.94733192202055,419.70533537709355,13.027273442516503,3.794733192202055
DE-LU,evaluation,seven_day_same_hour,2024-10-15,24,272.1850212037594,37.94733192202055,234.23768928173882,31.290223491602774,3.794733192202055
DE-LU,evaluation,seven_day_same_hour,2024-10-16,24,252.38013274274985,37.94733192202055,214.43280082072928,9.181501152758983,3.794733192202055
DE-LU,evaluation,seven_day_same_hour,2024-10-17,24,317.0292898304047,37.94733192202055,279.08195790838414,15.25539789606006,3.794733192202055
DE-LU,evaluation,seven_day_same_hour,2024-10-18,24,249.49782040850098,37.94733192202055,211.55048848648042,6.207777443238456,3.794733192202055
DE-LU,evaluation,seven_day_same_hour,2024-10-19,24,125.44466568115055,37.94733192202055,87.49733375913002,3.907353082340734,3.794733192202055
DE-LU,evaluation,seven_day_same_hour,2024-10-20,24,174.20221018761697,37.94733192202055,136.2548782655964,19.832991359861012,3.794733192202055
DE-LU,evaluation,seven_day_same_hour,2024-10-21,24,338.8797514719863,37.94733192202055,300.93241954996574,7.969373230819599,3.794733192202055
DE-LU,evaluation,seven_day_same_hour,2024-10-22,24,256.2897335530132,37.94733192202055,218.34240163099264,3.6125636036160245,3.794733192202055
DE-LU,evaluation,seven_day_same_hour,2024-10-23,24,352.9231497066438,37.94733192202055,314.97581778462325,9.674716735216634,3.794733192202055
DE-LU,evaluation,seven_day_same_hour,2024-10-24,24,203.29794962115352,37.94733192202055,165.35061769913295,16.282575713138783,3.794733192202055
DE-LU,evaluation,seven_day_same_hour,2024-10-25,24,286.1802828368507,37.94733192202055,248.23295091483018,2.7812597229331004,3.794733192202055
DE-LU,evaluation,seven_day_same_hour,2024-10-26,24,166.07851536197654,37.94733192202055,128.13118343995603,10.060764830758615,3.794733192202055
DE-LU,evaluation,seven_day_same_hour,2024-10-27,25,124.4889540253785,37.94733192202055,86.54162210335797,57.90396547596826,3.794733192202055
DE-LU,evaluation,seven_day_same_hour,2024-10-28,24,96.7931660096292,37.94733192202055,58.84583408760864,27.15687935048645,3.794733192202055
DE-LU,evaluation,seven_day_same_hour,2024-10-29,24,281.6986947343295,37.94733192202055,243.7513628123089,84.48902671113666,3.794733192202055
DE-LU,evaluation,seven_day_same_hour,2024-10-30,24,156.59962971339345,37.94733192202055,118.65229779137289,31.392104212765872,3.794733192202055
DE-LU,evaluation,seven_day_same_hour,2024-10-31,24,138.24737214592955,37.94733192202055,100.30004022390898,0.2719785203323113,3.794733192202055
DE-LU,evaluation,seven_day_same_hour,2024-11-01,24,136.398890111546,37.94733192202055,98.45155818952543,9.358154311752713,3.794733192202055
DE-LU,evaluation,seven_day_same_hour,2024-11-02,24,95.63460431617133,37.94733192202055,57.68727239415077,20.371366896198623,3.794733192202055
DE-LU,evaluation,seven_day_same_hour,2024-11-03,24,108.47759492578851,37.94733192202055,70.530263003768,18.070929563985487,3.794733192202055
DE-LU,evaluation,seven_day_same_hour,2024-11-04,24,373.96727183640724,37.94733192202055,336.01993991438667,1.2493878506955411,3.794733192202055
DE-LU,evaluation,seven_day_same_hour,2024-11-05,24,781.091934449461,37.94733192202055,743.1446025274404,5.4697863286884285,3.794733192202055
DE-LU,evaluation,seven_day_same_hour,2024-11-06,24,1575.93589274087,37.94733192202055,1537.9885608188495,3.5808396902480126,3.794733192202055
DE-LU,evaluation,seven_day_same_hour,2024-11-07,24,572.7103209640283,37.94733192202055,534.7629890420078,0.3270035424324078,3.794733192202055
DE-LU,evaluation,seven_day_same_hour,2024-11-08,24,53.39185766598338,37.94733192202055,15.444525743962842,7.19157573545921,3.794733192202055
DE-LU,evaluation,seven_day_same_hour,2024-11-09,24,48.580029614873894,37.94733192202055,10.632697692853327,31.76741993939848,3.794733192202055
DE-LU,evaluation,seven_day_same_hour,2024-11-10,24,24.916898731447105,37.94733192202055,-13.030433190573433,53.99580630984428,3.794733192202055
DE-LU,evaluation,seven_day_same_hour,2024-11-11,24,62.01012201821459,37.94733192202055,24.06279009619402,27.90913403247518,3.794733192202055
DE-LU,evaluation,seven_day_same_hour,2024-11-12,24,306.28287864269396,37.94733192202055,268.3355467206734,93.37459224514873,3.794733192202055
DE-LU,evaluation,seven_day_same_hour,2024-11-13,24,119.30586227899505,37.94733192202055,81.35853035697448,103.36517515470106,3.794733192202055
DE-LU,evaluation,seven_day_same_hour,2024-11-14,24,44.72971915425893,37.94733192202055,6.782387232238307,52.90223458928426,3.794733192202055
DE-LU,evaluation,seven_day_same_hour,2024-11-15,24,78.7553786671237,36.973665961010276,41.78171270611341,19.170728244544264,3.6973665961010274
DE-LU,evaluation,seven_day_same_hour,2024-11-16,24,57.50937242578925,27.973665961010276,29.535706464779025,25.46110571127781,2.7973665961010274
DE-LU,evaluation,seven_day_same_hour,2024-11-17,24,42.97410717326542,27.973665961010276,15.000441212255168,71.23853504105915,2.7973665961010274
DE-LU,evaluation,seven_day_same_hour,2024-11-18,24,147.8193861108775,28.973665961010276,118.84572014986722,36.37117097352004,2.8973665961010275
DE-LU,evaluation,seven_day_same_hour,2024-11-19,24,52.95389578920964,36.973665961010276,15.980229828199413,70.42142878634844,3.6973665961010274
DE-LU,evaluation,seven_day_same_hour,2024-11-20,24,133.96164853068348,36.973665961010276,96.98798256967319,1.7450880741400852,3.6973665961010274
DE-LU,evaluation,seven_day_same_hour,2024-11-21,24,130.80093603138096,36.973665961010276,93.82727007037067,23.657106704857014,3.6973665961010274
DE-LU,evaluation,seven_day_same_hour,2024-11-22,24,95.26095106290325,27.973665961010276,67.28728510189296,41.610582647954914,2.7973665961010274
DE-LU,evaluation,seven_day_same_hour,2024-11-23,24,87.82405364339496,36.973665961010276,50.85038768238468,30.094422561246972,3.6973665961010274
DE-LU,evaluation,seven_day_same_hour,2024-11-24,24,32.68959072639888,36.973665961010276,-4.284075234611393,15.282278972107214,3.6973665961010274
DE-LU,evaluation,seven_day_same_hour,2024-11-25,24,192.14971207136978,36.973665961010276,155.1760461103595,19.920744588005334,3.6973665961010274
DE-LU,evaluation,seven_day_same_hour,2024-11-26,24,152.02732495068017,36.973665961010276,115.05365898966988,6.611322624924213,3.6973665961010274
DE-LU,evaluation,seven_day_same_hour,2024-11-27,24,71.18613719978566,36.973665961010276,34.21247123877538,116.32993725003325,3.6973665961010274
DE-LU,evaluation,seven_day_same_hour,2024-11-28,24,138.59645321022924,37.94733192202055,100.64912128820868,27.376132082829002,3.794733192202055
DE-LU,evaluation,seven_day_same_hour,2024-11-29,24,101.2773078975577,28.973665961010276,72.30364193654742,32.424451338678,2.8973665961010275
DE-LU,evaluation,seven_day_same_hour,2024-11-30,24,63.923423700816585,28.973665961010276,34.9497577398063,3.8832710396537067,2.8973665961010275
DE-LU,evaluation,seven_day_same_hour,2024-12-01,24,51.6381394282501,28.973665961010276,22.664473467239816,13.098999290285377,2.8973665961010275
DE-LU,evaluation,seven_day_same_hour,2024-12-02,24,118.94611396406671,28.973665961010276,89.97244800305643,21.713547668730797,2.8973665961010275
DE-LU,evaluation,seven_day_same_hour,2024-12-03,24,151.7292749571546,28.973665961010276,122.7556089961443,15.468902204942594,2.8973665961010275
DE-LU,evaluation,seven_day_same_hour,2024-12-04,24,314.17986205183934,28.973665961010276,285.20619609082905,56.909403636519926,2.8973665961010275
DE-LU,evaluation,seven_day_same_hour,2024-12-05,24,88.90378807859884,28.973665961010276,59.93012211758855,35.41695561108958,2.8973665961010275
DE-LU,evaluation,seven_day_same_hour,2024-12-06,24,157.2173126180599,28.973665961010276,128.24364665704962,21.095667498022237,2.8973665961010275
DE-LU,evaluation,seven_day_same_hour,2024-12-07,24,18.24280277958661,28.973665961010276,-10.730863181423672,79.91763665330913,2.8973665961010275
DE-LU,evaluation,seven_day_same_hour,2024-12-08,24,9.793508419097407,28.973665961010276,-19.180157541912877,59.47862645690809,2.8973665961010275
DE-LU,evaluation,seven_day_same_hour,2024-12-09,24,72.041036756501,27.973665961010276,44.06737079549072,68.5157305500622,2.7973665961010274
DE-LU,evaluation,seven_day_same_hour,2024-12-10,24,164.76590681186684,18.973665961010276,145.79224085085656,0.03840571290652406,1.8973665961010275
DE-LU,evaluation,seven_day_same_hour,2024-12-11,24,581.8867087984377,18.973665961010276,562.9130428374274,0.0746477236773444,1.8973665961010275
DE-LU,evaluation,seven_day_same_hour,2024-12-12,24,1414.9054586845527,18.973665961010276,1395.9317927235425,346.51006845379493,1.8973665961010275
DE-LU,evaluation,seven_day_same_hour,2024-12-13,24,263.5728651096837,18.973665961010276,244.59919914867336,113.53754270785694,1.8973665961010275
DE-LU,evaluation,seven_day_same_hour,2024-12-14,24,41.11274473805412,27.973665961010276,13.139078777043835,34.1158361194079,2.7973665961010274
DE-LU,evaluation,seven_day_same_hour,2024-12-15,24,26.181736734634484,36.973665961010276,-10.791929226375814,77.44396037826172,3.6973665961010274
DE-LU,evaluation,seven_day_same_hour,2024-12-16,24,95.32595966651792,36.973665961010276,58.35229370550766,62.22447723677452,3.6973665961010274
DE-LU,evaluation,seven_day_same_hour,2024-12-17,24,128.2404551588874,37.94733192202055,90.2931232368669,32.38131672119948,3.794733192202055
DE-LU,evaluation,seven_day_same_hour,2024-12-18,24,38.95926186014009,37.94733192202055,1.0119299381195503,83.1538346493037,3.794733192202055
DE-LU,evaluation,seven_day_same_hour,2024-12-19,24,67.09198695563597,37.94733192202055,29.144655033615408,65.36736174271766,3.794733192202055
DE-LU,evaluation,seven_day_same_hour,2024-12-20,24,141.98374783231588,37.94733192202055,104.03641591029532,26.30974526322484,3.794733192202055
DE-LU,evaluation,seven_day_same_hour,2024-12-21,24,35.26754814218535,18.973665961010276,16.293882181175064,3.881386576268966,1.8973665961010275
DE-LU,evaluation,seven_day_same_hour,2024-12-22,24,55.99244061403584,27.486832980505135,28.50560763353069,48.19974760526709,2.748683298050514
DE-LU,evaluation,seven_day_same_hour,2024-12-23,24,51.02212859715881,27.486832980505135,23.5352956166537,67.46788936031432,2.748683298050514
DE-LU,evaluation,seven_day_same_hour,2024-12-24,24,38.691194216314216,27.486832980505135,11.204361235809074,21.264221637218952,2.748683298050514
DE-LU,evaluation,seven_day_same_hour,2024-12-25,24,37.292883605650474,28.460498941515414,8.832384664135049,15.664361029985983,2.846049894151541
DE-LU,evaluation,seven_day_same_hour,2024-12-26,24,44.5900556863275,27.486832980505135,17.103222705822418,9.820283283045669,2.748683298050514
DE-LU,evaluation,seven_day_same_hour,2024-12-27,24,67.25624313613667,18.486832980505135,48.76941015563153,3.3587899461452935,1.8486832980505137
DE-LU,evaluation,seven_day_same_hour,2024-12-28,24,50.77152677505417,18.486832980505135,32.28469379454903,2.9823729499720315,1.8486832980505137
DE-LU,evaluation,seven_day_same_hour,2024-12-29,24,54.16623803744221,18.486832980505135,35.67940505693707,9.599429104708122,1.8486832980505137
DE-LU,evaluation,seven_day_same_hour,2024-12-30,24,88.79124622842279,18.486832980505135,70.30441324791765,2.8620643639787744,1.8486832980505137
DE-LU,evaluation,seven_day_same_hour,2024-12-31,24,80.80636346630268,18.486832980505135,62.31953048579757,27.629808109441598,1.8486832980505137
DE-LU,evaluation,ridge_alpha_0.1,2024-09-01,24,249.861231387425,37.94733192202055,211.91389946540446,39.28037767354465,3.794733192202055
DE-LU,evaluation,ridge_alpha_0.1,2024-09-02,24,298.5175194700554,37.94733192202055,260.5701875480348,20.291575992998446,3.794733192202055
DE-LU,evaluation,ridge_alpha_0.1,2024-09-03,24,954.3071666378046,28.973665961010276,925.3335006767943,36.83938344860667,2.8973665961010275
DE-LU,evaluation,ridge_alpha_0.1,2024-09-04,24,400.7123044665672,37.94733192202055,362.76497254454665,10.731506644837452,3.794733192202055
DE-LU,evaluation,ridge_alpha_0.1,2024-09-05,24,265.8738731881277,37.94733192202055,227.9265412661071,16.22976417478924,3.794733192202055
DE-LU,evaluation,ridge_alpha_0.1,2024-09-06,24,290.13934347182396,37.94733192202055,252.19201154980342,10.047377541757982,3.794733192202055
DE-LU,evaluation,ridge_alpha_0.1,2024-09-07,24,260.3721850357059,37.94733192202055,222.42485311368537,21.91435445104176,3.794733192202055
DE-LU,evaluation,ridge_alpha_0.1,2024-09-08,24,199.5615421846619,37.94733192202055,161.61421026264134,35.75940230226067,3.794733192202055
DE-LU,evaluation,ridge_alpha_0.1,2024-09-09,24,109.2128127762519,37.94733192202055,71.26548085423133,51.960440163889544,3.794733192202055
DE-LU,evaluation,ridge_alpha_0.1,2024-09-10,24,267.35921706764657,37.94733192202055,229.411885145626,2.4790253597098797,3.794733192202055
DE-LU,evaluation,ridge_alpha_0.1,2024-09-11,24,181.03146657492863,37.94733192202055,143.08413465290806,8.813126834085864,3.794733192202055
DE-LU,evaluation,ridge_alpha_0.1,2024-09-12,24,428.35887602079197,37.94733192202055,390.4115440987714,2.1140856185734265,3.794733192202055
DE-LU,evaluation,ridge_alpha_0.1,2024-09-13,24,115.4315735211452,37.94733192202055,77.48424159912463,9.304610724828962,3.794733192202055
DE-LU,evaluation,ridge_alpha_0.1,2024-09-14,24,229.27543568661588,37.94733192202055,191.3281037645953,3.3444698518121356,3.794733192202055
DE-LU,evaluation,ridge_alpha_0.1,2024-09-15,24,229.38126242578647,37.94733192202055,191.43393050376596,8.007772621279855,3.794733192202055
DE-LU,evaluation,ridge_alpha_0.1,2024-09-16,24,121.76252829479182,37.94733192202055,83.81519637277127,18.774967667961846,3.794733192202055
DE-LU,evaluation,ridge_alpha_0.1,2024-09-17,24,244.78476217233225,37.94733192202055,206.83743025031168,1.7595730324989063,3.794733192202055
DE-LU,evaluation,ridge_alpha_0.1,2024-09-18,24,315.09940667391265,37.94733192202055,277.1520747518921,8.592503739124481,3.794733192202055
DE-LU,evaluation,ridge_alpha_0.1,2024-09-19,24,320.65292688828487,37.94733192202055,282.7055949662643,6.389257810799222,3.794733192202055
DE-LU,evaluation,ridge_alpha_0.1,2024-09-20,24,300.9856888700926,37.94733192202055,263.0383569480721,12.032546059764798,3.794733192202055
DE-LU,evaluation,ridge_alpha_0.1,2024-09-21,24,235.86987667379793,37.46049894151541,198.4093777322825,38.0555393144854,3.7460498941515414
DE-LU,evaluation,ridge_alpha_0.1,2024-09-22,24,242.66851907469564,37.94733192202055,204.7211871526751,37.2699572849877,3.794733192202055
DE-LU,evaluation,ridge_alpha_0.1,2024-09-23,24,522.3993005875129,37.46049894151541,484.9388016459975,13.0852725076752,3.7460498941515414
DE-LU,evaluation,ridge_alpha_0.1,2024-09-24,24,194.4260463354326,37.94733192202055,156.47871441341204,2.509999999999991,3.794733192202055
DE-LU,evaluation,ridge_alpha_0.1,2024-09-25,24,292.4955014760579,37.94733192202055,254.54816955403732,37.293975671381475,3.794733192202055
DE-LU,evaluation,ridge_alpha_0.1,2024-09-26,24,206.79710738205216,37.94733192202055,168.8497754600316,0.7376427192574226,3.794733192202055
DE-LU,evaluation,ridge_alpha_0.1,2024-09-27,24,164.9520016525121,37.94733192202055,127.00466973049154,1.6606227198394663,3.794733192202055
DE-LU,evaluation,ridge_alpha_0.1,2024-09-28,24,135.44081566370278,37.94733192202055,97.49348374168221,16.395641970001435,3.794733192202055
DE-LU,evaluation,ridge_alpha_0.1,2024-09-29,24,402.40327281172415,37.94733192202055,364.45594088970364,2.4935761065228235,3.794733192202055
DE-LU,evaluation,ridge_alpha_0.1,2024-09-30,24,272.8260551843583,37.94733192202055,234.87872326233773,5.099215076536922,3.794733192202055
DE-LU,evaluation,ridge_alpha_0.1,2024-10-01,24,261.6135894184114,37.94733192202055,223.66625749639087,3.0575196141771244,3.794733192202055
DE-LU,evaluation,ridge_alpha_0.1,2024-10-02,24,131.43133942050733,37.94733192202055,93.48400749848676,7.568016718582982,3.794733192202055
DE-LU,evaluation,ridge_alpha_0.1,2024-10-03,24,117.21471572535089,37.94733192202055,79.26738380333033,14.554632635392991,3.794733192202055
DE-LU,evaluation,ridge_alpha_0.1,2024-10-04,24,193.67042232191642,37.94733192202055,155.72309039989594,0.6813024571953861,3.794733192202055
DE-LU,evaluation,ridge_alpha_0.1,2024-10-05,24,238.2079123982197,37.94733192202055,200.26058047619912,2.8842945288002397,3.794733192202055
DE-LU,evaluation,ridge_alpha_0.1,2024-10-06,24,212.97252323558527,37.94733192202055,175.0251913135648,8.408311847578148,3.794733192202055
DE-LU,evaluation,ridge_alpha_0.1,2024-10-07,24,421.3336654802667,37.94733192202055,383.3863335582461,1.7807213462524487,3.794733192202055
DE-LU,evaluation,ridge_alpha_0.1,2024-10-08,24,198.29508027950715,37.94733192202055,160.3477483574866,16.069207429977013,3.794733192202055
DE-LU,evaluation,ridge_alpha_0.1,2024-10-09,24,168.507177143835,37.94733192202055,130.55984522181447,8.311821828037154,3.794733192202055
DE-LU,evaluation,ridge_alpha_0.1,2024-10-10,24,214.15000888742566,37.94733192202055,176.2026769654051,23.22814160401066,3.794733192202055
DE-LU,evaluation,ridge_alpha_0.1,2024-10-11,24,315.6169683106083,37.94733192202055,277.6696363885877,2.5186942437075004,3.794733192202055
DE-LU,evaluation,ridge_alpha_0.1,2024-10-12,24,135.88779802656498,37.94733192202055,97.94046610454443,41.97139233093283,3.794733192202055
DE-LU,evaluation,ridge_alpha_0.1,2024-10-13,24,71.99345487705212,37.94733192202055,34.04612295503155,30.241856915739604,3.794733192202055
DE-LU,evaluation,ridge_alpha_0.1,2024-10-14,24,452.95150728945976,37.94733192202055,415.0041753674392,17.72843345217086,3.794733192202055
DE-LU,evaluation,ridge_alpha_0.1,2024-10-15,24,275.2497613307776,37.94733192202055,237.302429408757,28.22548336458459,3.794733192202055
DE-LU,evaluation,ridge_alpha_0.1,2024-10-16,24,252.80579109372462,37.94733192202055,214.85845917170406,8.755842801784212,3.794733192202055
DE-LU,evaluation,ridge_alpha_0.1,2024-10-17,24,313.7766290238632,37.94733192202055,275.82929710184266,18.508058702601545,3.794733192202055
DE-LU,evaluation,ridge_alpha_0.1,2024-10-18,24,249.49782040850098,37.94733192202055,211.55048848648042,6.207777443238456,3.794733192202055
DE-LU,evaluation,ridge_alpha_0.1,2024-10-19,24,123.36510910563723,37.94733192202055,85.41777718361666,5.986909657854085,3.794733192202055
DE-LU,evaluation,ridge_alpha_0.1,2024-10-20,24,171.99243626657304,37.94733192202055,134.0451043445525,22.042765280904916,3.794733192202055
DE-LU,evaluation,ridge_alpha_0.1,2024-10-21,24,337.2603344200387,37.94733192202055,299.3130024980182,9.58879028276715,3.794733192202055
DE-LU,evaluation,ridge_alpha_0.1,2024-10-22,24,256.67755560612346,37.94733192202055,218.7302236841029,3.224741550505769,3.794733192202055
DE-LU,evaluation,ridge_alpha_0.1,2024-10-23,24,350.47324941992247,37.94733192202055,312.525917497902,12.124617021937866,3.794733192202055
DE-LU,evaluation,ridge_alpha_0.1,2024-10-24,24,203.14660442969577,37.94733192202055,165.1992725076752,16.433920904596533,3.794733192202055
DE-LU,evaluation,ridge_alpha_0.1,2024-10-25,24,284.68209773007175,37.94733192202055,246.7347658080512,4.279444829712077,3.794733192202055
DE-LU,evaluation,ridge_alpha_0.1,2024-10-26,24,166.14613105371336,37.94733192202055,128.19879913169285,9.993149139021796,3.794733192202055
DE-LU,evaluation,ridge_alpha_0.1,2024-10-27,25,124.58632062147954,37.94733192202055,86.638988699459,57.806598879867224,3.794733192202055
DE-LU,evaluation,ridge_alpha_0.1,2024-10-28,24,99.02163563636822,37.94733192202055,61.07430371434765,24.928409723747436,3.794733192202055
DE-LU,evaluation,ridge_alpha_0.1,2024-10-29,24,280.5086947343295,37.94733192202055,242.56136281230891,85.67902671113666,3.794733192202055
DE-LU,evaluation,ridge_alpha_0.1,2024-10-30,24,154.40174374645056,37.94733192202055,116.45441182443,33.589990179708764,3.794733192202055
DE-LU,evaluation,ridge_alpha_0.1,2024-10-31,24,135.1231159654289,37.94733192202055,97.17578404340833,3.396234700832963,3.794733192202055
DE-LU,evaluation,ridge_alpha_0.1,2024-11-01,24,134.087367048223,37.94733192202055,96.14003512620243,11.669677375075707,3.794733192202055
DE-LU,evaluation,ridge_alpha_0.1,2024-11-02,24,94.82613468943231,37.94733192202055,56.8788027674118,21.179836522937592,3.794733192202055
DE-LU,evaluation,ridge_alpha_0.1,2024-11-03,24,108.74513939375487,37.94733192202055,70.79780747173433,17.803385096019156,3.794733192202055
DE-LU,evaluation,ridge_alpha_0.1,2024-11-04,24,375.17122194225556,37.94733192202055,337.2238900202351,0.04543774484710639,3.794733192202055
DE-LU,evaluation,ridge_alpha_0.1,2024-11-05,24,784.6324395755487,37.94733192202055,746.6851076535281,1.9292812026006914,3.794733192202055
DE-LU,evaluation,ridge_alpha_0.1,2024-11-06,24,1577.7590312708567,37.94733192202055,1539.811699348836,1.7577011602613766,3.794733192202055
DE-LU,evaluation,ridge_alpha_0.1,2024-11-07,24,572.7103209640283,37.94733192202055,534.7629890420078,0.3270035424324078,3.794733192202055
DE-LU,evaluation,ridge_alpha_0.1,2024-11-08,24,53.39185766598338,37.94733192202055,15.444525743962842,7.19157573545921,3.794733192202055
DE-LU,evaluation,ridge_alpha_0.1,2024-11-09,24,47.153125785720135,37.94733192202055,9.205793863699597,33.19432376855221,3.794733192202055
DE-LU,evaluation,ridge_alpha_0.1,2024-11-10,24,24.978023316777154,37.94733192202055,-12.969308605243356,53.934681724514206,3.794733192202055
DE-LU,evaluation,ridge_alpha_0.1,2024-11-11,24,57.720492381821145,37.94733192202055,19.773160459800636,32.198763668868565,3.794733192202055
DE-LU,evaluation,ridge_alpha_0.1,2024-11-12,24,317.8224293702569,37.94733192202055,279.8750974482363,81.83504151758581,3.794733192202055
DE-LU,evaluation,ridge_alpha_0.1,2024-11-13,24,119.15548498057234,37.94733192202055,81.20815305855177,103.51555245312377,3.794733192202055
DE-LU,evaluation,ridge_alpha_0.1,2024-11-14,24,41.173107155003265,37.94733192202055,3.2257752329826985,56.45884658853987,3.794733192202055
DE-LU,evaluation,ridge_alpha_0.1,2024-11-15,24,78.46637280091113,37.94733192202055,40.519040878890564,20.43340007176711,3.794733192202055
DE-LU,evaluation,ridge_alpha_0.1,2024-11-16,24,54.80195224305544,37.94733192202055,16.854620321034872,38.14219185502196,3.794733192202055
DE-LU,evaluation,ridge_alpha_0.1,2024-11-17,24,54.1771248104032,37.94733192202055,16.22979288838269,70.00918336493163,3.794733192202055
DE-LU,evaluation,ridge_alpha_0.1,2024-11-18,24,161.6978038360154,37.94733192202055,123.75047191399483,31.466419209392427,3.794733192202055
DE-LU,evaluation,ridge_alpha_0.1,2024-11-19,24,52.510769591843314,37.94733192202055,14.563437669822747,71.83822094472511,3.794733192202055
DE-LU,evaluation,ridge_alpha_0.1,2024-11-20,24,129.4920293532764,37.94733192202055,91.54469743125588,7.188373212557394,3.794733192202055
DE-LU,evaluation,ridge_alpha_0.1,2024-11-21,24,100.11346366926898,28.973665961010276,71.1397977082587,46.34457906696899,2.8973665961010275
DE-LU,evaluation,ridge_alpha_0.1,2024-11-22,24,127.70295106290325,36.973665961010276,90.72928510189297,18.168582647954906,3.6973665961010274
DE-LU,evaluation,ridge_alpha_0.1,2024-11-23,24,87.34100714162705,36.973665961010276,50.36734118061676,30.577469063014888,3.6973665961010274
DE-LU,evaluation,ridge_alpha_0.1,2024-11-24,24,33.22259361286189,47.43416490252569,-14.2115712896638,25.209775027159623,4.743416490252569
DE-LU,evaluation,ridge_alpha_0.1,2024-11-25,24,174.03306835041667,28.973665961010276,145.0594023894064,30.03738830895844,2.8973665961010275
DE-LU,evaluation,ridge_alpha_0.1,2024-11-26,24,141.084213839569,28.973665961010276,112.11054787855872,9.554433736035378,2.8973665961010275
DE-LU,evaluation,ridge_alpha_0.1,2024-11-27,24,64.50613719978563,28.973665961010276,35.532471238775344,115.00993725003329,2.8973665961010275
DE-LU,evaluation,ridge_alpha_0.1,2024-11-28,24,138.9653571144073,37.94733192202055,101.01802519238674,27.007228178650934,3.794733192202055
DE-LU,evaluation,ridge_alpha_0.1,2024-11-29,24,125.04708567533561,36.973665961010276,88.07341971432533,16.654673560900093,3.6973665961010274
DE-LU,evaluation,ridge_alpha_0.1,2024-11-30,24,51.14170423428533,37.94733192202055,13.194372312264818,25.63865646719519,3.794733192202055
DE-LU,evaluation,ridge_alpha_0.1,2024-12-01,24,48.72267066533277,37.94733192202055,10.775338743312204,24.98813401421299,3.794733192202055
DE-LU,evaluation,ridge_alpha_0.1,2024-12-02,24,107.82611396406674,28.973665961010276,78.85244800305645,32.83354766873077,2.8973665961010275
DE-LU,evaluation,ridge_alpha_0.1,2024-12-03,24,145.83829543106833,36.973665961010276,108.86462947005805,29.35988173102885,3.6973665961010274
DE-LU,evaluation,ridge_alpha_0.1,2024-12-04,24,314.17986205183934,28.973665961010276,285.20619609082905,56.909403636519926,2.8973665961010275
DE-LU,evaluation,ridge_alpha_0.1,2024-12-05,24,79.33786016416184,28.973665961010276,50.364194203151555,44.982883525526574,2.8973665961010275
DE-LU,evaluation,ridge_alpha_0.1,2024-12-06,24,157.73697659191188,37.94733192202055,119.78964466989132,29.549669485180544,3.794733192202055
DE-LU,evaluation,ridge_alpha_0.1,2024-12-07,24,2.8812232117430767,37.94733192202055,-35.06610871027749,104.25288218216295,3.794733192202055
DE-LU,evaluation,ridge_alpha_0.1,2024-12-08,24,-9.010781999487932,37.94733192202055,-46.9581139215085,87.25658283650371,3.794733192202055
DE-LU,evaluation,ridge_alpha_0.1,2024-12-09,24,64.68849598101588,28.973665961010276,35.71483002000559,76.86827132554733,2.8973665961010275
DE-LU,evaluation,ridge_alpha_0.1,2024-12-10,24,133.18368458964454,28.973665961010276,104.21001862863426,41.62062793512882,2.8973665961010275
DE-LU,evaluation,ridge_alpha_0.1,2024-12-11,24,522.7655976873266,28.973665961010276,493.7919317263163,69.19575883478842,2.8973665961010275
DE-LU,evaluation,ridge_alpha_0.1,2024-12-12,24,1599.9554586845525,27.973665961010276,1571.9817927235417,170.46006845379566,2.7973665961010274
DE-LU,evaluation,ridge_alpha_0.1,2024-12-13,24,263.5728651096837,18.973665961010276,244.59919914867336,113.53754270785694,1.8973665961010275
DE-LU,evaluation,ridge_alpha_0.1,2024-12-14,24,50.81100076850612,47.434164902525694,3.3768358659804107,43.878079030471326,4.743416490252569
DE-LU,evaluation,ridge_alpha_0.1,2024-12-15,24,35.55487672660874,47.434164902525694,-11.879288175916969,78.53131932780288,4.743416490252569
DE-LU,evaluation,ridge_alpha_0.1,2024-12-16,24,93.73311257205742,46.46049894151541,47.272613630542,73.30415731174018,4.646049894151541
DE-LU,evaluation,ridge_alpha_0.1,2024-12-17,24,132.9028186434523,46.46049894151541,86.44231970193687,36.23212025612952,4.646049894151542
DE-LU,evaluation,ridge_alpha_0.1,2024-12-18,24,53.39993170020469,37.94733192202055,15.452599778184123,68.71316480923913,3.794733192202055
DE-LU,evaluation,ridge_alpha_0.1,2024-12-19,24,66.99140621981493,37.94733192202055,29.044074297794424,65.46794247853865,3.794733192202055
DE-LU,evaluation,ridge_alpha_0.1,2024-12-20,24,166.1214140549236,46.46049894151541,119.66091511340818,10.685246060111979,4.646049894151542
DE-LU,evaluation,ridge_alpha_0.1,2024-12-21,24,18.734124341994757,37.94733192202055,-19.21320758002581,39.38847633746984,3.794733192202055
DE-LU,evaluation,ridge_alpha_0.1,2024-12-22,24,55.99244061403584,27.486832980505135,28.50560763353069,48.19974760526709,2.748683298050514
DE-LU,evaluation,ridge_alpha_0.1,2024-12-23,24,76.56965306669504,18.973665961010276,57.595987105684756,33.40719787128326,1.8973665961010275
DE-LU,evaluation,ridge_alpha_0.1,2024-12-24,24,39.23319918322204,18.973665961010276,20.259533222211758,12.209049650816269,1.8973665961010275
DE-LU,evaluation,ridge_alpha_0.1,2024-12-25,24,37.971474687921216,26.999999999999993,10.971474687921216,13.525271006199816,2.6999999999999997
DE-LU,evaluation,ridge_alpha_0.1,2024-12-26,24,35.51111263189003,10.0,25.511112631890043,1.4123933569780434,1.0
DE-LU,evaluation,ridge_alpha_0.1,2024-12-27,24,39.0349333690033,9.486832980505138,29.548100388498156,22.58009971327867,0.9486832980505138
DE-LU,evaluation,ridge_alpha_0.1,2024-12-28,24,35.5403780486665,9.486832980505138,26.053545068161355,9.213521676359704,0.9486832980505138
DE-LU,evaluation,ridge_alpha_0.1,2024-12-29,24,54.78814968245459,18.486832980505135,36.301316701949446,8.977517459695747,1.8486832980505137
DE-LU,evaluation,ridge_alpha_0.1,2024-12-30,24,87.28261870998641,18.486832980505135,68.79578572948127,4.370691882415159,1.8486832980505137
DE-LU,evaluation,ridge_alpha_0.1,2024-12-31,24,80.44610706072888,18.486832980505135,61.959274080223764,27.990064515015405,1.8486832980505137
DE-LU,evaluation,rf_depth_6_leaf_5,2024-09-01,24,262.7225538582423,38.46049894151541,224.26205491672687,26.932222222222236,3.846049894151541
DE-LU,evaluation,rf_depth_6_leaf_5,2024-09-02,24,298.52401057646216,37.94733192202055,260.5766786544416,20.285084886591676,3.794733192202055
DE-LU,evaluation,rf_depth_6_leaf_5,2024-09-03,24,983.2223306096007,37.94733192202055,945.2749986875804,16.897885437820605,3.794733192202055
DE-LU,evaluation,rf_depth_6_leaf_5,2024-09-04,24,402.3038111114047,37.94733192202055,364.3564791893841,9.139999999999986,3.794733192202055
DE-LU,evaluation,rf_depth_6_leaf_5,2024-09-05,24,271.0301068020949,37.94733192202055,233.08277488007434,11.073530560822007,3.794733192202055
DE-LU,evaluation,rf_depth_6_leaf_5,2024-09-06,24,289.9965391308758,37.94733192202055,252.04920720885525,10.190181882706156,3.794733192202055
DE-LU,evaluation,rf_depth_6_leaf_5,2024-09-07,24,250.81798012414524,28.973665961010276,221.84431416313495,22.49489340159218,2.8973665961010275
DE-LU,evaluation,rf_depth_6_leaf_5,2024-09-08,24,143.9784913161812,47.434164902525694,96.54432641365548,100.82928615124652,4.743416490252569
DE-LU,evaluation,rf_depth_6_leaf_5,2024-09-09,24,144.68457987600414,37.94733192202055,106.73724795398356,16.488673064137316,3.794733192202055
DE-LU,evaluation,rf_depth_6_leaf_5,2024-09-10,24,266.683137972243,37.94733192202055,228.73580605022246,3.155104455113417,3.794733192202055
DE-LU,evaluation,rf_depth_6_leaf_5,2024-09-11,24,153.3114665749286,37.94733192202055,115.36413465290804,36.53312683408589,3.794733192202055
DE-LU,evaluation,rf_depth_6_leaf_5,2024-09-12,24,428.5874884701939,37.94733192202055,390.6401565481733,1.8854731691715187,3.794733192202055
DE-LU,evaluation,rf_depth_6_leaf_5,2024-09-13,24,114.9113244255094,37.94733192202055,76.96399250348884,9.824859820464752,3.794733192202055
DE-LU,evaluation,rf_depth_6_leaf_5,2024-09-14,24,227.97483377122467,37.94733192202055,190.0275018492041,4.645071767203348,3.794733192202055
DE-LU,evaluation,rf_depth_6_leaf_5,2024-09-15,24,235.07148852399263,47.434164902525694,187.63732362146692,11.8043795035789,4.743416490252569
DE-LU,evaluation,rf_depth_6_leaf_5,2024-09-16,24,122.47856394418926,37.94733192202055,84.5312320221687,18.05893201856442,3.794733192202055
DE-LU,evaluation,rf_depth_6_leaf_5,2024-09-17,24,242.59969700332312,37.94733192202055,204.65236508130258,3.9446382015080133,3.794733192202055
DE-LU,evaluation,rf_depth_6_leaf_5,2024-09-18,24,312.87020914122695,37.94733192202055,274.92287721920644,10.821701271810127,3.794733192202055
DE-LU,evaluation,rf_depth_6_leaf_5,2024-09-19,24,308.734942708551,37.94733192202055,270.7876107865304,18.3072419905331,3.794733192202055
DE-LU,evaluation,rf_depth_6_leaf_5,2024-09-20,24,307.27605447261453,37.94733192202055,269.32872255059397,5.74218045724291,3.794733192202055
DE-LU,evaluation,rf_depth_6_leaf_5,2024-09-21,24,235.86987667379793,37.46049894151541,198.4093777322825,38.0555393144854,3.7460498941515414
DE-LU,evaluation,rf_depth_6_leaf_5,2024-09-22,24,243.23681156056315,47.434164902525694,195.80264665803747,46.18849777962532,4.743416490252569
DE-LU,evaluation,rf_depth_6_leaf_5,2024-09-23,24,479.2294983270095,37.94733192202055,441.2821664049889,56.741907748683786,3.794733192202055
DE-LU,evaluation,rf_depth_6_leaf_5,2024-09-24,24,151.84717748045693,37.94733192202055,113.89984555843637,45.08886885497566,3.794733192202055
DE-LU,evaluation,rf_depth_6_leaf_5,2024-09-25,24,272.61301595402836,37.94733192202055,234.66568403200782,57.17646119341097,3.794733192202055
DE-LU,evaluation,rf_depth_6_leaf_5,2024-09-26,24,168.66085843646513,37.94733192202055,130.71352651444457,38.87389166484445,3.794733192202055
DE-LU,evaluation,rf_depth_6_leaf_5,2024-09-27,24,158.19337533347797,37.94733192202055,120.24604341145742,8.419249038873588,3.794733192202055
DE-LU,evaluation,rf_depth_6_leaf_5,2024-09-28,24,127.73780608674682,37.94733192202055,89.79047416472625,24.0986515469574,3.794733192202055
DE-LU,evaluation,rf_depth_6_leaf_5,2024-09-29,24,358.3474731994481,28.973665961010276,329.3738072384378,37.57570975778867,2.8973665961010275
DE-LU,evaluation,rf_depth_6_leaf_5,2024-09-30,24,271.43187716244427,37.94733192202055,233.48454524042367,6.49339309845098,3.794733192202055
DE-LU,evaluation,rf_depth_6_leaf_5,2024-10-01,24,263.4274825452435,37.94733192202055,225.48015062322295,1.2436264873450398,3.794733192202055
DE-LU,evaluation,rf_depth_6_leaf_5,2024-10-02,24,125.59817933582858,37.94733192202055,87.65084741380801,13.401176803261734,3.794733192202055
DE-LU,evaluation,rf_depth_6_leaf_5,2024-10-03,24,121.11569748801807,37.94733192202055,83.16836556599753,10.653650872725791,3.794733192202055
DE-LU,evaluation,rf_depth_6_leaf_5,2024-10-04,24,191.788272864535,37.94733192202055,153.84094094251446,2.5634519145768593,3.794733192202055
DE-LU,evaluation,rf_depth_6_leaf_5,2024-10-05,24,218.614032390776,37.46049894151541,181.15353344926058,21.991341555738785,3.7460498941515414
DE-LU,evaluation,rf_depth_6_leaf_5,2024-10-06,24,197.86467597281387,28.460498941515414,169.40417703129847,14.029326129844463,2.846049894151541
DE-LU,evaluation,rf_depth_6_leaf_5,2024-10-07,24,419.9380776028186,37.94733192202055,381.99074568079806,3.176309223700514,3.794733192202055
DE-LU,evaluation,rf_depth_6_leaf_5,2024-10-08,24,202.72715594501477,47.43416490252569,155.29299104248906,21.123964744974558,4.743416490252569
DE-LU,evaluation,rf_depth_6_leaf_5,2024-10-09,24,140.2876946968173,47.43416490252569,92.8535297942916,46.01813725556002,4.743416490252569
DE-LU,evaluation,rf_depth_6_leaf_5,2024-10-10,24,237.69302875604487,47.43416490252569,190.25886385351922,9.171954715896533,4.743416490252569
DE-LU,evaluation,rf_depth_6_leaf_5,2024-10-11,24,316.35297033429094,47.43416490252569,268.91880543176524,11.269525200529984,4.743416490252569
DE-LU,evaluation,rf_depth_6_leaf_5,2024-10-12,24,142.04918522129117,47.43416490252569,94.61502031876547,45.29683811671178,4.743416490252569
DE-LU,evaluation,rf_depth_6_leaf_5,2024-10-13,24,70.47346001325873,46.46049894151541,24.0129610717433,40.27501879902785,4.646049894151542
DE-LU,evaluation,rf_depth_6_leaf_5,2024-10-14,24,426.20346534196557,37.94733192202055,388.25613341994506,44.47647539966499,3.794733192202055
DE-LU,evaluation,rf_depth_6_leaf_5,2024-10-15,24,274.9123921665732,47.43416490252569,227.47822726404752,38.04968550929408,4.743416490252569
DE-LU,evaluation,rf_depth_6_leaf_5,2024-10-16,24,269.26931020198106,46.46049894151541,222.80881126046563,0.8054907130226354,4.646049894151542
DE-LU,evaluation,rf_depth_6_leaf_5,2024-10-17,24,312.8672970653183,37.94733192202055,274.91996514329776,19.41739066114644,3.794733192202055
DE-LU,evaluation,rf_depth_6_leaf_5,2024-10-18,24,243.17355255134953,46.46049894151541,196.7130536098341,21.04521231988477,4.646049894151541
DE-LU,evaluation,rf_depth_6_leaf_5,2024-10-19,24,115.99717017051887,28.460498941515414,87.53667122900345,3.8680156124673033,2.846049894151541
DE-LU,evaluation,rf_depth_6_leaf_5,2024-10-20,24,158.3062965179341,28.460498941515414,129.8457975764187,26.24207204903871,2.846049894151541
DE-LU,evaluation,rf_depth_6_leaf_5,2024-10-21,24,338.83245609965576,46.46049894151541,292.3719571581404,16.529835622644953,4.646049894151542
DE-LU,evaluation,rf_depth_6_leaf_5,2024-10-22,24,259.90229715662923,37.94733192202055,221.95496523460866,0.0,3.794733192202055
DE-LU,evaluation,rf_depth_6_leaf_5,2024-10-23,24,356.40381845984274,37.94733192202055,318.45648653782223,6.194047982017651,3.794733192202055
DE-LU,evaluation,rf_depth_6_leaf_5,2024-10-24,24,205.48289610954515,37.94733192202055,167.53556418752459,14.097629224747152,3.794733192202055
DE-LU,evaluation,rf_depth_6_leaf_5,2024-10-25,24,284.94066013527345,37.94733192202055,246.99332821325288,4.020882424510404,3.794733192202055
DE-LU,evaluation,rf_depth_6_leaf_5,2024-10-26,24,165.5927642325392,37.94733192202055,127.6454323105187,10.546515960195947,3.794733192202055
DE-LU,evaluation,rf_depth_6_leaf_5,2024-10-27,25,136.49309512248067,37.94733192202055,98.54576320046009,45.89982437886614,3.794733192202055
DE-LU,evaluation,rf_depth_6_leaf_5,2024-10-28,24,96.48862493404656,37.94733192202055,58.54129301202599,27.461420426069097,3.794733192202055
DE-LU,evaluation,rf_depth_6_leaf_5,2024-10-29,24,281.6986947343295,37.94733192202055,243.7513628123089,84.48902671113666,3.794733192202055
DE-LU,evaluation,rf_depth_6_leaf_5,2024-10-30,24,156.77597143744308,37.94733192202055,118.82863951542251,31.21576248871625,3.794733192202055
DE-LU,evaluation,rf_depth_6_leaf_5,2024-10-31,24,136.57311596542894,37.94733192202055,98.62578404340834,1.946234700832946,3.794733192202055
DE-LU,evaluation,rf_depth_6_leaf_5,2024-11-01,24,136.398890111546,37.94733192202055,98.45155818952543,9.358154311752713,3.794733192202055
DE-LU,evaluation,rf_depth_6_leaf_5,2024-11-02,24,94.93389976352626,37.94733192202055,56.98656784150569,21.0720714488437,3.794733192202055
DE-LU,evaluation,rf_depth_6_leaf_5,2024-11-03,24,109.85797981499675,46.46049894151541,63.397480873481356,25.20371169427213,4.646049894151541
DE-LU,evaluation,rf_depth_6_leaf_5,2024-11-04,24,375.17122194225556,37.94733192202055,337.2238900202351,0.04543774484710639,3.794733192202055
DE-LU,evaluation,rf_depth_6_leaf_5,2024-11-05,24,784.6324395755487,37.94733192202055,746.6851076535281,1.9292812026006914,3.794733192202055
DE-LU,evaluation,rf_depth_6_leaf_5,2024-11-06,24,1578.0316577399396,37.94733192202055,1540.084325817919,1.4850746911783972,3.794733192202055
DE-LU,evaluation,rf_depth_6_leaf_5,2024-11-07,24,570.8541359322738,37.94733192202055,532.9068040102533,2.183188574186943,3.794733192202055
DE-LU,evaluation,rf_depth_6_leaf_5,2024-11-08,24,44.26243255385397,37.94733192202055,6.315100631833388,16.321000847588664,3.794733192202055
DE-LU,evaluation,rf_depth_6_leaf_5,2024-11-09,24,48.580029614873894,37.94733192202055,10.632697692853327,31.76741993939848,3.794733192202055
DE-LU,evaluation,rf_depth_6_leaf_5,2024-11-10,24,22.487207730074516,37.94733192202055,-15.46012419194605,56.4254973112169,3.794733192202055
DE-LU,evaluation,rf_depth_6_leaf_5,2024-11-11,24,58.40916252198326,37.94733192202055,20.461830599962724,31.510093528706477,3.794733192202055
DE-LU,evaluation,rf_depth_6_leaf_5,2024-11-12,24,211.19316492276351,37.94733192202055,173.24583300074295,188.46430596507918,3.794733192202055
DE-LU,evaluation,rf_depth_6_leaf_5,2024-11-13,24,106.59632796991752,37.94733192202055,68.64899604789696,116.07470946377859,3.794733192202055
DE-LU,evaluation,rf_depth_6_leaf_5,2024-11-14,24,57.88439443874415,28.973665961010276,28.91072847773387,30.7738933437887,2.8973665961010275
DE-LU,evaluation,rf_depth_6_leaf_5,2024-11-15,24,72.04034592343933,28.460498941515414,43.57984698192391,17.372593968733767,2.846049894151541
DE-LU,evaluation,rf_depth_6_leaf_5,2024-11-16,24,55.693667798119776,18.973665961010276,36.72000183710952,18.276810338947314,1.8973665961010275
DE-LU,evaluation,rf_depth_6_leaf_5,2024-11-17,24,54.300113582910896,18.973665961010276,35.32644762190061,50.91252863141371,1.8973665961010275
DE-LU,evaluation,rf_depth_6_leaf_5,2024-11-18,24,117.27457252756611,28.460498941515414,88.81407358605068,66.40281753733657,2.846049894151541
DE-LU,evaluation,rf_depth_6_leaf_5,2024-11-19,24,72.15051322476953,18.973665961010276,53.17684726375924,33.22481135078861,1.8973665961010275
DE-LU,evaluation,rf_depth_6_leaf_5,2024-11-20,24,92.40220570639192,27.973665961010276,64.42853974538164,34.304530898431636,2.7973665961010274
DE-LU,evaluation,rf_depth_6_leaf_5,2024-11-21,24,51.30235255815789,18.973665961010276,32.32868659714761,85.15569017808008,1.8973665961010275
DE-LU,evaluation,rf_depth_6_leaf_5,2024-11-22,24,130.87519839645392,36.973665961010276,93.90153243544364,14.996335314404234,3.6973665961010274
DE-LU,evaluation,rf_depth_6_leaf_5,2024-11-23,24,87.82405364339496,36.973665961010276,50.85038768238468,30.094422561246972,3.6973665961010274
DE-LU,evaluation,rf_depth_6_leaf_5,2024-11-24,24,33.58351730964697,47.434164902525694,-13.850647592878714,24.848851330374536,4.743416490252569
DE-LU,evaluation,rf_depth_6_leaf_5,2024-11-25,24,192.42875476811986,45.486832980505135,146.94192178761472,28.15486891075011,4.548683298050513
DE-LU,evaluation,rf_depth_6_leaf_5,2024-11-26,24,135.68496946854697,36.486832980505135,99.19813648804188,22.466845126552215,3.6486832980505133
DE-LU,evaluation,rf_depth_6_leaf_5,2024-11-27,24,40.93613719978564,18.973665961010276,21.96247123877537,128.57993725003325,1.8973665961010275
DE-LU,evaluation,rf_depth_6_leaf_5,2024-11-28,24,113.44649384479663,37.46049894151541,75.98599490328121,52.03925846775647,3.7460498941515414
DE-LU,evaluation,rf_depth_6_leaf_5,2024-11-29,24,96.27731705880916,27.973665961010276,68.30365109779888,36.42444217742654,2.7973665961010274
DE-LU,evaluation,rf_depth_6_leaf_5,2024-11-30,24,58.892662169155074,28.973665961010276,29.91899620814482,8.91403257131519,2.8973665961010275
DE-LU,evaluation,rf_depth_6_leaf_5,2024-12-01,24,43.62967634091399,28.973665961010276,14.656010379903705,21.107462377621488,2.8973665961010275
DE-LU,evaluation,rf_depth_6_leaf_5,2024-12-02,24,106.98389290779286,28.973665961010276,78.01022694678258,33.675768725004644,2.8973665961010275
DE-LU,evaluation,rf_depth_6_leaf_5,2024-12-03,24,146.54459526641523,28.973665961010276,117.57092930540495,20.653581895681953,2.8973665961010275
DE-LU,evaluation,rf_depth_6_leaf_5,2024-12-04,24,273.99438063700774,18.486832980505135,255.5075476565026,86.60805207084638,1.8486832980505137
DE-LU,evaluation,rf_depth_6_leaf_5,2024-12-05,24,52.15452683082855,18.973665961010276,33.18086086981827,62.16621685885986,1.8973665961010275
DE-LU,evaluation,rf_depth_6_leaf_5,2024-12-06,24,162.79157056064565,46.46049894151541,116.33107161913023,33.00824253594163,4.646049894151542
DE-LU,evaluation,rf_depth_6_leaf_5,2024-12-07,24,-45.76084580177169,27.973665961010276,-73.73451176278196,142.92128523466744,2.7973665961010274
DE-LU,evaluation,rf_depth_6_leaf_5,2024-12-08,24,6.35609114717613,47.434164902525694,-41.07807375534958,81.37654267034479,4.743416490252569
DE-LU,evaluation,rf_depth_6_leaf_5,2024-12-09,24,82.36959173824022,46.46049894151541,35.90909279672479,76.67400854882813,4.646049894151542
DE-LU,evaluation,rf_depth_6_leaf_5,2024-12-10,24,89.87705956735749,46.46049894151541,43.416560625842095,102.41408593792099,4.646049894151542
DE-LU,evaluation,rf_depth_6_leaf_5,2024-12-11,24,394.7479458778371,37.46049894151541,357.28744693632166,205.70024362478307,3.746049894151541
DE-LU,evaluation,rf_depth_6_leaf_5,2024-12-12,24,1015.4077248314418,28.460498941515414,986.9472258899264,755.494635287411,2.846049894151541
DE-LU,evaluation,rf_depth_6_leaf_5,2024-12-13,24,264.7125824075831,28.460498941515414,236.2520834660677,121.88465839046262,2.846049894151541
DE-LU,evaluation,rf_depth_6_leaf_5,2024-12-14,24,10.090829081212945,28.460498941515414,-18.36966986030248,65.62458475675422,2.846049894151541
DE-LU,evaluation,rf_depth_6_leaf_5,2024-12-15,24,17.989653028194994,47.434164902525694,-29.444511874330672,96.09654302621658,4.743416490252569
DE-LU,evaluation,rf_depth_6_leaf_5,2024-12-16,24,115.6280511330417,18.973665961010276,96.65438517203141,23.92238577025077,1.8973665961010275
DE-LU,evaluation,rf_depth_6_leaf_5,2024-12-17,24,105.04441474840529,18.486832980505135,86.55758176790015,36.11685819016624,1.8486832980505137
DE-LU,evaluation,rf_depth_6_leaf_5,2024-12-18,24,52.83638303482435,18.973665961010276,33.86271707381408,50.30304751360917,1.8973665961010275
DE-LU,evaluation,rf_depth_6_leaf_5,2024-12-19,24,107.70971904271019,27.486832980505135,80.22288606220505,14.28913071412802,2.748683298050514
DE-LU,evaluation,rf_depth_6_leaf_5,2024-12-20,24,103.60521684059772,28.460498941515414,75.1447178990823,55.201443274437864,2.846049894151541
DE-LU,evaluation,rf_depth_6_leaf_5,2024-12-21,24,28.229814956070683,28.973665961010276,-0.7438510049396001,20.91911976238363,2.8973665961010275
DE-LU,evaluation,rf_depth_6_leaf_5,2024-12-22,24,73.60193541292375,27.486832980505135,46.11510243241862,30.590252806379162,2.748683298050514
DE-LU,evaluation,rf_depth_6_leaf_5,2024-12-23,24,21.5796151300418,18.486832980505135,3.09278214953666,87.91040282743135,1.8486832980505137
DE-LU,evaluation,rf_depth_6_leaf_5,2024-12-24,24,38.7988359795047,18.973665961010276,19.82517001849442,12.643412854533608,1.8973665961010275
DE-LU,evaluation,rf_depth_6_leaf_5,2024-12-25,24,20.940907315811785,18.486832980505135,2.454074335306643,22.04267135881439,1.8486832980505137
DE-LU,evaluation,rf_depth_6_leaf_5,2024-12-26,24,24.211112631890046,10.0,14.211112631890046,12.71239335697804,1.0
DE-LU,evaluation,rf_depth_6_leaf_5,2024-12-27,24,65.32489794467895,18.486832980505135,46.83806496417381,5.290135137603016,1.8486832980505137
DE-LU,evaluation,rf_depth_6_leaf_5,2024-12-28,24,46.75270575303517,18.973665961010276,27.77903979202489,7.4880269524961705,1.8973665961010275
DE-LU,evaluation,rf_depth_6_leaf_5,2024-12-29,24,-11.953040653817467,9.486832980505138,-21.43987363432261,66.7187077959678,0.9486832980505138
DE-LU,evaluation,rf_depth_6_leaf_5,2024-12-30,24,75.6627085452238,27.973665961010276,47.68904258421351,25.477435027682915,2.7973665961010274
DE-LU,evaluation,rf_depth_6_leaf_5,2024-12-31,24,67.83834927732296,27.973665961010276,39.86468331631268,50.08465527892649,2.7973665961010274
DE-LU,evaluation,rf_depth_12_leaf_20,2024-09-01,24,263.0010892359233,38.46049894151541,224.54059029440785,26.653686844541255,3.846049894151541
DE-LU,evaluation,rf_depth_12_leaf_20,2024-09-02,24,297.2501598087705,37.94733192202055,259.3028278867499,21.558935654283346,3.794733192202055
DE-LU,evaluation,rf_depth_12_leaf_20,2024-09-03,24,983.0200244599241,37.94733192202055,945.0726925379038,17.100191587497193,3.794733192202055
DE-LU,evaluation,rf_depth_12_leaf_20,2024-09-04,24,397.93549139614487,37.94733192202055,359.9881594741243,13.508319715259802,3.794733192202055
DE-LU,evaluation,rf_depth_12_leaf_20,2024-09-05,24,271.0301068020949,37.94733192202055,233.08277488007434,11.073530560822007,3.794733192202055
DE-LU,evaluation,rf_depth_12_leaf_20,2024-09-06,24,290.13934347182396,37.94733192202055,252.19201154980342,10.047377541757982,3.794733192202055
DE-LU,evaluation,rf_depth_12_leaf_20,2024-09-07,24,250.583063666332,28.973665961010276,221.60939770532173,22.729809859405407,2.8973665961010275
DE-LU,evaluation,rf_depth_12_leaf_20,2024-09-08,24,196.63675975427773,46.46049894151541,150.1762608127623,47.197351752139696,4.646049894151542
DE-LU,evaluation,rf_depth_12_leaf_20,2024-09-09,24,144.68457987600414,37.94733192202055,106.73724795398356,16.488673064137316,3.794733192202055
DE-LU,evaluation,rf_depth_12_leaf_20,2024-09-10,24,254.84921706764655,37.94733192202055,216.901885145626,14.98902535970987,3.794733192202055
DE-LU,evaluation,rf_depth_12_leaf_20,2024-09-11,24,154.02548827966947,37.94733192202055,116.07815635764891,35.81910512934502,3.794733192202055
DE-LU,evaluation,rf_depth_12_leaf_20,2024-09-12,24,425.2399366922896,37.94733192202055,387.292604770269,5.233024947075819,3.794733192202055
DE-LU,evaluation,rf_depth_12_leaf_20,2024-09-13,24,113.08737686851424,37.94733192202055,75.14004494649369,11.648807377459903,3.794733192202055
DE-LU,evaluation,rf_depth_12_leaf_20,2024-09-14,24,210.63635027485347,37.94733192202055,172.6890183528329,21.983555263574544,3.794733192202055
DE-LU,evaluation,rf_depth_12_leaf_20,2024-09-15,24,235.08014333253493,47.434164902525694,187.64597843000925,11.795724695036569,4.743416490252569
DE-LU,evaluation,rf_depth_12_leaf_20,2024-09-16,24,121.93955192992875,37.94733192202055,83.9922200079082,18.597944032824913,3.794733192202055
DE-LU,evaluation,rf_depth_12_leaf_20,2024-09-17,24,244.4173345863739,37.94733192202055,206.47000266435336,2.127000618457231,3.794733192202055
DE-LU,evaluation,rf_depth_12_leaf_20,2024-09-18,24,315.09940667391265,37.94733192202055,277.1520747518921,8.592503739124481,3.794733192202055
DE-LU,evaluation,rf_depth_12_leaf_20,2024-09-19,24,318.50841542757615,37.94733192202055,280.5610835055556,8.533769271507936,3.794733192202055
DE-LU,evaluation,rf_depth_12_leaf_20,2024-09-20,24,311.51520998278164,37.94733192202055,273.56787806076113,1.503024947075744,3.794733192202055
DE-LU,evaluation,rf_depth_12_leaf_20,2024-09-21,24,227.6371208562711,28.973665961010276,198.66345489526088,37.801462151507025,2.8973665961010275
DE-LU,evaluation,rf_depth_12_leaf_20,2024-09-22,24,249.55366609477255,46.94733192202055,202.60633417275199,39.38481026491081,4.6947331922020545
DE-LU,evaluation,rf_depth_12_leaf_20,2024-09-23,24,505.07068727829403,37.94733192202055,467.12335535627346,30.900718797399236,3.794733192202055
DE-LU,evaluation,rf_depth_12_leaf_20,2024-09-24,24,168.21705771297377,37.94733192202055,130.2697257909532,28.718988622458824,3.794733192202055
DE-LU,evaluation,rf_depth_12_leaf_20,2024-09-25,24,240.01114595740043,37.94733192202055,202.06381403537986,89.77833119003893,3.794733192202055
DE-LU,evaluation,rf_depth_12_leaf_20,2024-09-26,24,163.80576950053248,37.94733192202055,125.85843757851192,43.72898060077709,3.794733192202055
DE-LU,evaluation,rf_depth_12_leaf_20,2024-09-27,24,157.73854973793522,37.94733192202055,119.79121781591466,8.874074634416345,3.794733192202055
DE-LU,evaluation,rf_depth_12_leaf_20,2024-09-28,24,119.07874269709714,46.46049894151541,72.61824375558173,41.27088195610192,4.646049894151542
DE-LU,evaluation,rf_depth_12_leaf_20,2024-09-29,24,385.24361101160355,37.94733192202055,347.296279089583,19.653237906643483,3.794733192202055
DE-LU,evaluation,rf_depth_12_leaf_20,2024-09-30,24,266.7551369604017,37.94733192202055,228.80780503838116,11.17013330049349,3.794733192202055
DE-LU,evaluation,rf_depth_12_leaf_20,2024-10-01,24,261.5635894184114,37.94733192202055,223.61625749639092,3.107519614177079,3.794733192202055
DE-LU,evaluation,rf_depth_12_leaf_20,2024-10-02,24,107.30309115013972,37.94733192202055,69.35575922811921,31.69626498895053,3.794733192202055
DE-LU,evaluation,rf_depth_12_leaf_20,2024-10-03,24,123.8426937205125,37.94733192202055,85.89536179849193,7.926654640231391,3.794733192202055
DE-LU,evaluation,rf_depth_12_leaf_20,2024-10-04,24,188.10286360919602,37.94733192202055,150.1555316871755,6.248861169915813,3.794733192202055
DE-LU,evaluation,rf_depth_12_leaf_20,2024-10-05,24,216.78922010218264,37.46049894151541,179.3287211606672,23.816153844332177,3.746049894151541
DE-LU,evaluation,rf_depth_12_leaf_20,2024-10-06,24,196.8169389573319,46.46049894151541,150.35644001581647,33.07706314532646,4.646049894151542
DE-LU,evaluation,rf_depth_12_leaf_20,2024-10-07,24,419.9380776028186,37.94733192202055,381.99074568079806,3.176309223700514,3.794733192202055
DE-LU,evaluation,rf_depth_12_leaf_20,2024-10-08,24,202.72715594501477,47.43416490252569,155.29299104248906,21.123964744974558,4.743416490252569
DE-LU,evaluation,rf_depth_12_leaf_20,2024-10-09,24,139.80313937648057,47.43416490252569,92.36897447395486,46.50269257589676,4.743416490252569
DE-LU,evaluation,rf_depth_12_leaf_20,2024-10-10,24,222.86040997202193,47.43416490252569,175.42624506949622,24.00457349991953,4.743416490252569
DE-LU,evaluation,rf_depth_12_leaf_20,2024-10-11,24,307.59960756245766,47.434164902525694,260.16544265993195,20.022887972363264,4.743416490252569
DE-LU,evaluation,rf_depth_12_leaf_20,2024-10-12,24,146.4045590523058,47.43416490252569,98.97039414978012,40.94146428569714,4.743416490252569
DE-LU,evaluation,rf_depth_12_leaf_20,2024-10-13,24,70.48103297073324,47.43416490252569,23.046868068207548,41.24111180256361,4.743416490252569
DE-LU,evaluation,rf_depth_12_leaf_20,2024-10-14,24,424.07690121317887,37.94733192202055,386.1295692911583,46.603039528451745,3.794733192202055
DE-LU,evaluation,rf_depth_12_leaf_20,2024-10-15,24,277.2458393393154,37.94733192202055,239.29850741729484,26.229405356046755,3.794733192202055
DE-LU,evaluation,rf_depth_12_leaf_20,2024-10-16,24,269.26931020198106,46.46049894151541,222.80881126046563,0.8054907130226354,4.646049894151542
DE-LU,evaluation,rf_depth_12_leaf_20,2024-10-17,24,312.8672970653183,37.94733192202055,274.91996514329776,19.41739066114644,3.794733192202055
DE-LU,evaluation,rf_depth_12_leaf_20,2024-10-18,24,247.25629625831237,37.94733192202055,209.3089643362918,8.449301593427066,3.794733192202055
DE-LU,evaluation,rf_depth_12_leaf_20,2024-10-19,24,125.44466568115055,37.94733192202055,87.49733375913002,3.907353082340734,3.794733192202055
DE-LU,evaluation,rf_depth_12_leaf_20,2024-10-20,24,149.89081530783085,47.434164902525694,102.45665040530517,53.631219220152246,4.743416490252569
DE-LU,evaluation,rf_depth_12_leaf_20,2024-10-21,24,344.80508841668905,37.94733192202055,306.8577564946686,2.04403628611675,3.794733192202055
DE-LU,evaluation,rf_depth_12_leaf_20,2024-10-22,24,258.11750226282606,37.94733192202055,220.1701703408055,1.7847948938031664,3.794733192202055
DE-LU,evaluation,rf_depth_12_leaf_20,2024-10-23,24,338.44594490054453,37.94733192202055,300.49861297852397,24.151921541315915,3.794733192202055
DE-LU,evaluation,rf_depth_12_leaf_20,2024-10-24,24,193.94289610954513,37.94733192202055,155.99556418752456,25.637629224747172,3.794733192202055
DE-LU,evaluation,rf_depth_12_leaf_20,2024-10-25,24,284.94066013527345,37.94733192202055,246.99332821325288,4.020882424510404,3.794733192202055
DE-LU,evaluation,rf_depth_12_leaf_20,2024-10-26,24,167.6827642325392,37.94733192202055,129.73543231051872,8.45651596019593,3.794733192202055
DE-LU,evaluation,rf_depth_12_leaf_20,2024-10-27,25,145.1757285263796,37.94733192202055,107.22839660435905,37.21719097496718,3.794733192202055
DE-LU,evaluation,rf_depth_12_leaf_20,2024-10-28,24,95.93255348520293,37.94733192202055,57.985221563182364,28.01749187491272,3.794733192202055
DE-LU,evaluation,rf_depth_12_leaf_20,2024-10-29,24,281.2746091157561,37.94733192202055,243.32727719373554,84.91311232971003,3.794733192202055
DE-LU,evaluation,rf_depth_12_leaf_20,2024-10-30,24,156.59962971339345,37.94733192202055,118.65229779137289,31.392104212765872,3.794733192202055
DE-LU,evaluation,rf_depth_12_leaf_20,2024-10-31,24,138.16893794351483,37.94733192202055,100.22160602149427,0.3504127227470235,3.794733192202055
DE-LU,evaluation,rf_depth_12_leaf_20,2024-11-01,24,134.28237051563102,37.94733192202055,96.33503859361048,11.474673907667665,3.794733192202055
DE-LU,evaluation,rf_depth_12_leaf_20,2024-11-02,24,90.68379858825998,37.94733192202055,52.73646666623941,25.32217262410998,3.794733192202055
DE-LU,evaluation,rf_depth_12_leaf_20,2024-11-03,24,110.84736582858284,46.46049894151541,64.38686688706741,24.214325680686073,4.646049894151542
DE-LU,evaluation,rf_depth_12_leaf_20,2024-11-04,24,374.5831325379145,37.94733192202055,336.6358006158939,0.6335271491882963,3.794733192202055
DE-LU,evaluation,rf_depth_12_leaf_20,2024-11-05,24,780.0481527318084,37.94733192202055,742.1008208097878,6.513568046340993,3.794733192202055
DE-LU,evaluation,rf_depth_12_leaf_20,2024-11-06,24,1566.364336879076,37.94733192202055,1528.4170049570555,13.15239555204198,3.794733192202055
DE-LU,evaluation,rf_depth_12_leaf_20,2024-11-07,24,565.3003195405408,37.94733192202055,527.3529876185203,7.737004965919937,3.794733192202055
DE-LU,evaluation,rf_depth_12_leaf_20,2024-11-08,24,53.39185766598338,37.94733192202055,15.444525743962842,7.19157573545921,3.794733192202055
DE-LU,evaluation,rf_depth_12_leaf_20,2024-11-09,24,46.92143178534798,37.94733192202055,8.97409986332741,33.426017768924396,3.794733192202055
DE-LU,evaluation,rf_depth_12_leaf_20,2024-11-10,24,23.914262403572934,37.94733192202055,-14.033069518447633,54.99844263771848,3.794733192202055
DE-LU,evaluation,rf_depth_12_leaf_20,2024-11-11,24,44.529356475712234,37.94733192202055,6.58202455369161,45.38989957497759,3.794733192202055
DE-LU,evaluation,rf_depth_12_leaf_20,2024-11-12,24,202.44264090633715,37.94733192202055,164.49530898431658,197.21482998150555,3.794733192202055
DE-LU,evaluation,rf_depth_12_leaf_20,2024-11-13,24,110.89455944667773,37.94733192202055,72.94722752465717,111.77647798701838,3.794733192202055
DE-LU,evaluation,rf_depth_12_leaf_20,2024-11-14,24,62.05201050560294,28.973665961010276,33.07834454459265,26.606277276929916,2.8973665961010275
DE-LU,evaluation,rf_depth_12_leaf_20,2024-11-15,24,77.89181037744737,27.973665961010276,49.91814441643709,11.034296534220587,2.7973665961010274
DE-LU,evaluation,rf_depth_12_leaf_20,2024-11-16,24,53.197539745381675,36.973665961010276,16.223873784371392,38.77293839168544,3.6973665961010274
DE-LU,evaluation,rf_depth_12_leaf_20,2024-11-17,24,54.8296796805937,18.973665961010276,35.856013719583416,50.382962533730904,1.8973665961010275
DE-LU,evaluation,rf_depth_12_leaf_20,2024-11-18,24,107.18776327548443,28.460498941515414,78.72726433396903,76.48962678941822,2.846049894151541
DE-LU,evaluation,rf_depth_12_leaf_20,2024-11-19,24,43.44490338098308,36.973665961010276,6.471237419972795,79.93042119457506,3.6973665961010274
DE-LU,evaluation,rf_depth_12_leaf_20,2024-11-20,24,117.19837280091116,36.973665961010276,80.22470683990088,18.508363803912403,3.6973665961010274
DE-LU,evaluation,rf_depth_12_leaf_20,2024-11-21,24,51.506593031916836,18.973665961010276,32.53292707090655,84.95144970432113,1.8973665961010275
DE-LU,evaluation,rf_depth_12_leaf_20,2024-11-22,24,127.09357794363228,36.486832980505135,90.60674496312714,18.291122786720734,3.6486832980505133
DE-LU,evaluation,rf_depth_12_leaf_20,2024-11-23,24,83.8410889744327,36.973665961010276,46.86742301342241,34.07738723020924,3.6973665961010274
DE-LU,evaluation,rf_depth_12_leaf_20,2024-11-24,24,33.57459916071476,47.434164902525694,-13.859565741810924,24.857769479306747,4.743416490252569
DE-LU,evaluation,rf_depth_12_leaf_20,2024-11-25,24,194.43483120312135,46.46049894151541,147.97433226160592,27.122458436758905,4.646049894151542
DE-LU,evaluation,rf_depth_12_leaf_20,2024-11-26,24,144.49733705822712,37.94733192202055,106.55000513620655,15.114976478387547,3.794733192202055
DE-LU,evaluation,rf_depth_12_leaf_20,2024-11-27,24,71.04209123333408,28.973665961010276,42.06842527232382,108.47398321648481,2.8973665961010275
DE-LU,evaluation,rf_depth_12_leaf_20,2024-11-28,24,113.44649384479663,37.46049894151541,75.98599490328121,52.03925846775647,3.7460498941515414
DE-LU,evaluation,rf_depth_12_leaf_20,2024-11-29,24,119.81545000441862,27.973665961010276,91.84178404340834,12.88630923181708,2.7973665961010274
DE-LU,evaluation,rf_depth_12_leaf_20,2024-11-30,24,61.85231258970549,28.973665961010276,32.87864662869521,5.9543821507648005,2.8973665961010275
DE-LU,evaluation,rf_depth_12_leaf_20,2024-12-01,24,43.079014147409254,28.973665961010276,14.105348186398999,21.658124571126194,2.8973665961010275
DE-LU,evaluation,rf_depth_12_leaf_20,2024-12-02,24,76.80119537310478,28.973665961010276,47.82752941209449,63.85846625969273,2.8973665961010275
DE-LU,evaluation,rf_depth_12_leaf_20,2024-12-03,24,135.81242457067225,37.94733192202055,97.86509264865168,40.359418552435216,3.794733192202055
DE-LU,evaluation,rf_depth_12_leaf_20,2024-12-04,24,261.785622141858,18.486832980505135,243.2987891613529,98.8168105659961,1.8486832980505137
DE-LU,evaluation,rf_depth_12_leaf_20,2024-12-05,24,2.152583003826777,9.486832980505138,-7.334249976678365,102.6813277053565,0.9486832980505138
DE-LU,evaluation,rf_depth_12_leaf_20,2024-12-06,24,156.56182411726869,37.94733192202055,118.61449219524812,30.724821959823743,3.794733192202055
DE-LU,evaluation,rf_depth_12_leaf_20,2024-12-07,24,3.386118530568666,37.94733192202055,-34.561213391451844,103.7479868633373,3.794733192202055
DE-LU,evaluation,rf_depth_12_leaf_20,2024-12-08,24,5.55862959888114,47.43416490252569,-41.87553530364457,82.17400421863978,4.743416490252569
DE-LU,evaluation,rf_depth_12_leaf_20,2024-12-09,24,59.43434862234136,37.94733192202055,21.487016700320794,91.09608464523212,3.794733192202055
DE-LU,evaluation,rf_depth_12_leaf_20,2024-12-10,24,89.45859565777019,36.973665961010276,52.484929696759906,93.34571686700318,3.6973665961010274
DE-LU,evaluation,rf_depth_12_leaf_20,2024-12-11,24,390.83894171694755,27.973665961010276,362.86527575593726,200.12241480516747,2.7973665961010274
DE-LU,evaluation,rf_depth_12_leaf_20,2024-12-12,24,1143.7351807242865,18.973665961010276,1124.7615147632762,617.6803464140612,1.8973665961010275
DE-LU,evaluation,rf_depth_12_leaf_20,2024-12-13,24,174.26628557227713,18.973665961010276,155.29261961126684,202.84412224526346,1.8973665961010275
DE-LU,evaluation,rf_depth_12_leaf_20,2024-12-14,24,2.4284250553671853,28.460498941515414,-26.032073886148225,73.28698878259996,2.846049894151541
DE-LU,evaluation,rf_depth_12_leaf_20,2024-12-15,24,14.094988886032063,28.460498941515414,-14.365510055483359,81.01754120736926,2.846049894151541
DE-LU,evaluation,rf_depth_12_leaf_20,2024-12-16,24,95.65267070383283,18.973665961010276,76.67900474282254,43.89776619945964,1.8973665961010275
DE-LU,evaluation,rf_depth_12_leaf_20,2024-12-17,24,97.59845800783826,18.973665961010276,78.62479204682799,44.049647911238395,1.8973665961010275
DE-LU,evaluation,rf_depth_12_leaf_20,2024-12-18,24,8.969686278787918,18.973665961010276,-10.003979682222358,94.1697442696456,1.8973665961010275
DE-LU,evaluation,rf_depth_12_leaf_20,2024-12-19,24,88.4752234002919,18.973665961010276,69.50155743928161,25.010459337051458,1.8973665961010275
DE-LU,evaluation,rf_depth_12_leaf_20,2024-12-20,24,82.06595314334808,18.973665961010276,63.092287182337834,67.25387399118233,1.8973665961010275
DE-LU,evaluation,rf_depth_12_leaf_20,2024-12-21,24,23.974260941585356,28.973665961010276,-4.999405019424913,25.174673776868943,2.8973665961010275
DE-LU,evaluation,rf_depth_12_leaf_20,2024-12-22,24,89.45253009340132,28.460498941515414,60.99203115188591,15.713324086911868,2.846049894151541
DE-LU,evaluation,rf_depth_12_leaf_20,2024-12-23,24,56.5640940538771,18.973665961010276,37.590428092866816,53.4127568841012,1.8973665961010275
DE-LU,evaluation,rf_depth_12_leaf_20,2024-12-24,24,30.880278335387814,18.973665961010276,11.906612374377545,20.56197049865048,1.8973665961010275
DE-LU,evaluation,rf_depth_12_leaf_20,2024-12-25,24,9.550575057169354,27.486832980505135,-17.936257923335788,42.43300361745682,2.748683298050514
DE-LU,evaluation,rf_depth_12_leaf_20,2024-12-26,24,23.5113886759638,9.486832980505138,14.024555695458659,12.898950293409428,0.9486832980505138
DE-LU,evaluation,rf_depth_12_leaf_20,2024-12-27,24,31.8335881775456,9.486832980505138,22.34675519704046,29.781444904736368,0.9486832980505138
DE-LU,evaluation,rf_depth_12_leaf_20,2024-12-28,24,42.07979004041965,18.486832980505135,23.59295705991451,11.674109684606549,1.8486832980505137
DE-LU,evaluation,rf_depth_12_leaf_20,2024-12-29,24,-10.183964330311255,10.0,-20.183964330311255,65.46279849195645,1.0
DE-LU,evaluation,rf_depth_12_leaf_20,2024-12-30,24,86.74088098177276,27.973665961010276,58.7672150207625,14.399262591133926,2.7973665961010274
DE-LU,evaluation,rf_depth_12_leaf_20,2024-12-31,24,68.6811833071816,27.973665961010276,40.707517346171315,49.241821249067854,2.7973665961010274
DE-LU,evaluation,perfect_foresight,2024-09-01,24,279.6547760804645,28.460498941515414,251.1942771389491,0.0,2.846049894151541
DE-LU,evaluation,perfect_foresight,2024-09-02,24,318.80909546305384,37.94733192202055,280.86176354103327,0.0,3.794733192202055
DE-LU,evaluation,perfect_foresight,2024-09-03,24,1000.1202160474215,37.94733192202055,962.172884125401,0.0,3.794733192202055
DE-LU,evaluation,perfect_foresight,2024-09-04,24,411.44381111140467,37.94733192202055,373.4964791893841,0.0,3.794733192202055
DE-LU,evaluation,perfect_foresight,2024-09-05,24,281.6168043824117,37.46049894151541,244.15630544089635,0.0,3.7460498941515414
DE-LU,evaluation,perfect_foresight,2024-09-06,24,300.186721013582,37.94733192202055,262.2393890915614,0.0,3.794733192202055
DE-LU,evaluation,perfect_foresight,2024-09-07,24,272.79970650624256,28.460498941515414,244.33920756472713,0.0,2.846049894151541
DE-LU,evaluation,perfect_foresight,2024-09-08,24,225.34727852591232,27.973665961010276,197.373612564902,0.0,2.7973665961010274
DE-LU,evaluation,perfect_foresight,2024-09-09,24,161.1732529401414,37.94733192202055,123.22592101812087,0.0,3.794733192202055
DE-LU,evaluation,perfect_foresight,2024-09-10,24,269.3514094468513,37.46049894151541,231.89091050533588,0.0,3.7460498941515414
DE-LU,evaluation,perfect_foresight,2024-09-11,24,189.84459340901446,37.94733192202055,151.89726148699393,0.0,3.794733192202055
DE-LU,evaluation,perfect_foresight,2024-09-12,24,430.47296163936534,37.94733192202055,392.5256297173448,0.0,3.794733192202055
DE-LU,evaluation,perfect_foresight,2024-09-13,24,124.24935126546902,37.46049894151541,86.78885232395359,0.0,3.746049894151541
DE-LU,evaluation,perfect_foresight,2024-09-14,24,232.61990553842801,37.94733192202055,194.67257361640745,0.0,3.794733192202055
DE-LU,evaluation,perfect_foresight,2024-09-15,24,227.92853610555096,28.486832980505135,199.44170312504582,0.0,2.8486832980505135
DE-LU,evaluation,perfect_foresight,2024-09-16,24,140.53749596275367,37.94733192202055,102.59016404073311,0.0,3.794733192202055
DE-LU,evaluation,perfect_foresight,2024-09-17,24,246.54433520483116,37.94733192202055,208.5970032828106,0.0,3.794733192202055
DE-LU,evaluation,perfect_foresight,2024-09-18,24,323.69191041303714,37.94733192202055,285.74457849101657,0.0,3.794733192202055
DE-LU,evaluation,perfect_foresight,2024-09-19,24,327.0421846990841,37.94733192202055,289.0948527770635,0.0,3.794733192202055
DE-LU,evaluation,perfect_foresight,2024-09-20,24,313.01823492985744,37.94733192202055,275.0709030078369,0.0,3.794733192202055
DE-LU,evaluation,perfect_foresight,2024-09-21,24,264.9254159882833,28.460498941515414,236.4649170467679,0.0,2.846049894151541
DE-LU,evaluation,perfect_foresight,2024-09-22,24,270.4516433791782,28.460498941515414,241.9911444376628,0.0,2.846049894151541
DE-LU,evaluation,perfect_foresight,2024-09-23,24,535.9714060756933,37.94733192202055,498.0240741536727,0.0,3.794733192202055
DE-LU,evaluation,perfect_foresight,2024-09-24,24,196.9360463354326,37.94733192202055,158.98871441341203,0.0,3.794733192202055
DE-LU,evaluation,perfect_foresight,2024-09-25,24,329.78947714743936,37.94733192202055,291.8421452254188,0.0,3.794733192202055
DE-LU,evaluation,perfect_foresight,2024-09-26,24,217.02158308181467,47.434164902525694,169.58741817928902,0.0,4.743416490252569
DE-LU,evaluation,perfect_foresight,2024-09-27,24,166.61262437235155,37.94733192202055,128.665292450331,0.0,3.794733192202055
DE-LU,evaluation,perfect_foresight,2024-09-28,24,151.34962465319904,37.46049894151541,113.88912571168365,0.0,3.7460498941515414
DE-LU,evaluation,perfect_foresight,2024-09-29,24,414.3836818987522,47.434164902525694,366.94951699622646,0.0,4.743416490252569
DE-LU,evaluation,perfect_foresight,2024-09-30,24,286.43843728039,46.46049894151541,239.97793833887465,0.0,4.646049894151542
DE-LU,evaluation,perfect_foresight,2024-10-01,24,264.6711090325885,37.94733192202055,226.723777110568,0.0,3.794733192202055
DE-LU,evaluation,perfect_foresight,2024-10-02,24,138.9993561390903,37.94733192202055,101.05202421706974,0.0,3.794733192202055
DE-LU,evaluation,perfect_foresight,2024-10-03,24,121.79568239973361,27.973665961010273,93.82201643872332,0.0,2.7973665961010274
DE-LU,evaluation,perfect_foresight,2024-10-04,24,194.3517247791118,37.94733192202055,156.40439285709132,0.0,3.794733192202055
DE-LU,evaluation,perfect_foresight,2024-10-05,24,241.09220692701987,37.94733192202055,203.14487500499936,0.0,3.794733192202055
DE-LU,evaluation,perfect_foresight,2024-10-06,24,211.89400210265836,28.460498941515414,183.43350316114294,0.0,2.846049894151541
DE-LU,evaluation,perfect_foresight,2024-10-07,24,423.11438682651914,37.94733192202055,385.16705490449857,0.0,3.794733192202055
DE-LU,evaluation,perfect_foresight,2024-10-08,24,214.3642877094842,37.94733192202055,176.41695578746362,0.0,3.794733192202055
DE-LU,evaluation,perfect_foresight,2024-10-09,24,176.8189989718722,37.94733192202055,138.87166704985162,0.0,3.794733192202055
DE-LU,evaluation,perfect_foresight,2024-10-10,24,246.37815049143632,46.94733192202055,199.43081856941575,0.0,4.6947331922020545
DE-LU,evaluation,perfect_foresight,2024-10-11,24,318.1356625543158,37.94733192202055,280.1883306322952,0.0,3.794733192202055
DE-LU,evaluation,perfect_foresight,2024-10-12,24,168.37235737699265,28.460498941515414,139.91185843547726,0.0,2.846049894151541
DE-LU,evaluation,perfect_foresight,2024-10-13,24,82.80114689026601,18.51316701949486,64.28797987077115,0.0,1.851316701949486
DE-LU,evaluation,perfect_foresight,2024-10-14,24,470.6799407416306,37.94733192202055,432.73260881961005,0.0,3.794733192202055
DE-LU,evaluation,perfect_foresight,2024-10-15,24,303.47524469536216,37.94733192202055,265.5279127733416,0.0,3.794733192202055
DE-LU,evaluation,perfect_foresight,2024-10-16,24,271.048466876014,47.434164902525694,223.61430197348827,0.0,4.743416490252569
DE-LU,evaluation,perfect_foresight,2024-10-17,24,332.2846877264647,37.94733192202055,294.3373558044442,0.0,3.794733192202055
DE-LU,evaluation,perfect_foresight,2024-10-18,24,255.70559785173944,37.94733192202055,217.75826592971887,0.0,3.794733192202055
DE-LU,evaluation,perfect_foresight,2024-10-19,24,119.86518578298617,28.460498941515414,91.40468684147075,0.0,2.846049894151541
DE-LU,evaluation,perfect_foresight,2024-10-20,24,185.06153558646767,28.973665961010276,156.08786962545742,0.0,2.8973665961010275
DE-LU,evaluation,perfect_foresight,2024-10-21,24,346.8491247028059,37.94733192202055,308.90179278078534,0.0,3.794733192202055
DE-LU,evaluation,perfect_foresight,2024-10-22,24,259.90229715662923,37.94733192202055,221.95496523460866,0.0,3.794733192202055
DE-LU,evaluation,perfect_foresight,2024-10-23,24,362.59786644186045,37.94733192202055,324.6505345198399,0.0,3.794733192202055
DE-LU,evaluation,perfect_foresight,2024-10-24,24,219.5805253342923,37.94733192202055,181.63319341227174,0.0,3.794733192202055
DE-LU,evaluation,perfect_foresight,2024-10-25,24,288.9615425597838,37.94733192202055,251.01421063776328,0.0,3.794733192202055
DE-LU,evaluation,perfect_foresight,2024-10-26,24,166.65244721223007,28.460498941515414,138.19194827071465,0.0,2.846049894151541
DE-LU,evaluation,perfect_foresight,2024-10-27,25,172.90608652084165,28.460498941515414,144.44558757932623,0.0,2.846049894151541
DE-LU,evaluation,perfect_foresight,2024-10-28,24,123.95004536011565,37.94733192202055,86.00271343809509,0.0,3.794733192202055
DE-LU,evaluation,perfect_foresight,2024-10-29,24,366.18772144546614,37.94733192202055,328.2403895234456,0.0,3.794733192202055
DE-LU,evaluation,perfect_foresight,2024-10-30,24,187.99173392615933,37.94733192202055,150.04440200413876,0.0,3.794733192202055
DE-LU,evaluation,perfect_foresight,2024-10-31,24,138.51935066626186,37.94733192202055,100.57201874424129,0.0,3.794733192202055
DE-LU,evaluation,perfect_foresight,2024-11-01,24,135.78337846228843,27.973665961010273,107.80971250127814,0.0,2.7973665961010274
DE-LU,evaluation,perfect_foresight,2024-11-02,24,106.03230525135967,27.973665961010276,78.05863929034939,0.0,2.7973665961010274
DE-LU,evaluation,perfect_foresight,2024-11-03,24,117.06169150926888,28.460498941515414,88.60119256775349,0.0,2.846049894151541
DE-LU,evaluation,perfect_foresight,2024-11-04,24,375.2166596871027,37.94733192202055,337.2693277650822,0.0,3.794733192202055
DE-LU,evaluation,perfect_foresight,2024-11-05,24,786.5617207781494,37.94733192202055,748.6143888561288,0.0,3.794733192202055
DE-LU,evaluation,perfect_foresight,2024-11-06,24,1579.516732431118,37.94733192202055,1541.5694005090975,0.0,3.794733192202055
DE-LU,evaluation,perfect_foresight,2024-11-07,24,573.0373245064608,37.94733192202055,535.0899925844402,0.0,3.794733192202055
DE-LU,evaluation,perfect_foresight,2024-11-08,24,51.122934459927194,28.486832980505135,22.636101479422052,0.0,2.8486832980505135
DE-LU,evaluation,perfect_foresight,2024-11-09,24,61.37378359326209,18.973665961010276,42.400117632251806,0.0,1.8973665961010275
DE-LU,evaluation,perfect_foresight,2024-11-10,24,59.939039080281134,18.973665961010276,40.96537311927085,0.0,1.8973665961010275
DE-LU,evaluation,perfect_foresight,2024-11-11,24,70.94559008967948,18.973665961010276,51.9719241286692,0.0,1.8973665961010275
DE-LU,evaluation,perfect_foresight,2024-11-12,24,399.6574708878427,37.94733192202055,361.7101389658221,0.0,3.794733192202055
DE-LU,evaluation,perfect_foresight,2024-11-13,24,203.69737147268583,18.973665961010276,184.72370551167555,0.0,1.8973665961010275
DE-LU,evaluation,perfect_foresight,2024-11-14,24,78.65828778253285,18.973665961010276,59.68462182152257,0.0,1.8973665961010275
DE-LU,evaluation,perfect_foresight,2024-11-15,24,79.92610691166796,18.973665961010276,60.952440950657675,0.0,1.8973665961010275
DE-LU,evaluation,perfect_foresight,2024-11-16,24,73.97047813706709,18.973665961010276,54.996812176056835,0.0,1.8973665961010275
DE-LU,evaluation,perfect_foresight,2024-11-17,24,123.69947519482974,37.46049894151541,86.23897625331432,0.0,3.7460498941515414
DE-LU,evaluation,perfect_foresight,2024-11-18,24,193.16422304540782,37.94733192202055,155.21689112338726,0.0,3.794733192202055
DE-LU,evaluation,perfect_foresight,2024-11-19,24,105.37532457555814,18.973665961010276,86.40165861454786,0.0,1.8973665961010275
DE-LU,evaluation,perfect_foresight,2024-11-20,24,136.68040256583384,37.94733192202055,98.73307064381328,0.0,3.794733192202055
DE-LU,evaluation,perfect_foresight,2024-11-21,24,136.45804273623799,18.973665961010276,117.48437677522769,0.0,1.8973665961010275
DE-LU,evaluation,perfect_foresight,2024-11-22,24,156.33203265237358,47.434164902525694,108.89786774984788,0.0,4.743416490252569
DE-LU,evaluation,perfect_foresight,2024-11-23,24,109.9184762046419,28.973665961010276,80.94481024363165,0.0,2.8973665961010275
DE-LU,evaluation,perfect_foresight,2024-11-24,24,29.971869698506097,18.973665961010276,10.998203737495821,0.0,1.8973665961010275
DE-LU,evaluation,perfect_foresight,2024-11-25,24,213.04412262038534,37.94733192202055,175.09679069836483,0.0,3.794733192202055
DE-LU,evaluation,perfect_foresight,2024-11-26,24,159.6123135366147,37.94733192202055,121.6649816145941,0.0,3.794733192202055
DE-LU,evaluation,perfect_foresight,2024-11-27,24,169.51607444981892,18.973665961010276,150.54240848880863,0.0,1.8973665961010275
DE-LU,evaluation,perfect_foresight,2024-11-28,24,156.4857523125531,28.460498941515414,128.02525337103768,0.0,2.846049894151541
DE-LU,evaluation,perfect_foresight,2024-11-29,24,133.70175923623572,28.973665961010276,104.72809327522542,0.0,2.8973665961010275
DE-LU,evaluation,perfect_foresight,2024-11-30,24,67.31986175996515,28.486832980505135,38.83302877946001,0.0,2.8486832980505135
DE-LU,evaluation,perfect_foresight,2024-12-01,24,54.737138718535476,18.973665961010276,35.76347275752519,0.0,1.8973665961010275
DE-LU,evaluation,perfect_foresight,2024-12-02,24,139.17282865229237,27.486832980505135,111.68599567178723,0.0,2.748683298050514
DE-LU,evaluation,perfect_foresight,2024-12-03,24,157.19817716209718,18.973665961010276,138.2245112010869,0.0,1.8973665961010275
DE-LU,evaluation,perfect_foresight,2024-12-04,24,380.06293164936955,37.94733192202055,342.115599727349,0.0,3.794733192202055
DE-LU,evaluation,perfect_foresight,2024-12-05,24,114.32074368968841,18.973665961010276,95.34707772867813,0.0,1.8973665961010275
DE-LU,evaluation,perfect_foresight,2024-12-06,24,168.31298011608214,18.973665961010276,149.33931415507186,0.0,1.8973665961010275
DE-LU,evaluation,perfect_foresight,2024-12-07,24,97.16043943289577,27.973665961010276,69.18677347188546,0.0,2.7973665961010274
DE-LU,evaluation,perfect_foresight,2024-12-08,24,59.272134876005495,18.973665961010276,40.29846891499521,0.0,1.8973665961010275
DE-LU,evaluation,perfect_foresight,2024-12-09,24,141.04360028706833,28.460498941515414,112.58310134555292,0.0,2.846049894151541
DE-LU,evaluation,perfect_foresight,2024-12-10,24,164.80431252477337,18.973665961010276,145.83064656376308,0.0,1.8973665961010275
DE-LU,evaluation,perfect_foresight,2024-12-11,24,581.961356522115,18.973665961010276,562.9876905611047,0.0,1.8973665961010275
DE-LU,evaluation,perfect_foresight,2024-12-12,24,1780.389193099358,37.94733192202055,1742.4418611773374,0.0,3.794733192202055
DE-LU,evaluation,perfect_foresight,2024-12-13,24,396.0840737785509,37.94733192202055,358.1367418565303,0.0,3.794733192202055
DE-LU,evaluation,perfect_foresight,2024-12-14,24,85.7154138379671,38.46049894151541,47.25491489645174,0.0,3.8460498941515415
DE-LU,evaluation,perfect_foresight,2024-12-15,24,86.13886413239105,19.486832980505138,66.65203115188591,0.0,1.9486832980505138
DE-LU,evaluation,perfect_foresight,2024-12-16,24,139.55043690329248,18.973665961010276,120.57677094228218,0.0,1.8973665961010275
DE-LU,evaluation,perfect_foresight,2024-12-17,24,150.16127293857153,27.486832980505135,122.67443995806639,0.0,2.748683298050514
DE-LU,evaluation,perfect_foresight,2024-12-18,24,121.62626352893865,37.46049894151541,84.16576458742325,0.0,3.746049894151541
DE-LU,evaluation,perfect_foresight,2024-12-19,24,122.48568273734335,27.973665961010273,94.51201677633307,0.0,2.7973665961010274
DE-LU,evaluation,perfect_foresight,2024-12-20,24,167.80666011503553,37.46049894151541,130.34616117352016,0.0,3.7460498941515414
DE-LU,evaluation,perfect_foresight,2024-12-21,24,38.662101737949165,18.486832980505135,20.17526875744403,0.0,1.8486832980505137
DE-LU,evaluation,perfect_foresight,2024-12-22,24,95.67902119980805,18.973665961010276,76.70535523879778,0.0,1.8973665961010275
DE-LU,evaluation,perfect_foresight,2024-12-23,24,109.9768509379783,18.973665961010276,91.00318497696802,0.0,1.8973665961010275
DE-LU,evaluation,perfect_foresight,2024-12-24,24,51.44224883403831,18.973665961010276,32.468582873028026,0.0,1.8973665961010275
DE-LU,evaluation,perfect_foresight,2024-12-25,24,33.98357867462617,9.486832980505138,24.49674569412103,0.0,0.9486832980505138
DE-LU,evaluation,perfect_foresight,2024-12-26,24,36.41033896937323,9.486832980505138,26.923505988868087,0.0,0.9486832980505138
DE-LU,evaluation,perfect_foresight,2024-12-27,24,90.0755320237974,37.94733192202055,52.12820010177683,0.0,3.794733192202055
DE-LU,evaluation,perfect_foresight,2024-12-28,24,54.24073270553134,18.973665961010276,35.26706674452106,0.0,1.8973665961010275
DE-LU,evaluation,perfect_foresight,2024-12-29,24,73.73933310316062,28.460498941515414,45.27883416164519,0.0,2.846049894151541
DE-LU,evaluation,perfect_foresight,2024-12-30,24,92.14014357290671,18.973665961010276,73.16647761189643,0.0,1.8973665961010275
DE-LU,evaluation,perfect_foresight,2024-12-31,24,108.92300455624942,18.973665961010276,89.94933859523917,0.0,1.8973665961010275
FR,evaluation,latest_same_hour,2024-09-01,24,172.6237727854791,38.46049894151541,134.16327384396368,54.04240872605652,3.846049894151541
FR,evaluation,latest_same_hour,2024-09-02,24,101.67817670997516,46.94733192202055,54.730844787954595,27.84868967215948,4.6947331922020545
FR,evaluation,latest_same_hour,2024-09-03,24,42.731643807110956,27.973665961010276,14.757977846100673,61.95150209056375,2.7973665961010274
FR,evaluation,latest_same_hour,2024-09-04,24,89.24047974910343,37.46049894151541,51.779980807588004,22.10698971031246,3.7460498941515414
FR,evaluation,latest_same_hour,2024-09-05,24,106.0919464143551,28.460498941515414,77.6314474728397,33.58118703816281,2.846049894151541
FR,evaluation,latest_same_hour,2024-09-06,24,162.34905118881602,46.947331922020545,115.40171926679545,36.45009361689347,4.6947331922020545
FR,evaluation,latest_same_hour,2024-09-07,24,202.36464901932976,45.97366596101027,156.3909830583195,59.60492943318681,4.597366596101027
FR,evaluation,latest_same_hour,2024-09-08,24,107.0947469188607,37.486832980505135,69.60791393835555,93.77147576661699,3.748683298050514
FR,evaluation,latest_same_hour,2024-09-09,24,247.30905928848574,46.947331922020545,200.36172736646517,72.46395186793359,4.6947331922020545
FR,evaluation,latest_same_hour,2024-09-10,24,134.2189147879199,19.486832980505138,114.73208180741476,108.18068503172783,1.9486832980505138
FR,evaluation,latest_same_hour,2024-09-11,24,186.7328036311801,46.46049894151541,140.27230468966468,38.576381272739184,4.646049894151541
FR,evaluation,latest_same_hour,2024-09-12,24,207.83446745695903,47.434164902525694,160.40030255443332,73.8435780551811,4.743416490252569
FR,evaluation,latest_same_hour,2024-09-13,24,276.1886154888772,37.94733192202055,238.24128356685662,81.75401130251674,3.794733192202055
FR,evaluation,latest_same_hour,2024-09-14,24,154.5635218283842,36.97366596101027,117.58985586737393,29.33944834982401,3.6973665961010274
FR,evaluation,latest_same_hour,2024-09-15,24,118.7905456885943,46.94733192202055,71.84321376657375,31.53052213259342,4.694733192202055
FR,evaluation,latest_same_hour,2024-09-16,24,265.09371023217767,28.973665961010276,236.1200442711674,44.48891969000249,2.8973665961010275
FR,evaluation,latest_same_hour,2024-09-17,24,114.09639704233055,28.973665961010276,85.12273108132028,44.171740309479546,2.8973665961010275
FR,evaluation,latest_same_hour,2024-09-18,24,305.9887010151519,47.434164902525694,258.5545361126262,64.5398341008248,4.743416490252569
FR,evaluation,latest_same_hour,2024-09-19,24,226.214255603507,37.94733192202055,188.26692368148645,85.89598854842234,3.794733192202055
FR,evaluation,latest_same_hour,2024-09-20,24,237.84744860319807,47.94733192202055,189.9001166811775,46.25128297686075,4.794733192202055
FR,evaluation,latest_same_hour,2024-09-21,24,158.49684769663122,47.434164902525694,111.06268279410551,67.09172599480064,4.743416490252569
FR,evaluation,latest_same_hour,2024-09-22,24,201.47417323845545,47.94733192202055,153.52684131643494,32.2967911343606,4.794733192202055
FR,evaluation,latest_same_hour,2024-09-23,24,142.4531374096136,57.486832980505135,84.96630442910845,151.34388233018254,5.748683298050514
FR,evaluation,latest_same_hour,2024-09-24,24,189.55997741619225,37.94733192202055,151.6126454941717,100.10306702734434,3.794733192202055
FR,evaluation,latest_same_hour,2024-09-25,24,144.23866290722418,37.94733192202055,106.29133098520363,51.533475898456985,3.794733192202055
FR,evaluation,latest_same_hour,2024-09-26,24,171.79685682442872,47.434164902525694,124.36269192190304,17.88987884456577,4.743416490252569
FR,evaluation,latest_same_hour,2024-09-27,24,142.73686516348238,38.46049894151541,104.27636622196695,34.55950002936896,3.8460498941515415
FR,evaluation,latest_same_hour,2024-09-28,24,164.17205797457123,46.94733192202055,117.22472605255066,15.083889022704625,4.6947331922020545
FR,evaluation,latest_same_hour,2024-09-29,24,71.46649841634475,37.94733192202055,33.51916649432418,84.3296509122137,3.794733192202055
FR,evaluation,latest_same_hour,2024-09-30,24,156.58261338819452,37.94733192202055,118.63528146617399,7.521081851067777,3.794733192202055
FR,evaluation,latest_same_hour,2024-10-01,24,82.31869456206718,36.97366596101027,45.345028601056896,176.4127493713036,3.6973665961010274
FR,evaluation,latest_same_hour,2024-10-02,24,135.66902742288033,37.94733192202055,97.72169550085977,31.886123611000983,3.794733192202055
FR,evaluation,latest_same_hour,2024-10-03,24,234.8900987419131,37.94733192202055,196.94276681989257,54.03712079956233,3.794733192202055
FR,evaluation,latest_same_hour,2024-10-04,24,213.11629678150732,46.46049894151541,166.65579783999192,22.667203455660456,4.646049894151541
FR,evaluation,latest_same_hour,2024-10-05,24,204.44930362303683,47.434164902525694,157.01513872051112,21.327541993149566,4.743416490252569
FR,evaluation,latest_same_hour,2024-10-06,24,83.8214116926435,37.94733192202055,45.87407977062295,73.0145109131642,3.794733192202055
FR,evaluation,latest_same_hour,2024-10-07,24,169.68210889981407,37.46049894151541,132.22160995829864,43.14497509043642,3.7460498941515414
FR,evaluation,latest_same_hour,2024-10-08,24,147.03410290488534,37.48683298050514,109.5472699243802,116.45505497151342,3.748683298050514
FR,evaluation,latest_same_hour,2024-10-09,24,144.24411088598453,37.94733192202055,106.29677896396399,28.087860401409785,3.794733192202055
FR,evaluation,latest_same_hour,2024-10-10,24,206.67552368474378,47.43416490252569,159.24135878221804,54.69782537145747,4.743416490252569
FR,evaluation,latest_same_hour,2024-10-11,24,219.75124703542883,46.947331922020545,172.80391511340827,44.37538116119052,4.6947331922020545
FR,evaluation,latest_same_hour,2024-10-12,24,132.84046318056923,37.94733192202055,94.89313125854868,41.377703016621,3.794733192202055
FR,evaluation,latest_same_hour,2024-10-13,24,96.09348336656029,37.94733192202055,58.14615144453974,10.525172151643218,3.794733192202055
FR,evaluation,latest_same_hour,2024-10-14,24,201.1396370810815,47.434164902525694,153.7054721785558,60.8603572249682,4.743416490252569
FR,evaluation,latest_same_hour,2024-10-15,24,123.05022177207591,20.0,103.05022177207591,65.30129075921202,2.0
FR,evaluation,latest_same_hour,2024-10-16,24,156.92296587132805,37.94733192202055,118.97563394930748,80.10968849101934,3.794733192202055
FR,evaluation,latest_same_hour,2024-10-17,24,107.79896712551687,46.46049894151541,61.338468184001385,29.322203827711974,4.646049894151542
FR,evaluation,latest_same_hour,2024-10-18,24,192.1493772801605,47.434164902525694,144.7152123776348,29.992309862395643,4.743416490252569
FR,evaluation,latest_same_hour,2024-10-19,24,52.621295678462,28.973665961010276,23.64762971745173,111.73091996273342,2.8973665961010275
FR,evaluation,latest_same_hour,2024-10-20,24,111.46746019983182,46.46049894151541,65.00696125831641,22.551253838458337,4.646049894151542
FR,evaluation,latest_same_hour,2024-10-21,24,55.57811469100229,37.94733192202055,17.630782768981742,185.72944121324306,3.794733192202055
FR,evaluation,latest_same_hour,2024-10-22,24,102.66586585696399,28.460498941515414,74.20536691544856,107.70009062398123,2.846049894151541
FR,evaluation,latest_same_hour,2024-10-23,24,200.49835357197486,37.94733192202055,162.55102164995435,6.467955841262295,3.794733192202055
FR,evaluation,latest_same_hour,2024-10-24,24,196.89517631856683,37.94733192202055,158.94784439654626,30.603777313427543,3.794733192202055
FR,evaluation,latest_same_hour,2024-10-25,24,125.28968691748298,37.46049894151541,87.82918797596756,31.50987119701807,3.7460498941515414
FR,evaluation,latest_same_hour,2024-10-26,24,61.58032277497301,45.97366596101027,15.60665681396273,52.70092428277623,4.597366596101027
FR,evaluation,latest_same_hour,2024-10-27,25,83.00065235396339,47.434164902525694,35.56648745143768,107.6632679341515,4.743416490252569
FR,evaluation,latest_same_hour,2024-10-28,24,104.35156584924793,37.973665961010276,66.37789988823765,83.0477026475864,3.7973665961010274
FR,evaluation,latest_same_hour,2024-10-29,24,92.86375637818054,46.94733192202055,45.91642445615997,142.79775109390084,4.6947331922020545
FR,evaluation,latest_same_hour,2024-10-30,24,157.72398197145387,47.43416490252569,110.28981706892816,35.1577146932718,4.743416490252569
FR,evaluation,latest_same_hour,2024-10-31,24,40.254705828059514,46.46049894151541,-6.205793113455854,92.11852079630503,4.646049894151541
FR,evaluation,latest_same_hour,2024-11-01,24,80.5881133963378,46.46049894151541,34.12761445482238,55.563160310739704,4.646049894151542
FR,evaluation,latest_same_hour,2024-11-02,24,53.14188979121059,37.94733192202055,15.194557869190021,22.32318677557751,3.794733192202055
FR,evaluation,latest_same_hour,2024-11-03,24,122.07186357069605,27.973665961010273,94.09819760968577,24.278629501536358,2.7973665961010274
FR,evaluation,latest_same_hour,2024-11-04,24,60.178406126528444,18.973665961010276,41.20474016551813,65.24933162192303,1.8973665961010275
FR,evaluation,latest_same_hour,2024-11-05,24,62.19489440937525,19.486832980505138,42.70806142887011,121.74418526993679,1.9486832980505138
FR,evaluation,latest_same_hour,2024-11-06,24,116.26158596728982,37.94733192202055,78.31425404526925,18.994989143571274,3.794733192202055
FR,evaluation,latest_same_hour,2024-11-07,24,102.55417078897611,37.94733192202055,64.60683886695556,28.615004254176213,3.794733192202055
FR,evaluation,latest_same_hour,2024-11-08,24,48.071590493209214,28.973665961010276,19.09792453219893,12.073167931962246,2.8973665961010275
FR,evaluation,latest_same_hour,2024-11-09,24,18.239970948796724,36.973665961010276,-18.73369501221356,36.18922276159687,3.6973665961010274
FR,evaluation,latest_same_hour,2024-11-10,24,-3.752178342302898,28.486832980505135,-32.23901132280804,51.782284353678264,2.8486832980505135
FR,evaluation,latest_same_hour,2024-11-11,24,39.078229603126346,18.486832980505135,20.591396622621204,25.96167728178918,1.8486832980505137
FR,evaluation,latest_same_hour,2024-11-12,24,63.9354652427519,18.486832980505138,45.44863226224676,103.18295315250587,1.8486832980505137
FR,evaluation,latest_same_hour,2024-11-13,24,99.03896420154166,28.460498941515414,70.57846526002623,42.52625957387221,2.846049894151541
FR,evaluation,latest_same_hour,2024-11-14,24,60.63915762198326,38.46049894151541,22.178658680467834,43.83628930841144,3.846049894151541
FR,evaluation,latest_same_hour,2024-11-15,24,72.31703540606202,36.973665961010276,35.343369445051735,11.552148670613384,3.6973665961010274
FR,evaluation,latest_same_hour,2024-11-16,24,41.063801848857054,18.973665961010276,22.09013588784677,7.135320862839166,1.8973665961010275
FR,evaluation,latest_same_hour,2024-11-17,24,-37.59735310159077,18.973665961010276,-56.57101906260104,151.39092572343125,1.8973665961010275
FR,evaluation,latest_same_hour,2024-11-18,24,94.23813221560346,18.973665961010276,75.26446625459317,41.8260517870354,1.8973665961010275
FR,evaluation,latest_same_hour,2024-11-19,24,174.33716044153851,37.46049894151541,136.8766615000231,52.51478548713382,3.7460498941515414
FR,evaluation,latest_same_hour,2024-11-20,24,89.54815708666706,27.486832980505135,62.06132410616189,44.539014226491844,2.748683298050514
FR,evaluation,latest_same_hour,2024-11-21,24,60.69845390173509,37.46049894151541,23.237954960219668,20.144474294537204,3.7460498941515414
FR,evaluation,latest_same_hour,2024-11-22,24,112.6689364622772,46.46049894151541,66.20843752076183,17.12041403468578,4.646049894151541
FR,evaluation,latest_same_hour,2024-11-23,24,51.587293198599134,18.973665961010276,32.61362723758885,113.01038046770896,1.8973665961010275
FR,evaluation,latest_same_hour,2024-11-24,24,45.082263284615514,45.97366596101027,-0.8914026763947476,35.57498828583702,4.597366596101027
FR,evaluation,latest_same_hour,2024-11-25,24,77.31471441143631,37.46049894151541,39.854215469920945,109.3387956845227,3.7460498941515414
FR,evaluation,latest_same_hour,2024-11-26,24,-15.419640659050572,28.460498941515414,-43.88013960056597,155.55107833084898,2.846049894151541
FR,evaluation,latest_same_hour,2024-11-27,24,123.4653285863991,18.973665961010276,104.49166262538881,96.09304251017699,1.8973665961010275
FR,evaluation,latest_same_hour,2024-11-28,24,159.04160238577532,37.94733192202055,121.09427046375478,5.513070980435117,3.794733192202055
FR,evaluation,latest_same_hour,2024-11-29,24,109.77676070836895,47.434164902525694,62.342595805843246,14.19777377099524,4.743416490252569
FR,evaluation,latest_same_hour,2024-11-30,24,62.562813112873755,37.94733192202055,24.61548119085319,14.743156237049277,3.794733192202055
FR,evaluation,latest_same_hour,2024-12-01,24,66.5519321878632,37.46049894151541,29.091433246347776,19.7791547061247,3.7460498941515414
FR,evaluation,latest_same_hour,2024-12-02,24,108.67244952185973,28.486832980505135,80.18561654135459,40.38040162194173,2.8486832980505135
FR,evaluation,latest_same_hour,2024-12-03,24,91.77306558263103,36.48683298050514,55.28623260212589,66.63174438317003,3.6486832980505137
FR,evaluation,latest_same_hour,2024-12-04,24,111.65366599951025,28.460498941515414,83.19316705799483,130.88732686281392,2.846049894151541
FR,evaluation,latest_same_hour,2024-12-05,24,81.55130504454871,18.973665961010276,62.57763908353844,27.77750298986841,1.8973665961010275
FR,evaluation,latest_same_hour,2024-12-06,24,179.8197718243125,37.94733192202055,141.87243990229194,13.1097415332315,3.794733192202055
FR,evaluation,latest_same_hour,2024-12-07,24,43.92518278201092,27.486832980505135,16.43834980150578,80.65440063746692,2.748683298050514
FR,evaluation,latest_same_hour,2024-12-08,24,40.798312841157326,36.486832980505135,4.311479860652199,57.871406182302835,3.6486832980505133
FR,evaluation,latest_same_hour,2024-12-09,24,99.10755100736918,56.46049894151541,42.647052065853785,138.09496487977808,5.646049894151542
FR,evaluation,latest_same_hour,2024-12-10,24,22.507133620828853,27.486832980505138,-4.979699359676289,122.11833070336829,2.748683298050514
FR,evaluation,latest_same_hour,2024-12-11,24,349.5040873461097,46.46049894151541,303.0435884045943,37.61994223619115,4.646049894151542
FR,evaluation,latest_same_hour,2024-12-12,24,354.96489806017917,36.973665961010276,317.9912320991689,28.216276761851418,3.6973665961010274
FR,evaluation,latest_same_hour,2024-12-13,24,373.8285991858919,37.94733192202055,335.88126726387134,22.782549358861843,3.794733192202055
FR,evaluation,latest_same_hour,2024-12-14,24,29.240384983482613,37.94733192202055,-8.706946938537953,27.349469683501184,3.794733192202055
FR,evaluation,latest_same_hour,2024-12-15,24,46.04427046375474,37.94733192202055,8.096938541734232,76.14987254745694,3.794733192202055
FR,evaluation,latest_same_hour,2024-12-16,24,98.36730453862806,28.460498941515414,69.90680559711264,31.87285153718544,2.846049894151541
FR,evaluation,latest_same_hour,2024-12-17,24,34.10416124755665,28.460498941515414,5.643662306041222,88.3376489615798,2.846049894151541
FR,evaluation,latest_same_hour,2024-12-18,24,109.90265291664629,27.973665961010276,81.928986955636,51.37038269721465,2.7973665961010274
FR,evaluation,latest_same_hour,2024-12-19,24,123.78296219710904,18.973665961010276,104.80929623609876,19.67507184222768,1.8973665961010275
FR,evaluation,latest_same_hour,2024-12-20,24,125.39275840383885,28.460498941515414,96.93225946232343,48.48959897315376,2.846049894151541
FR,evaluation,latest_same_hour,2024-12-21,24,62.384913576396286,46.46049894151541,15.92441463488089,24.8086253071928,4.646049894151541
FR,evaluation,latest_same_hour,2024-12-22,24,39.3319425627208,38.46049894151541,0.8714436212053727,86.7855865938636,3.846049894151541
FR,evaluation,latest_same_hour,2024-12-23,24,96.64533042350858,18.973665961010276,77.67166446249833,24.940125298061716,1.8973665961010275
FR,evaluation,latest_same_hour,2024-12-24,24,18.173568253151984,27.973665961010276,-9.800097707858242,42.26868058088627,2.7973665961010274
FR,evaluation,latest_same_hour,2024-12-25,24,31.564436264597376,9.486832980505138,22.077603284092234,2.3906819110872846,0.9486832980505138
FR,evaluation,latest_same_hour,2024-12-26,24,10.766931231796264,18.973665961010276,-8.206734729214034,35.13024071808212,1.8973665961010275
FR,evaluation,latest_same_hour,2024-12-27,24,36.769155212045334,9.486832980505138,27.282322231540192,23.033197346112573,0.9486832980505138
FR,evaluation,latest_same_hour,2024-12-28,24,29.201986580514102,9.486832980505138,19.71515360000896,7.327646767610503,0.9486832980505138
FR,evaluation,latest_same_hour,2024-12-29,24,24.4654607615268,37.94733192202055,-13.48187116049371,44.50876777398378,3.794733192202055
FR,evaluation,latest_same_hour,2024-12-30,24,38.83642498133065,18.486832980505135,20.34959200082551,19.26406009055259,1.8486832980505137
FR,evaluation,latest_same_hour,2024-12-31,24,30.94156171172,27.973665961010273,2.9678957507097152,79.80617273763437,2.7973665961010274
FR,evaluation,seven_day_same_hour,2024-09-01,24,161.5628093169069,38.46049894151541,123.10231037539151,65.10337219462869,3.846049894151541
FR,evaluation,seven_day_same_hour,2024-09-02,24,95.0709109525186,38.46049894151541,56.61041201100318,25.9691224491109,3.846049894151541
FR,evaluation,seven_day_same_hour,2024-09-03,24,103.89593837441114,46.94733192202055,56.94860645239058,19.760873484273844,4.6947331922020545
FR,evaluation,seven_day_same_hour,2024-09-04,24,108.00365486629232,46.94733192202055,61.056322944271756,12.83064757362871,4.6947331922020545
FR,evaluation,seven_day_same_hour,2024-09-05,24,123.21561561770027,37.46049894151541,85.75511667618485,25.45751783481765,3.7460498941515414
FR,evaluation,seven_day_same_hour,2024-09-06,24,160.23674863833406,45.97366596101027,114.26308267732378,37.58873020636514,4.597366596101027
FR,evaluation,seven_day_same_hour,2024-09-07,24,249.2695057667584,46.94733192202055,202.32217384473788,13.673738646768442,4.694733192202055
FR,evaluation,seven_day_same_hour,2024-09-08,24,143.62108363437864,46.94733192202055,96.67375171235805,66.70563799261448,4.6947331922020545
FR,evaluation,seven_day_same_hour,2024-09-09,24,299.84883354615147,46.94733192202055,252.90150162413093,19.924177610267833,4.694733192202055
FR,evaluation,seven_day_same_hour,2024-09-10,24,247.70377529270849,38.46049894151541,209.24327635119306,13.669490487949531,3.846049894151541
FR,evaluation,seven_day_same_hour,2024-09-11,24,198.8495768212302,46.94733192202055,151.90224489920962,26.946441063194243,4.6947331922020545
FR,evaluation,seven_day_same_hour,2024-09-12,24,238.03372594100193,46.94733192202055,191.0863940189814,43.15748659063303,4.6947331922020545
FR,evaluation,seven_day_same_hour,2024-09-13,24,313.0706546229036,38.46049894151541,274.61015568138816,45.3851391879852,3.846049894151541
FR,evaluation,seven_day_same_hour,2024-09-14,24,173.33264053329782,38.46049894151541,134.8721415917824,12.057162625415543,3.846049894151541
FR,evaluation,seven_day_same_hour,2024-09-15,24,103.63784726173014,38.46049894151541,65.17734832021472,38.196387578952454,3.846049894151541
FR,evaluation,seven_day_same_hour,2024-09-16,24,309.49455800289894,38.46049894151541,271.0340590613835,9.574904899786361,3.846049894151541
FR,evaluation,seven_day_same_hour,2024-09-17,24,153.04771575776357,38.46049894151541,114.58721681624816,14.70725457455167,3.846049894151541
FR,evaluation,seven_day_same_hour,2024-09-18,24,275.6579479614593,38.46049894151541,237.19744901994386,85.89692119350713,3.846049894151541
FR,evaluation,seven_day_same_hour,2024-09-19,24,278.2349194769972,38.46049894151541,239.7744205354818,34.38849169442699,3.846049894151541
FR,evaluation,seven_day_same_hour,2024-09-20,24,203.53345083166255,46.94733192202055,156.58611890964198,79.56528074839628,4.6947331922020545
FR,evaluation,seven_day_same_hour,2024-09-21,24,135.7718644334764,46.94733192202055,88.82453251145586,89.3298762774503,4.6947331922020545
FR,evaluation,seven_day_same_hour,2024-09-22,24,186.0569079554947,47.434164902525694,138.62274305296904,47.2008893978265,4.743416490252569
FR,evaluation,seven_day_same_hour,2024-09-23,24,259.73918381705363,47.434164902525694,212.30501891452792,24.005167844763065,4.743416490252569
FR,evaluation,seven_day_same_hour,2024-09-24,24,257.3133673117961,47.434164902525694,209.87920240927045,41.83651011224558,4.743416490252569
FR,evaluation,seven_day_same_hour,2024-09-25,24,181.08537683198992,47.43416490252569,133.65121192946424,24.173594954196375,4.743416490252569
FR,evaluation,seven_day_same_hour,2024-09-26,24,184.46706281068032,47.43416490252569,137.03289790815464,5.219672858314169,4.743416490252569
FR,evaluation,seven_day_same_hour,2024-09-27,24,156.91093143959506,47.43416490252569,109.47676653706937,29.35909971426655,4.743416490252569
FR,evaluation,seven_day_same_hour,2024-09-28,24,165.8983974123529,47.43416490252569,118.46423250982723,13.844382565428063,4.743416490252569
FR,evaluation,seven_day_same_hour,2024-09-29,24,127.50319335452168,47.434164902525694,80.069028451996,37.77978895454187,4.743416490252569
FR,evaluation,seven_day_same_hour,2024-09-30,24,168.01419489252152,47.434164902525694,120.58002998999582,5.576333327245948,4.743416490252569
FR,evaluation,seven_day_same_hour,2024-10-01,24,259.6920345472331,47.434164902525694,212.2578696447074,9.499908327653088,4.743416490252569
FR,evaluation,seven_day_same_hour,2024-10-02,24,156.31912404387293,46.94733192202055,109.37179212185237,20.236026990008384,4.694733192202055
FR,evaluation,seven_day_same_hour,2024-10-03,24,272.98694637980645,46.94733192202055,226.0396144577859,24.940273161669012,4.694733192202055
FR,evaluation,seven_day_same_hour,2024-10-04,24,217.09017528846334,46.46049894151541,170.62967634694797,18.6933249487044,4.646049894151541
FR,evaluation,seven_day_same_hour,2024-10-05,24,200.63233588005062,47.434164902525694,153.1981709775249,25.144509736135774,4.743416490252569
FR,evaluation,seven_day_same_hour,2024-10-06,24,118.95696470845013,46.94733192202055,72.00963278642959,46.87895789735755,4.694733192202055
FR,evaluation,seven_day_same_hour,2024-10-07,24,185.40295496318322,46.94733192202055,138.45562304116268,36.91096200757238,4.694733192202055
FR,evaluation,seven_day_same_hour,2024-10-08,24,264.3825856874302,46.46049894151541,217.92208674591478,8.08023814997884,4.646049894151541
FR,evaluation,seven_day_same_hour,2024-10-09,24,148.77094536500158,46.46049894151541,102.31044642348618,32.07419294188759,4.646049894151541
FR,evaluation,seven_day_same_hour,2024-10-10,24,225.90435415291992,47.434164902525694,178.47018925039424,35.46899490328127,4.743416490252569
FR,evaluation,seven_day_same_hour,2024-10-11,24,248.74269670223777,47.434164902525694,201.30853179971206,15.870764474886727,4.743416490252569
FR,evaluation,seven_day_same_hour,2024-10-12,24,157.29627126977297,47.434164902525694,109.86210636724728,26.408727907922398,4.743416490252569
FR,evaluation,seven_day_same_hour,2024-10-13,24,96.93895691085365,47.434164902525694,49.504792008327954,19.166531587855005,4.743416490252569
FR,evaluation,seven_day_same_hour,2024-10-14,24,246.13459159115496,47.434164902525694,198.70042668862925,15.865402714894742,4.743416490252569
FR,evaluation,seven_day_same_hour,2024-10-15,24,157.30758973380756,46.46049894151541,110.84709079229215,57.50442173899579,4.646049894151541
FR,evaluation,seven_day_same_hour,2024-10-16,24,218.89434041408649,46.46049894151541,172.43384147257106,26.65148096775576,4.646049894151541
FR,evaluation,seven_day_same_hour,2024-10-17,24,119.1749191627492,37.94733192202055,81.22758724072864,9.43308477098472,3.794733192202055
FR,evaluation,seven_day_same_hour,2024-10-18,24,208.05692069976118,46.46049894151541,161.59642175824578,13.11110048178466,4.646049894151541
FR,evaluation,seven_day_same_hour,2024-10-19,24,98.63477150397722,46.46049894151541,52.174272562461795,83.20427711772336,4.646049894151541
FR,evaluation,seven_day_same_hour,2024-10-20,24,112.45070575303518,46.46049894151541,65.99020681151977,21.568008285254976,4.646049894151542
FR,evaluation,seven_day_same_hour,2024-10-21,24,234.24476434606362,47.43416490252569,186.81059944353797,16.549624538686828,4.743416490252569
FR,evaluation,seven_day_same_hour,2024-10-22,24,206.41099719053705,47.43416490252569,158.97683228801134,22.928625251418453,4.743416490252569
FR,evaluation,seven_day_same_hour,2024-10-23,24,208.16431554203513,46.947331922020545,161.21698362001456,7.801993871202086,4.6947331922020545
FR,evaluation,seven_day_same_hour,2024-10-24,24,224.3880872883597,46.947331922020545,177.4407553663392,12.110866343634598,4.6947331922020545
FR,evaluation,seven_day_same_hour,2024-10-25,24,146.0192241505357,45.97366596101027,100.04555818952542,19.293500983460206,4.597366596101027
FR,evaluation,seven_day_same_hour,2024-10-26,24,91.07580825850246,45.97366596101027,45.10214229749221,23.20543879924675,4.597366596101027
FR,evaluation,seven_day_same_hour,2024-10-27,25,93.38469308280524,37.46049894151541,55.92419414128982,87.30556124429937,3.7460498941515414
FR,evaluation,seven_day_same_hour,2024-10-28,24,101.33198631792868,37.46049894151541,63.87148737641331,85.55411515941074,3.7460498941515414
FR,evaluation,seven_day_same_hour,2024-10-29,24,142.13772370244521,37.486832980505135,104.65089072194007,84.06328482812074,3.748683298050514
FR,evaluation,seven_day_same_hour,2024-10-30,24,140.89285877209915,46.947331922020545,93.94552685007858,51.50200491212138,4.6947331922020545
FR,evaluation,seven_day_same_hour,2024-10-31,24,73.43136314794305,46.947331922020545,26.48403122592248,59.4286964569267,4.6947331922020545
FR,evaluation,seven_day_same_hour,2024-11-01,24,71.9666971696584,47.434164902525694,24.532532267132694,65.15824249842939,4.743416490252569
FR,evaluation,seven_day_same_hour,2024-11-02,24,53.42367218408259,47.434164902525694,5.989507281556882,31.52823736321065,4.743416490252569
FR,evaluation,seven_day_same_hour,2024-11-03,24,108.49103553883651,47.43416490252569,61.056870636310805,57.31995647491132,4.743416490252569
FR,evaluation,seven_day_same_hour,2024-11-04,24,139.43006252884496,47.43416490252569,91.99589762631925,14.458174161121917,4.743416490252569
FR,evaluation,seven_day_same_hour,2024-11-05,24,191.85862986443,46.46049894151541,145.39813092291456,19.054115775892342,4.646049894151542
FR,evaluation,seven_day_same_hour,2024-11-06,24,122.92142158993477,37.94733192202055,84.97408966791426,12.33515352092627,3.794733192202055
FR,evaluation,seven_day_same_hour,2024-11-07,24,122.58520259584358,37.94733192202055,84.63787067382304,8.583972447308724,3.794733192202055
FR,evaluation,seven_day_same_hour,2024-11-08,24,56.4746955941464,37.94733192202055,18.52736367212583,12.643728792035347,3.794733192202055
FR,evaluation,seven_day_same_hour,2024-11-09,24,17.42674350113964,37.94733192202055,-20.520588420880927,37.976116170264234,3.794733192202055
FR,evaluation,seven_day_same_hour,2024-11-10,24,2.1818616383242784,37.94733192202055,-35.76547028369629,55.30874331456651,3.794733192202055
FR,evaluation,seven_day_same_hour,2024-11-11,24,54.1672986714276,37.94733192202055,16.219966749407035,30.333107155003347,3.794733192202055
FR,evaluation,seven_day_same_hour,2024-11-12,24,107.4960028509265,18.973665961010276,88.52233688991622,60.10924852483642,1.8973665961010275
FR,evaluation,seven_day_same_hour,2024-11-13,24,113.85026266714613,18.973665961010276,94.87659670613584,18.228128127762602,1.8973665961010275
FR,evaluation,seven_day_same_hour,2024-11-14,24,76.81708978045083,27.486832980505135,49.33025679994569,16.684691188933584,2.748683298050514
FR,evaluation,seven_day_same_hour,2024-11-15,24,30.204370513655363,18.973665961010276,11.23070455264508,35.66481356302004,1.8973665961010275
FR,evaluation,seven_day_same_hour,2024-11-16,24,39.27620587470284,18.973665961010276,20.302539913692556,8.92291683699338,1.8973665961010275
FR,evaluation,seven_day_same_hour,2024-11-17,24,84.34944378134634,18.973665961010276,65.37577782033608,29.44412884049413,1.8973665961010275
FR,evaluation,seven_day_same_hour,2024-11-18,24,124.00480996580103,18.973665961010276,105.03114400479075,12.059374036837823,1.8973665961010275
FR,evaluation,seven_day_same_hour,2024-11-19,24,214.17414158772416,28.460498941515414,185.71364264620874,3.677804340948171,2.846049894151541
FR,evaluation,seven_day_same_hour,2024-11-20,24,89.54815708666706,27.486832980505135,62.06132410616189,44.539014226491844,2.748683298050514
FR,evaluation,seven_day_same_hour,2024-11-21,24,61.47853073012067,27.486832980505135,33.991697749615525,9.390731505141346,2.748683298050514
FR,evaluation,seven_day_same_hour,2024-11-22,24,65.26144091314552,28.460498941515414,36.80094197163007,46.52790958381755,2.846049894151541
FR,evaluation,seven_day_same_hour,2024-11-23,24,70.9568910463872,27.486832980505135,43.470058065882085,102.15394963941571,2.748683298050514
FR,evaluation,seven_day_same_hour,2024-11-24,24,57.112066990873444,38.46049894151541,18.651568049358012,16.032017560084263,3.846049894151541
FR,evaluation,seven_day_same_hour,2024-11-25,24,179.1290910000909,47.434164902525694,131.69492609756526,17.49808505687838,4.743416490252569
FR,evaluation,seven_day_same_hour,2024-11-26,24,131.7328427662478,47.434164902525694,84.29867786372205,27.372260866560964,4.743416490252569
FR,evaluation,seven_day_same_hour,2024-11-27,24,212.09494767150733,47.434164902525694,164.66078276898168,35.92392236658412,4.743416490252569
FR,evaluation,seven_day_same_hour,2024-11-28,24,149.2516581471274,46.46049894151541,102.79115920561196,23.816182238577937,4.646049894151542
FR,evaluation,seven_day_same_hour,2024-11-29,24,119.22310790524705,47.434164902525694,71.78894300272134,4.751426574117147,4.743416490252569
FR,evaluation,seven_day_same_hour,2024-11-30,24,55.891912807890265,47.43416490252569,8.457747905364556,30.90088952253791,4.743416490252569
FR,evaluation,seven_day_same_hour,2024-12-01,24,64.42967641999655,47.43416490252569,16.995511517470845,31.87507643500163,4.743416490252569
FR,evaluation,seven_day_same_hour,2024-12-02,24,145.65301708251798,37.486832980505135,108.16618410201283,12.399834061283485,3.748683298050514
FR,evaluation,seven_day_same_hour,2024-12-03,24,136.548587814545,37.486832980505135,99.06175483403985,22.856222151256077,3.748683298050514
FR,evaluation,seven_day_same_hour,2024-12-04,24,157.4821695013867,37.486832980505135,119.99533652088161,94.08515739992714,3.748683298050514
FR,evaluation,seven_day_same_hour,2024-12-05,24,116.35424394215477,37.486832980505135,78.86741096164963,11.487731111757228,3.748683298050514
FR,evaluation,seven_day_same_hour,2024-12-06,24,180.65921395512254,36.973665961010276,143.68554799411226,11.296633441411188,3.6973665961010274
FR,evaluation,seven_day_same_hour,2024-12-07,24,52.39385230470363,36.973665961010276,15.420186343693345,81.67256409527936,3.6973665961010274
FR,evaluation,seven_day_same_hour,2024-12-08,24,15.948385421454105,28.973665961010276,-13.025280539556164,75.2081665825112,2.8973665961010275
FR,evaluation,seven_day_same_hour,2024-12-09,24,220.47302828467292,45.486832980505135,174.98619530416778,5.755821641464081,4.548683298050514
FR,evaluation,seven_day_same_hour,2024-12-10,24,113.79378258142077,36.486832980505135,77.30694960091563,39.83168174277637,3.6486832980505133
FR,evaluation,seven_day_same_hour,2024-12-11,24,368.8680526720293,46.46049894151541,322.4075537305139,18.255976910271556,4.646049894151541
FR,evaluation,seven_day_same_hour,2024-12-12,24,374.8778544093376,47.434164902525694,327.4436895068119,18.763819354208408,4.743416490252569
FR,evaluation,seven_day_same_hour,2024-12-13,24,323.2326454230987,46.46049894151541,276.77214648158326,81.89167014114992,4.646049894151542
FR,evaluation,seven_day_same_hour,2024-12-14,24,40.160821734750584,46.46049894151541,-6.299677206764784,24.942199951728014,4.646049894151542
FR,evaluation,seven_day_same_hour,2024-12-15,24,72.47045298318037,46.46049894151541,26.00995404166494,58.23685704752623,4.646049894151541
FR,evaluation,seven_day_same_hour,2024-12-16,24,124.18458459858874,37.94733192202055,86.23725267656823,15.542404457729845,3.794733192202055
FR,evaluation,seven_day_same_hour,2024-12-17,24,97.10584469664377,37.94733192202055,59.158512774623205,34.82279849299782,3.794733192202055
FR,evaluation,seven_day_same_hour,2024-12-18,24,115.22174299620679,37.94733192202055,77.27441107418628,56.02495857866438,3.794733192202055
FR,evaluation,seven_day_same_hour,2024-12-19,24,145.22005450716313,37.94733192202055,107.27272258514256,17.21164549318388,3.794733192202055
FR,evaluation,seven_day_same_hour,2024-12-20,24,184.06495861716434,46.46049894151541,137.6044596756489,7.817398759828279,4.646049894151542
FR,evaluation,seven_day_same_hour,2024-12-21,24,72.10861003842258,38.46049894151541,33.648111096907186,7.084928845166502,3.846049894151541
FR,evaluation,seven_day_same_hour,2024-12-22,24,92.12289970676412,28.460498941515414,63.6624007652487,23.994629449820273,2.846049894151541
FR,evaluation,seven_day_same_hour,2024-12-23,24,104.41406828252097,27.486832980505135,76.92723530201583,25.684554458544213,2.748683298050514
FR,evaluation,seven_day_same_hour,2024-12-24,24,37.97070772094344,27.486832980505135,10.483874740438296,21.98470813258973,2.748683298050514
FR,evaluation,seven_day_same_hour,2024-12-25,24,37.080223174230895,28.460498941515414,8.61972423271547,15.848560962464049,2.846049894151541
FR,evaluation,seven_day_same_hour,2024-12-26,24,42.299759320417934,28.460498941515414,13.839260378902509,13.084245609965578,2.846049894151541
FR,evaluation,seven_day_same_hour,2024-12-27,24,66.97560542129926,18.973665961010276,48.00193946028898,2.3135801173637844,1.8973665961010275
FR,evaluation,seven_day_same_hour,2024-12-28,24,44.77288741066823,18.486832980505135,26.28605443016309,0.7567459374563725,1.8486832980505137
FR,evaluation,seven_day_same_hour,2024-12-29,24,41.474717935606606,18.486832980505135,22.987884955101464,8.039011658388603,1.8486832980505137
FR,evaluation,seven_day_same_hour,2024-12-30,24,48.34048507188322,18.486832980505135,29.85365209137808,9.76000000000002,1.8486832980505137
FR,evaluation,seven_day_same_hour,2024-12-31,24,46.930421419648184,18.486832980505135,28.443588439143042,54.33048004920104,1.8486832980505137
FR,evaluation,ridge_alpha_10,2024-09-01,24,172.84663410544368,38.46049894151541,134.38613516392826,53.81954740609194,3.846049894151541
FR,evaluation,ridge_alpha_10,2024-09-02,24,105.37308927453017,46.94733192202055,58.425757352509606,24.15377710760447,4.6947331922020545
FR,evaluation,ridge_alpha_10,2024-09-03,24,84.56719936266649,37.973665961010276,46.5935334016562,30.11594653500822,3.7973665961010274
FR,evaluation,ridge_alpha_10,2024-09-04,24,96.14555339092848,37.46049894151541,58.68505444941306,15.201916068487407,3.7460498941515414
FR,evaluation,ridge_alpha_10,2024-09-05,24,106.0919464143551,28.460498941515414,77.6314474728397,33.58118703816281,2.846049894151541
FR,evaluation,ridge_alpha_10,2024-09-06,24,168.88614541100407,37.46049894151541,131.42564646948864,20.42616641420028,3.7460498941515414
FR,evaluation,ridge_alpha_10,2024-09-07,24,209.54375890975948,45.97366596101027,163.5700929487492,52.425819542757125,4.597366596101027
FR,evaluation,ridge_alpha_10,2024-09-08,24,136.3024693458915,45.97366596101027,90.3288033848812,73.05058632009134,4.597366596101027
FR,evaluation,ridge_alpha_10,2024-09-09,24,240.19489302126385,38.46049894151541,201.7343940797484,71.09128515465036,3.8460498941515415
FR,evaluation,ridge_alpha_10,2024-09-10,24,242.9378198813546,36.97366596101027,205.96415392034433,16.94861291879826,3.6973665961010274
FR,evaluation,ridge_alpha_10,2024-09-11,24,195.76326602300549,45.97366596101027,149.7896000619952,29.05908590040866,4.597366596101027
FR,evaluation,ridge_alpha_10,2024-09-12,24,238.03372594100193,46.94733192202055,191.0863940189814,43.15748659063303,4.6947331922020545
FR,evaluation,ridge_alpha_10,2024-09-13,24,313.0706546229036,38.46049894151541,274.61015568138816,45.3851391879852,3.846049894151541
FR,evaluation,ridge_alpha_10,2024-09-14,24,163.84953333771193,37.94733192202055,125.90220141569137,21.027102801506572,3.794733192202055
FR,evaluation,ridge_alpha_10,2024-09-15,24,118.84680194411933,46.94733192202055,71.89947002209877,31.474265877068405,4.694733192202055
FR,evaluation,ridge_alpha_10,2024-09-16,24,304.43600330304855,37.94733192202055,266.488671381028,14.120292580141893,3.794733192202055
FR,evaluation,ridge_alpha_10,2024-09-17,24,153.67651641231794,37.94733192202055,115.72918449029738,13.565286900502443,3.794733192202055
FR,evaluation,ridge_alpha_10,2024-09-18,24,275.6579479614593,38.46049894151541,237.19744901994386,85.89692119350713,3.846049894151541
FR,evaluation,ridge_alpha_10,2024-09-19,24,276.9511466498942,37.94733192202055,239.0038147278737,35.15909750203508,3.794733192202055
FR,evaluation,ridge_alpha_10,2024-09-20,24,243.08042968960456,47.434164902525694,195.64626478707885,40.50513487095941,4.743416490252569
FR,evaluation,ridge_alpha_10,2024-09-21,24,134.63592081229774,46.94733192202055,87.6885888902772,90.46581989862895,4.6947331922020545
FR,evaluation,ridge_alpha_10,2024-09-22,24,190.42618653224213,46.46049894151541,143.96568759072676,41.857944860068784,4.646049894151542
FR,evaluation,ridge_alpha_10,2024-09-23,24,234.8338719897132,46.46049894151541,188.37337304819778,47.93681371109321,4.646049894151542
FR,evaluation,ridge_alpha_10,2024-09-24,24,249.80486574640312,46.94733192202055,202.85753382438256,48.85817869713347,4.6947331922020545
FR,evaluation,ridge_alpha_10,2024-09-25,24,177.5172156402076,46.46049894151541,131.05671669869218,26.76809018496843,4.646049894151542
FR,evaluation,ridge_alpha_10,2024-09-26,24,178.87499957206725,47.434164902525694,131.44083466954157,10.811736096927234,4.743416490252569
FR,evaluation,ridge_alpha_10,2024-09-27,24,176.67930686438388,47.434164902525694,129.2451419618582,9.59072428947772,4.743416490252569
FR,evaluation,ridge_alpha_10,2024-09-28,24,165.55739810583452,47.434164902525694,118.12323320330884,14.185381871946447,4.743416490252569
FR,evaluation,ridge_alpha_10,2024-09-29,24,127.04850983139802,47.434164902525694,79.61434492887234,38.234472477665534,4.743416490252569
FR,evaluation,ridge_alpha_10,2024-09-30,24,160.89907015714266,37.94733192202055,122.95173823512211,3.2046250821196622,3.794733192202055
FR,evaluation,ridge_alpha_10,2024-10-01,24,259.590207733038,46.94733192202055,212.64287581101746,9.114902161343025,4.694733192202055
FR,evaluation,ridge_alpha_10,2024-10-02,24,152.73402817312416,46.94733192202055,105.78669625110359,23.821122860757157,4.694733192202055
FR,evaluation,ridge_alpha_10,2024-10-03,24,242.98593901310622,37.46049894151541,205.5254400715908,45.454447547864106,3.7460498941515414
FR,evaluation,ridge_alpha_10,2024-10-04,24,215.66721657900018,46.94733192202055,168.71988465697964,20.60311663867273,4.694733192202055
FR,evaluation,ridge_alpha_10,2024-10-05,24,204.44930362303683,47.434164902525694,157.01513872051112,21.327541993149566,4.743416490252569
FR,evaluation,ridge_alpha_10,2024-10-06,24,84.92706348392406,37.94733192202055,46.979731561903506,71.90885912188364,3.794733192202055
FR,evaluation,ridge_alpha_10,2024-10-07,24,181.74968159470328,37.94733192202055,143.8023496726827,31.564235376052352,3.794733192202055
FR,evaluation,ridge_alpha_10,2024-10-08,24,263.9414037864618,47.434164902525694,216.50723888393614,9.495086011957483,4.743416490252569
FR,evaluation,ridge_alpha_10,2024-10-09,24,137.4336393471116,37.94733192202055,99.48630742509107,34.8983319402827,3.794733192202055
FR,evaluation,ridge_alpha_10,2024-10-10,24,192.46977514265973,46.46049894151541,146.0092762011443,67.92990795253121,4.646049894151542
FR,evaluation,ridge_alpha_10,2024-10-11,24,221.93220469553842,47.43416490252569,174.49803979301277,42.68125648158602,4.743416490252569
FR,evaluation,ridge_alpha_10,2024-10-12,24,136.35923888196044,37.94733192202055,98.4119069599399,37.85892731522978,3.794733192202055
FR,evaluation,ridge_alpha_10,2024-10-13,24,96.92922025124355,46.46049894151541,50.46872130972814,18.20260228645482,4.646049894151541
FR,evaluation,ridge_alpha_10,2024-10-14,24,241.32232596350926,47.43416490252569,193.88816106098355,20.677668342540443,4.743416490252569
FR,evaluation,ridge_alpha_10,2024-10-15,24,167.85641441178342,37.46049894151541,130.395915470268,37.955597061019944,3.7460498941515414
FR,evaluation,ridge_alpha_10,2024-10-16,24,203.30571653235697,37.94733192202055,165.3583846103364,33.72693782999042,3.794733192202055
FR,evaluation,ridge_alpha_10,2024-10-17,24,109.68303731918385,37.46049894151541,72.22253837766843,18.43813363404493,3.7460498941515414
FR,evaluation,ridge_alpha_10,2024-10-18,24,192.1493772801605,47.434164902525694,144.7152123776348,29.992309862395643,4.743416490252569
FR,evaluation,ridge_alpha_10,2024-10-19,24,86.81915599980135,45.97366596101027,40.84549003879107,94.53305964139409,4.597366596101027
FR,evaluation,ridge_alpha_10,2024-10-20,24,111.40606515173477,46.947331922020545,64.45873322971424,23.099481867060504,4.6947331922020545
FR,evaluation,ridge_alpha_10,2024-10-21,24,224.77868558728198,38.46049894151541,186.31818664576656,17.042037336458236,3.846049894151541
FR,evaluation,ridge_alpha_10,2024-10-22,24,205.61345658336285,45.97366596101027,159.63979062235256,22.265666917077226,4.597366596101027
FR,evaluation,ridge_alpha_10,2024-10-23,24,194.0019723539687,28.973665961010276,165.02830639295848,3.9906710982581615,2.8973665961010275
FR,evaluation,ridge_alpha_10,2024-10-24,24,218.45485015121008,37.46049894151541,180.99435120969466,8.557270500279145,3.7460498941515414
FR,evaluation,ridge_alpha_10,2024-10-25,24,118.3067916676478,28.973665961010276,89.33312570663752,30.00593346634811,2.8973665961010275
FR,evaluation,ridge_alpha_10,2024-10-26,24,91.07580825850246,45.97366596101027,45.10214229749221,23.20543879924675,4.597366596101027
FR,evaluation,ridge_alpha_10,2024-10-27,25,113.43294287291046,46.94733192202055,66.48561095088992,76.74414443469927,4.6947331922020545
FR,evaluation,ridge_alpha_10,2024-10-28,24,119.19391669500766,38.46049894151541,80.73341775349223,68.69218478233182,3.846049894151541
FR,evaluation,ridge_alpha_10,2024-10-29,24,113.17773304824067,38.46049894151541,74.71723410672524,113.99694144333557,3.8460498941515415
FR,evaluation,ridge_alpha_10,2024-10-30,24,140.07370577228528,46.947331922020545,93.12637385026471,52.321157911935245,4.6947331922020545
FR,evaluation,ridge_alpha_10,2024-10-31,24,91.74948033103624,47.434164902525694,44.31531542851059,41.59741225433859,4.743416490252569
FR,evaluation,ridge_alpha_10,2024-11-01,24,71.89096759491315,47.434164902525694,24.45680269238744,65.23397207317464,4.743416490252569
FR,evaluation,ridge_alpha_10,2024-11-02,24,52.283672184082604,47.434164902525694,4.849507281556896,32.668237363210636,4.743416490252569
FR,evaluation,ridge_alpha_10,2024-11-03,24,82.8792275419315,47.434164902525694,35.44506263940579,82.93176447181634,4.743416490252569
FR,evaluation,ridge_alpha_10,2024-11-04,24,140.19320027206342,46.46049894151541,93.732701330548,12.721370456893169,4.646049894151542
FR,evaluation,ridge_alpha_10,2024-11-05,24,157.41019746062472,37.46049894151541,119.94969851910929,44.50254817969761,3.7460498941515414
FR,evaluation,ridge_alpha_10,2024-11-06,24,122.92142158993477,37.94733192202055,84.97408966791426,12.33515352092627,3.794733192202055
FR,evaluation,ridge_alpha_10,2024-11-07,24,120.89481030242297,37.94733192202055,82.9474783804024,10.274364740729368,3.794733192202055
FR,evaluation,ridge_alpha_10,2024-11-08,24,57.0534859154136,37.94733192202055,19.106153993393036,12.06493847076814,3.794733192202055
FR,evaluation,ridge_alpha_10,2024-11-09,24,17.237960489810348,37.94733192202055,-20.709371432210162,38.16489918159347,3.794733192202055
FR,evaluation,ridge_alpha_10,2024-11-10,24,-4.667276741613648,37.94733192202055,-42.614608663634215,62.15788169450444,3.794733192202055
FR,evaluation,ridge_alpha_10,2024-11-11,24,46.78950147210651,18.973665961010276,27.815835511096225,18.737238393314158,1.8973665961010275
FR,evaluation,ridge_alpha_10,2024-11-12,24,124.38045077292463,18.973665961010276,105.40678481191435,43.224800602838286,1.8973665961010275
FR,evaluation,ridge_alpha_10,2024-11-13,24,113.85026266714613,18.973665961010276,94.87659670613584,18.228128127762602,1.8973665961010275
FR,evaluation,ridge_alpha_10,2024-11-14,24,75.76028356488092,27.973665961010273,47.78661760387064,18.228330385008633,2.7973665961010274
FR,evaluation,ridge_alpha_10,2024-11-15,24,55.13186147001329,27.973665961010276,27.158195509003008,19.73732260666211,2.7973665961010274
FR,evaluation,ridge_alpha_10,2024-11-16,24,39.27620587470284,18.973665961010276,20.302539913692556,8.92291683699338,1.8973665961010275
FR,evaluation,ridge_alpha_10,2024-11-17,24,68.80423165719242,28.486832980505135,40.317398676687276,54.50250798414294,2.8486832980505135
FR,evaluation,ridge_alpha_10,2024-11-18,24,122.65195520553073,18.973665961010276,103.67828924452044,13.412228797108128,1.8973665961010275
FR,evaluation,ridge_alpha_10,2024-11-19,24,192.9044703424342,28.460498941515414,164.44397140091877,24.94747558623814,2.846049894151541
FR,evaluation,ridge_alpha_10,2024-11-20,24,89.16247718100021,27.486832980505135,61.67564420049504,44.92469413215869,2.748683298050514
FR,evaluation,ridge_alpha_10,2024-11-21,24,60.117453901735075,28.460498941515414,31.65695496021968,11.725474294537193,2.846049894151541
FR,evaluation,ridge_alpha_10,2024-11-22,24,113.43340252832161,46.94733192202055,66.4860706063011,16.842780949146515,4.6947331922020545
FR,evaluation,ridge_alpha_10,2024-11-23,24,104.13250175196617,35.99999999999999,68.13250175196617,77.49150595333163,3.5999999999999996
FR,evaluation,ridge_alpha_10,2024-11-24,24,56.40223130943712,47.434164902525694,8.968066406911419,25.715519202530857,4.743416490252569
FR,evaluation,ridge_alpha_10,2024-11-25,24,179.1290910000909,47.434164902525694,131.69492609756526,17.49808505687838,4.743416490252569
FR,evaluation,ridge_alpha_10,2024-11-26,24,129.3778436838146,36.0,93.3778436838146,18.29309504646841,3.5999999999999996
FR,evaluation,ridge_alpha_10,2024-11-27,24,208.56800500540788,45.486832980505135,163.08117202490274,37.50353311066306,4.548683298050513
FR,evaluation,ridge_alpha_10,2024-11-28,24,137.97969876343257,37.94733192202055,100.032366841412,26.5749746027779,3.794733192202055
FR,evaluation,ridge_alpha_10,2024-11-29,24,111.43429018133736,47.43416490252569,64.00012527881165,12.540244298026835,4.743416490252569
FR,evaluation,ridge_alpha_10,2024-11-30,24,55.6704182340755,37.94733192202055,17.72308631205496,21.635551115847505,3.794733192202055
FR,evaluation,ridge_alpha_10,2024-12-01,24,71.9607403905913,47.434164902525694,24.526575488065646,24.34401246440683,4.743416490252569
FR,evaluation,ridge_alpha_10,2024-12-02,24,111.25459314949956,28.486832980505135,82.76776016899441,37.798257994301906,2.8486832980505135
FR,evaluation,ridge_alpha_10,2024-12-03,24,112.15327998795328,28.973665961010276,83.179614026943,38.73836295835292,2.8973665961010275
FR,evaluation,ridge_alpha_10,2024-12-04,24,157.4821695013867,37.486832980505135,119.99533652088161,94.08515739992714,3.748683298050514
FR,evaluation,ridge_alpha_10,2024-12-05,24,112.76037903615827,28.973665961010276,83.78671307514799,6.568428998258867,2.8973665961010275
FR,evaluation,ridge_alpha_10,2024-12-06,24,180.60775094483995,37.94733192202055,142.66041902281938,12.32176241270406,3.794733192202055
FR,evaluation,ridge_alpha_10,2024-12-07,24,36.80888349514302,28.973665961010276,7.835217534132767,89.25753290483993,2.8973665961010275
FR,evaluation,ridge_alpha_10,2024-12-08,24,27.802312841157345,36.486832980505135,-8.684520139347796,70.86740618230283,3.6486832980505133
FR,evaluation,ridge_alpha_10,2024-12-09,24,194.2884097642231,37.46049894151541,156.82791082270774,23.914106122924125,3.7460498941515414
FR,evaluation,ridge_alpha_10,2024-12-10,24,122.41722400048695,27.486832980505135,94.93039101998181,22.208240323710186,2.748683298050514
FR,evaluation,ridge_alpha_10,2024-12-11,24,366.55405267202923,46.46049894151541,320.0935537305138,20.569976910271635,4.646049894151541
FR,evaluation,ridge_alpha_10,2024-12-12,24,327.57331301950705,28.973665961010276,298.59964705849677,47.60786180252353,2.8973665961010275
FR,evaluation,ridge_alpha_10,2024-12-13,24,374.71355335934334,37.94733192202055,336.76622143732277,21.89759518541041,3.794733192202055
FR,evaluation,ridge_alpha_10,2024-12-14,24,34.751146515144114,37.94733192202055,-3.1961854068764524,21.838708151839683,3.794733192202055
FR,evaluation,ridge_alpha_10,2024-12-15,24,58.728440800608894,37.94733192202055,20.781108878588384,63.465702210602785,3.794733192202055
FR,evaluation,ridge_alpha_10,2024-12-16,24,124.18458459858874,37.94733192202055,86.23725267656823,15.542404457729845,3.794733192202055
FR,evaluation,ridge_alpha_10,2024-12-17,24,95.9298725859569,37.94733192202055,57.982540663936334,35.99877060368469,3.794733192202055
FR,evaluation,ridge_alpha_10,2024-12-18,24,115.22174299620679,37.94733192202055,77.27441107418628,56.02495857866438,3.794733192202055
FR,evaluation,ridge_alpha_10,2024-12-19,24,145.22005450716313,37.94733192202055,107.27272258514256,17.21164549318388,3.794733192202055
FR,evaluation,ridge_alpha_10,2024-12-20,24,154.43475840383883,46.46049894151542,107.9742594623234,37.44759897315379,4.646049894151542
FR,evaluation,ridge_alpha_10,2024-12-21,24,68.1364832915359,37.46049894151541,30.6759843500205,10.057055592053189,3.7460498941515414
FR,evaluation,ridge_alpha_10,2024-12-22,24,98.81155087958746,47.43416490252569,51.377385977061735,36.279644238007236,4.743416490252569
FR,evaluation,ridge_alpha_10,2024-12-23,24,104.41406828252097,27.486832980505135,76.92723530201583,25.684554458544213,2.748683298050514
FR,evaluation,ridge_alpha_10,2024-12-24,24,17.772203925056715,36.486832980505135,-18.714629055448427,51.18321192847645,3.6486832980505133
FR,evaluation,ridge_alpha_10,2024-12-25,24,35.12578049998808,27.486832980505135,7.638947519482969,16.82933767569655,2.748683298050514
FR,evaluation,ridge_alpha_10,2024-12-26,24,44.733400952809575,27.486832980505135,17.24656797230449,9.676938016563597,2.748683298050514
FR,evaluation,ridge_alpha_10,2024-12-27,24,65.2362431361367,18.486832980505135,46.74941015563155,3.5661094220212135,1.8486832980505137
FR,evaluation,ridge_alpha_10,2024-12-28,24,44.650249845879586,18.486832980505135,26.163416865374472,0.8793835022449912,1.8486832980505137
FR,evaluation,ridge_alpha_10,2024-12-29,24,41.474717935606606,18.486832980505135,22.987884955101464,8.039011658388603,1.8486832980505137
FR,evaluation,ridge_alpha_10,2024-12-30,24,45.13498888603209,9.486832980505138,35.64815590552695,3.9654961858511513,0.9486832980505138
FR,evaluation,ridge_alpha_10,2024-12-31,24,36.11547455613464,18.486832980505135,17.6286415756295,65.14542691271458,1.8486832980505137
FR,evaluation,rf_depth_6_leaf_20,2024-09-01,24,184.42707899191785,38.46049894151541,145.96658005040243,42.239102519617774,3.8460498941515415
FR,evaluation,rf_depth_6_leaf_20,2024-09-02,24,83.38890896536032,36.97366596101027,46.41524300435003,36.164291455764044,3.697366596101028
FR,evaluation,rf_depth_6_leaf_20,2024-09-03,24,89.97757629507166,37.94733192202055,52.03024437305109,24.679235563613332,3.794733192202055
FR,evaluation,rf_depth_6_leaf_20,2024-09-04,24,88.20055339092855,28.460498941515414,59.74005444941312,14.146916068487343,2.846049894151541
FR,evaluation,rf_depth_6_leaf_20,2024-09-05,24,106.0919464143551,28.460498941515414,77.6314474728397,33.58118703816281,2.846049894151541
FR,evaluation,rf_depth_6_leaf_20,2024-09-06,24,122.67346685577607,36.97366596101027,85.69980089476581,66.1520119889231,3.6973665961010274
FR,evaluation,rf_depth_6_leaf_20,2024-09-07,24,164.28016597310489,27.973665961010276,136.3065000120946,79.68941247941171,2.7973665961010274
FR,evaluation,rf_depth_6_leaf_20,2024-09-08,24,181.93235994509598,37.94733192202055,143.98502802307542,19.394361681897124,3.794733192202055
FR,evaluation,rf_depth_6_leaf_20,2024-09-09,24,278.50913152409754,36.97366596101027,241.53546556308726,31.290213671311506,3.6973665961010274
FR,evaluation,rf_depth_6_leaf_20,2024-09-10,24,246.99919697494204,37.94733192202055,209.05186505292147,13.86090178622112,3.794733192202055
FR,evaluation,rf_depth_6_leaf_20,2024-09-11,24,197.24713294758513,46.94733192202055,150.29980102556456,28.5488849368393,4.694733192202055
FR,evaluation,rf_depth_6_leaf_20,2024-09-12,24,224.96519165018663,37.94733192202055,187.01785972816612,47.22602088144831,3.794733192202055
FR,evaluation,rf_depth_6_leaf_20,2024-09-13,24,334.3462308054921,37.94733192202055,296.3988988834716,23.59639598590178,3.794733192202055
FR,evaluation,rf_depth_6_leaf_20,2024-09-14,24,169.80625198506235,28.460498941515414,141.34575304354692,5.583551173651017,2.846049894151541
FR,evaluation,rf_depth_6_leaf_20,2024-09-15,24,130.72693715674671,37.94733192202055,92.77960523472615,10.594130664441025,3.794733192202055
FR,evaluation,rf_depth_6_leaf_20,2024-09-16,24,286.1276290036254,28.460498941515414,257.66713006211,22.941833899059873,2.846049894151541
FR,evaluation,rf_depth_6_leaf_20,2024-09-17,24,152.6751565016103,38.46049894151541,114.21465756009489,15.079813830704936,3.846049894151541
FR,evaluation,rf_depth_6_leaf_20,2024-09-18,24,335.7060632243023,46.94733192202055,288.7587313022817,34.33563891116927,4.6947331922020545
FR,evaluation,rf_depth_6_leaf_20,2024-09-19,24,298.28448586260276,46.94733192202055,251.3371539405822,22.825758289326586,4.6947331922020545
FR,evaluation,rf_depth_6_leaf_20,2024-09-20,24,243.4156780917587,46.46049894151541,196.95517915024328,39.196220507794976,4.646049894151541
FR,evaluation,rf_depth_6_leaf_20,2024-09-21,24,134.80206809594785,47.434164902525694,87.36790319342215,90.786505595484,4.743416490252569
FR,evaluation,rf_depth_6_leaf_20,2024-09-22,24,194.58265833468823,47.434164902525694,147.14849343216258,38.67513901863296,4.743416490252569
FR,evaluation,rf_depth_6_leaf_20,2024-09-23,24,225.3077680405205,46.46049894151541,178.84726909900508,57.46291766028591,4.646049894151541
FR,evaluation,rf_depth_6_leaf_20,2024-09-24,24,251.51657050585914,47.434164902525694,204.08240560333343,47.6333069181826,4.743416490252569
FR,evaluation,rf_depth_6_leaf_20,2024-09-25,24,148.42129631112314,37.94733192202055,110.47396438910259,47.35084249455802,3.794733192202055
FR,evaluation,rf_depth_6_leaf_20,2024-09-26,24,174.62224490019747,47.43416490252569,127.1880799976718,15.064490768797,4.743416490252569
FR,evaluation,rf_depth_6_leaf_20,2024-09-27,24,155.31712996585986,47.43416490252569,107.88296506333418,30.952901188001732,4.743416490252569
FR,evaluation,rf_depth_6_leaf_20,2024-09-28,24,165.8983974123529,47.43416490252569,118.46423250982723,13.844382565428063,4.743416490252569
FR,evaluation,rf_depth_6_leaf_20,2024-09-29,24,126.00079517662633,47.434164902525694,78.56663027410065,39.28218713243723,4.743416490252569
FR,evaluation,rf_depth_6_leaf_20,2024-09-30,24,160.89015200821046,37.94733192202055,122.9428200861899,3.2135432310518723,3.794733192202055
FR,evaluation,rf_depth_6_leaf_20,2024-10-01,24,213.19598581497166,46.46049894151541,166.7354868734562,55.022291098904276,4.646049894151541
FR,evaluation,rf_depth_6_leaf_20,2024-10-02,24,141.27539089932867,38.46049894151541,102.81489195781327,26.792927154047476,3.8460498941515415
FR,evaluation,rf_depth_6_leaf_20,2024-10-03,24,209.1214897497736,28.973665961010276,180.1478237887633,70.8320638306916,2.8973665961010275
FR,evaluation,rf_depth_6_leaf_20,2024-10-04,24,205.75782689119512,37.94733192202055,167.81049496917456,21.51250632647782,3.794733192202055
FR,evaluation,rf_depth_6_leaf_20,2024-10-05,24,206.58393597659446,47.434164902525694,159.14977107406875,19.19290963959193,4.743416490252569
FR,evaluation,rf_depth_6_leaf_20,2024-10-06,24,126.86463936537379,47.434164902525694,79.43047446284811,39.45811622093903,4.743416490252569
FR,evaluation,rf_depth_6_leaf_20,2024-10-07,24,185.40295496318322,46.94733192202055,138.45562304116268,36.91096200757238,4.694733192202055
FR,evaluation,rf_depth_6_leaf_20,2024-10-08,24,271.7133081590484,47.43416490252569,224.2791432565227,1.723181639370921,4.743416490252569
FR,evaluation,rf_depth_6_leaf_20,2024-10-09,24,162.6500570560165,46.947331922020545,115.70272513399593,18.681914231377846,4.6947331922020545
FR,evaluation,rf_depth_6_leaf_20,2024-10-10,24,221.67602626197814,46.46049894151541,175.2155273204627,38.7236568332128,4.646049894151542
FR,evaluation,rf_depth_6_leaf_20,2024-10-11,24,221.70609782237048,47.43416490252569,174.27193291984483,42.907363354753954,4.743416490252569
FR,evaluation,rf_depth_6_leaf_20,2024-10-12,24,133.16367516580783,47.434164902525694,85.72951026328214,50.54132401188754,4.743416490252569
FR,evaluation,rf_depth_6_leaf_20,2024-10-13,24,96.64922025124353,46.46049894151541,50.18872130972813,18.482602286454828,4.646049894151541
FR,evaluation,rf_depth_6_leaf_20,2024-10-14,24,242.73995775635967,37.94733192202055,204.7926258343391,9.773203569184886,3.794733192202055
FR,evaluation,rf_depth_6_leaf_20,2024-10-15,24,150.5434055830956,37.94733192202055,112.59607366107504,55.7554388702129,3.794733192202055
FR,evaluation,rf_depth_6_leaf_20,2024-10-16,24,203.88824658725818,37.94733192202055,165.9409146652377,33.14440777508912,3.794733192202055
FR,evaluation,rf_depth_6_leaf_20,2024-10-17,24,109.67292201170002,37.94733192202055,71.72559008967946,18.935081922033902,3.794733192202055
FR,evaluation,rf_depth_6_leaf_20,2024-10-18,24,180.27442498231846,37.94733192202055,142.32709306029795,32.38042917973249,3.794733192202055
FR,evaluation,rf_depth_6_leaf_20,2024-10-19,24,89.87569104086049,46.94733192202055,42.92835911883992,92.45019056134524,4.6947331922020545
FR,evaluation,rf_depth_6_leaf_20,2024-10-20,24,78.01021809577433,37.94733192202055,40.06288617375378,47.49532892302096,3.794733192202055
FR,evaluation,rf_depth_6_leaf_20,2024-10-21,24,224.937717694247,38.46049894151541,186.47721875273157,16.88300522949322,3.846049894151541
FR,evaluation,rf_depth_6_leaf_20,2024-10-22,24,206.1827266152335,47.43416490252569,158.74856171270778,23.156895826722007,4.743416490252569
FR,evaluation,rf_depth_6_leaf_20,2024-10-23,24,203.53944235785877,37.94733192202055,165.59211043583826,3.4268670553783807,3.794733192202055
FR,evaluation,rf_depth_6_leaf_20,2024-10-24,24,182.68413172893287,37.46049894151541,145.22363278741744,44.32798892255636,3.7460498941515414
FR,evaluation,rf_depth_6_leaf_20,2024-10-25,24,135.99146563613596,37.46049894151541,98.53096669462052,20.80809247836511,3.7460498941515414
FR,evaluation,rf_depth_6_leaf_20,2024-10-26,24,68.37583357461278,28.973665961010276,39.40216761360253,28.905413483136428,2.8973665961010275
FR,evaluation,rf_depth_6_leaf_20,2024-10-27,25,132.23576985541644,46.94733192202055,85.28843793339588,57.9413174521933,4.6947331922020545
FR,evaluation,rf_depth_6_leaf_20,2024-10-28,24,118.30305874916462,38.46049894151541,79.8425598076492,69.58304272817486,3.846049894151541
FR,evaluation,rf_depth_6_leaf_20,2024-10-29,24,136.65901478917473,37.46049894151541,99.19851584765931,89.5156597024015,3.7460498941515414
FR,evaluation,rf_depth_6_leaf_20,2024-10-30,24,155.42704710393863,37.94733192202055,117.47971518191807,27.96781658028189,3.794733192202055
FR,evaluation,rf_depth_6_leaf_20,2024-10-31,24,62.356603304330065,37.94733192202055,24.409271382309498,61.50345630053968,3.794733192202055
FR,evaluation,rf_depth_6_leaf_20,2024-11-01,24,84.71652765609673,37.94733192202055,46.76919573407616,42.92157903148592,3.794733192202055
FR,evaluation,rf_depth_6_leaf_20,2024-11-02,24,65.08404400967677,37.94733192202055,27.136712087656207,10.381032557111325,3.794733192202055
FR,evaluation,rf_depth_6_leaf_20,2024-11-03,24,69.5875693795056,47.434164902525694,22.153404476979887,96.22342263424224,4.743416490252569
FR,evaluation,rf_depth_6_leaf_20,2024-11-04,24,95.13925095298316,37.94733192202055,57.19191903096262,49.26215275647854,3.794733192202055
FR,evaluation,rf_depth_6_leaf_20,2024-11-05,24,123.8452653731768,37.486832980505135,86.35843239267166,78.09381430613524,3.748683298050514
FR,evaluation,rf_depth_6_leaf_20,2024-11-06,24,127.07961484919423,45.97366596101027,81.10594888818395,16.20329430065658,4.597366596101027
FR,evaluation,rf_depth_6_leaf_20,2024-11-07,24,71.84178754832864,28.460498941515414,43.38128860681323,49.84055451431854,2.846049894151541
FR,evaluation,rf_depth_6_leaf_20,2024-11-08,24,27.648318070650504,18.973665961010276,8.67465210964022,22.496440354520956,1.8973665961010275
FR,evaluation,rf_depth_6_leaf_20,2024-11-09,24,5.3426892960496275,28.460498941515414,-23.11780964546577,40.57333739484908,2.846049894151541
FR,evaluation,rf_depth_6_leaf_20,2024-11-10,24,-40.38406518924705,28.460498941515414,-68.84456413076245,88.38783716163267,2.846049894151541
FR,evaluation,rf_depth_6_leaf_20,2024-11-11,24,28.62049455555261,9.486832980505138,19.13366157504747,27.419412329362913,0.9486832980505138
FR,evaluation,rf_depth_6_leaf_20,2024-11-12,24,102.05091316475004,9.486832980505138,92.56408018424492,56.06750523050772,0.9486832980505138
FR,evaluation,rf_depth_6_leaf_20,2024-11-13,24,72.92304873324932,9.486832980505138,63.436215752744175,49.66850908115427,0.9486832980505138
FR,evaluation,rf_depth_6_leaf_20,2024-11-14,24,52.18396219612117,18.0,34.18396219612117,31.8309857927581,1.7999999999999998
FR,evaluation,rf_depth_6_leaf_20,2024-11-15,24,21.10609592751095,9.486832980505138,11.619262947005808,35.27625516865931,0.9486832980505138
FR,evaluation,rf_depth_6_leaf_20,2024-11-16,24,29.761901111989488,9.486832980505138,20.275068131484346,8.95038861920159,0.9486832980505138
FR,evaluation,rf_depth_6_leaf_20,2024-11-17,24,70.63621282876896,9.486832980505138,61.14937984826382,33.67052681256639,0.9486832980505138
FR,evaluation,rf_depth_6_leaf_20,2024-11-18,24,70.2642156969698,9.486832980505138,60.77738271646466,56.31313532516391,0.9486832980505138
FR,evaluation,rf_depth_6_leaf_20,2024-11-19,24,125.82536039425442,9.486832980505138,116.33852741374928,73.05291957340764,0.9486832980505138
FR,evaluation,rf_depth_6_leaf_20,2024-11-20,24,35.380042753512306,9.486832980505138,25.893209773007165,80.70712855964658,0.9486832980505138
FR,evaluation,rf_depth_6_leaf_20,2024-11-21,24,43.495669410156125,18.0,25.495669410156125,17.886759844600746,1.7999999999999998
FR,evaluation,rf_depth_6_leaf_20,2024-11-22,24,41.432116976282394,9.486832980505138,31.945283995777253,51.38356755967036,0.9486832980505138
FR,evaluation,rf_depth_6_leaf_20,2024-11-23,24,22.342519070744245,18.0,4.342519070744245,141.28148863455357,1.7999999999999998
FR,evaluation,rf_depth_6_leaf_20,2024-11-24,24,32.318997207811385,36.97366596101027,-4.654668753198889,39.338254362641166,3.6973665961010274
FR,evaluation,rf_depth_6_leaf_20,2024-11-25,24,133.05142249022742,27.973665961010276,105.07775652921714,44.1152546252265,2.7973665961010274
FR,evaluation,rf_depth_6_leaf_20,2024-11-26,24,125.35988330654078,46.94733192202055,78.41255138452021,33.2583873457628,4.6947331922020545
FR,evaluation,rf_depth_6_leaf_20,2024-11-27,24,150.0375087647702,28.460498941515414,121.57700982325477,79.00769531231103,2.846049894151541
FR,evaluation,rf_depth_6_leaf_20,2024-11-28,24,82.22066883019895,28.460498941515414,53.76016988868352,72.84717155550638,2.846049894151541
FR,evaluation,rf_depth_6_leaf_20,2024-11-29,24,99.53462549574158,47.434164902525694,52.10046059321587,24.439908983622615,4.743416490252569
FR,evaluation,rf_depth_6_leaf_20,2024-11-30,24,54.27764369457441,37.46049894151541,16.817144753058983,22.541492674843482,3.7460498941515414
FR,evaluation,rf_depth_6_leaf_20,2024-12-01,24,73.92388776654008,46.947331922020545,26.97655584451951,21.894032107952967,4.6947331922020545
FR,evaluation,rf_depth_6_leaf_20,2024-12-02,24,117.5820075988486,28.486832980505135,89.09517461834346,31.470843544952857,2.8486832980505135
FR,evaluation,rf_depth_6_leaf_20,2024-12-03,24,70.9304019656388,18.486832980505138,52.44356898513365,69.47440800016227,1.8486832980505137
FR,evaluation,rf_depth_6_leaf_20,2024-12-04,24,77.43299336626926,18.0,59.43299336626926,154.64750055453948,1.7999999999999998
FR,evaluation,rf_depth_6_leaf_20,2024-12-05,24,9.475993421055776,18.0,-8.524006578944224,98.87914865235108,1.7999999999999998
FR,evaluation,rf_depth_6_leaf_20,2024-12-06,24,9.927000262585333,9.486832980505138,0.4401672820801963,154.54201415344323,0.9486832980505138
FR,evaluation,rf_depth_6_leaf_20,2024-12-07,24,1.3973304407829374,9.486832980505138,-8.0895025397222,105.1822529786949,0.9486832980505138
FR,evaluation,rf_depth_6_leaf_20,2024-12-08,24,24.649494518040417,9.486832980505138,15.162661537535278,47.020224505419755,0.9486832980505138
FR,evaluation,rf_depth_6_leaf_20,2024-12-09,24,140.20167494073468,27.973665961010276,112.22800897972438,68.51400796590748,2.7973665961010274
FR,evaluation,rf_depth_6_leaf_20,2024-12-10,24,118.63539133834149,18.486832980505135,100.14855835783635,16.990072985855647,1.8486832980505137
FR,evaluation,rf_depth_6_leaf_20,2024-12-11,24,351.1986988586947,45.486832980505135,305.71186587818954,34.9516647625959,4.548683298050513
FR,evaluation,rf_depth_6_leaf_20,2024-12-12,24,142.5710713575328,9.486832980505138,133.08423837702765,213.12327048399266,0.9486832980505138
FR,evaluation,rf_depth_6_leaf_20,2024-12-13,24,147.7673411268181,9.486832980505138,138.28050814631297,220.3833084764202,0.9486832980505138
FR,evaluation,rf_depth_6_leaf_20,2024-12-14,24,19.846088617572946,9.486832980505138,10.359255637067804,8.283267107895426,0.9486832980505138
FR,evaluation,rf_depth_6_leaf_20,2024-12-15,24,41.57647178319606,18.973665961010276,22.60280582218578,61.64400526700539,1.8973665961010275
FR,evaluation,rf_depth_6_leaf_20,2024-12-16,24,89.97225427034243,18.0,71.97225427034243,29.807402863955645,1.7999999999999998
FR,evaluation,rf_depth_6_leaf_20,2024-12-17,24,32.76966365648016,18.973665961010276,13.795997695469879,80.18531357215114,1.8973665961010275
FR,evaluation,rf_depth_6_leaf_20,2024-12-18,24,63.20279049056599,9.486832980505138,53.715957510060846,79.58341214278981,0.9486832980505138
FR,evaluation,rf_depth_6_leaf_20,2024-12-19,24,88.13079262777305,9.486832980505138,78.6439596472679,45.840408431058535,0.9486832980505138
FR,evaluation,rf_depth_6_leaf_20,2024-12-20,24,127.69829496068422,27.973665961010273,99.72462899967394,45.69722943580325,2.7973665961010274
FR,evaluation,rf_depth_6_leaf_20,2024-12-21,24,43.107257361640734,18.486832980505135,24.62042438113561,16.112615560938078,1.8486832980505137
FR,evaluation,rf_depth_6_leaf_20,2024-12-22,24,87.01499016144653,37.46049894151541,49.55449121993115,38.10253899513782,3.7460498941515414
FR,evaluation,rf_depth_6_leaf_20,2024-12-23,24,104.99318315910851,28.460498941515414,76.53268421759311,26.07910554296693,2.846049894151541
FR,evaluation,rf_depth_6_leaf_20,2024-12-24,24,24.65737244405142,18.973665961010276,5.683706483041149,26.784876389986877,1.8973665961010275
FR,evaluation,rf_depth_6_leaf_20,2024-12-25,24,33.779754203461295,18.973665961010276,14.80608824245104,9.662196952728479,1.8973665961010275
FR,evaluation,rf_depth_6_leaf_20,2024-12-26,24,39.69563792164837,18.973665961010276,20.721971960638086,6.20153402823,1.8973665961010275
FR,evaluation,rf_depth_6_leaf_20,2024-12-27,24,66.54059310694123,18.486832980505135,48.05376012643609,2.261759451216676,1.8486832980505137
FR,evaluation,rf_depth_6_leaf_20,2024-12-28,24,45.511241879972175,18.486832980505135,27.024408899467034,0.01839146815242998,1.8486832980505137
FR,evaluation,rf_depth_6_leaf_20,2024-12-29,24,13.373466253605315,36.97366596101027,-23.60019970740497,54.627096320895035,3.697366596101028
FR,evaluation,rf_depth_6_leaf_20,2024-12-30,24,42.01267222159473,36.97366596101027,5.0390062605844435,34.574645830793656,3.697366596101028
FR,evaluation,rf_depth_6_leaf_20,2024-12-31,24,24.327146365095302,18.973665961010276,5.353480404085019,77.42058808425907,1.8973665961010275
FR,evaluation,rf_depth_12_leaf_5,2024-09-01,24,179.45707899191788,38.46049894151541,140.99658005040246,47.209102519617744,3.8460498941515415
FR,evaluation,rf_depth_12_leaf_5,2024-09-02,24,87.58044235687095,37.94733192202055,49.63311043485044,32.94642402526364,3.794733192202055
FR,evaluation,rf_depth_12_leaf_5,2024-09-03,24,96.73757629507168,46.947331922020545,49.79024437305111,26.919235563613313,4.6947331922020545
FR,evaluation,rf_depth_12_leaf_5,2024-09-04,24,98.03146919683047,37.46049894151541,60.570970255315046,13.316000262585419,3.7460498941515414
FR,evaluation,rf_depth_12_leaf_5,2024-09-05,24,106.0919464143551,28.460498941515414,77.6314474728397,33.58118703816281,2.846049894151541
FR,evaluation,rf_depth_12_leaf_5,2024-09-06,24,97.86578734250543,47.43416490252569,50.431622439979776,101.42019044370915,4.743416490252569
FR,evaluation,rf_depth_12_leaf_5,2024-09-07,24,198.6378706717405,28.973665961010276,169.66420471073022,46.3317077807761,2.8973665961010275
FR,evaluation,rf_depth_12_leaf_5,2024-09-08,24,182.6756881614727,38.46049894151541,144.21518921995727,19.16420048501527,3.846049894151541
FR,evaluation,rf_depth_12_leaf_5,2024-09-09,24,278.6119162427788,38.46049894151541,240.1514173012634,32.67426193313537,3.8460498941515415
FR,evaluation,rf_depth_12_leaf_5,2024-09-10,24,260.57619697494204,46.94733192202055,213.6288650529215,9.283901786221094,4.694733192202055
FR,evaluation,rf_depth_12_leaf_5,2024-09-11,24,207.77463764376438,47.43416490252569,160.34047274123867,18.508213221165192,4.743416490252569
FR,evaluation,rf_depth_12_leaf_5,2024-09-12,24,222.91948216814586,47.43416490252569,175.4853172656202,58.75856334399421,4.743416490252569
FR,evaluation,rf_depth_12_leaf_5,2024-09-13,24,295.3901518063387,37.94733192202055,257.44281988431817,62.5524749850552,3.794733192202055
FR,evaluation,rf_depth_12_leaf_5,2024-09-14,24,156.99540642761383,27.973665961010276,129.02174046660355,17.90756375059439,2.7973665961010274
FR,evaluation,rf_depth_12_leaf_5,2024-09-15,24,114.13695647891609,38.46049894151541,75.67645753740067,27.697278361766507,3.846049894151541
FR,evaluation,rf_depth_12_leaf_5,2024-09-16,24,237.9468495722408,28.460498941515414,209.48635063072538,71.1226133304445,2.846049894151541
FR,evaluation,rf_depth_12_leaf_5,2024-09-17,24,153.30395715616467,37.94733192202055,115.35662523414412,13.93784615665571,3.794733192202055
FR,evaluation,rf_depth_12_leaf_5,2024-09-18,24,335.7060632243023,46.94733192202055,288.7587313022817,34.33563891116927,4.6947331922020545
FR,evaluation,rf_depth_12_leaf_5,2024-09-19,24,298.2823221604672,46.94733192202055,251.3349902384466,22.827921991462176,4.6947331922020545
FR,evaluation,rf_depth_12_leaf_5,2024-09-20,24,246.99656859471312,55.46049894151541,191.5360696531977,44.61533000484056,5.546049894151541
FR,evaluation,rf_depth_12_leaf_5,2024-09-21,24,104.00448563555392,37.94733192202055,66.05715371353335,112.0972550753728,3.794733192202055
FR,evaluation,rf_depth_12_leaf_5,2024-09-22,24,194.58374018575603,47.434164902525694,147.14957528323035,38.674057167565195,4.743416490252569
FR,evaluation,rf_depth_12_leaf_5,2024-09-23,24,257.52275125102483,47.94733192202055,209.57541932900426,26.734767430286723,4.794733192202055
FR,evaluation,rf_depth_12_leaf_5,2024-09-24,24,235.0096304828873,47.434164902525694,187.5754655803616,64.14024694115443,4.743416490252569
FR,evaluation,rf_depth_12_leaf_5,2024-09-25,24,183.63932236332676,46.46049894151541,137.17882342181133,20.645983461849283,4.646049894151542
FR,evaluation,rf_depth_12_leaf_5,2024-09-26,24,188.7392908017703,47.434164902525694,141.30512589924462,0.947444867224192,4.743416490252569
FR,evaluation,rf_depth_12_leaf_5,2024-09-27,24,136.6777713549163,47.43416490252569,89.24360645239058,49.592259798945335,4.743416490252569
FR,evaluation,rf_depth_12_leaf_5,2024-09-28,24,166.78129415664176,47.43416490252569,119.3471292541161,12.961485821139192,4.743416490252569
FR,evaluation,rf_depth_12_leaf_5,2024-09-29,24,91.9950280038254,28.460498941515414,63.53452906230998,54.3142883442279,2.846049894151541
FR,evaluation,rf_depth_12_leaf_5,2024-09-30,24,168.02419489252154,47.434164902525694,120.59002998999583,5.5663333272459425,4.743416490252569
FR,evaluation,rf_depth_12_leaf_5,2024-10-01,24,224.56731660756816,38.46049894151541,186.10681766605273,35.65096030630775,3.846049894151541
FR,evaluation,rf_depth_12_leaf_5,2024-10-02,24,140.78685589676957,38.46049894151541,102.32635695525417,27.28146215660658,3.846049894151541
FR,evaluation,rf_depth_12_leaf_5,2024-10-03,24,243.62481642206308,37.486832980505135,206.13798344155794,44.841904177896964,3.748683298050514
FR,evaluation,rf_depth_12_leaf_5,2024-10-04,24,218.0201984551918,37.94733192202055,180.0728665331713,9.250134762481082,3.794733192202055
FR,evaluation,rf_depth_12_leaf_5,2024-10-05,24,189.38465937691308,38.46049894151541,150.9241604353977,27.418520278262974,3.846049894151541
FR,evaluation,rf_depth_12_leaf_5,2024-10-06,24,124.79717580151265,38.46049894151541,86.33667685999725,32.55191382378989,3.846049894151541
FR,evaluation,rf_depth_12_leaf_5,2024-10-07,24,121.43534253204349,27.973665961010276,93.46167657103322,81.90490847770184,2.7973665961010274
FR,evaluation,rf_depth_12_leaf_5,2024-10-08,24,242.9051402209988,37.94733192202055,204.95780829897822,21.0445165969154,3.794733192202055
FR,evaluation,rf_depth_12_leaf_5,2024-10-09,24,158.04550211080164,47.43416490252569,110.61133720827593,23.773302157097845,4.743416490252569
FR,evaluation,rf_depth_12_leaf_5,2024-10-10,24,221.63346042688065,37.94733192202055,183.6861285048601,30.253055648815405,3.794733192202055
FR,evaluation,rf_depth_12_leaf_5,2024-10-11,24,167.07179247460041,47.0,120.07179247460041,97.10750379999837,4.699999999999999
FR,evaluation,rf_depth_12_leaf_5,2024-10-12,24,135.24234076995836,46.94733192202055,88.29500884793785,47.975825427231825,4.694733192202055
FR,evaluation,rf_depth_12_leaf_5,2024-10-13,24,96.64922025124353,46.46049894151541,50.18872130972813,18.482602286454828,4.646049894151541
FR,evaluation,rf_depth_12_leaf_5,2024-10-14,24,209.5066406042639,37.94733192202055,171.55930868224334,43.00652072128065,3.794733192202055
FR,evaluation,rf_depth_12_leaf_5,2024-10-15,24,118.59201615688795,37.94733192202055,80.6446842348674,87.70682829642054,3.794733192202055
FR,evaluation,rf_depth_12_leaf_5,2024-10-16,24,209.16778419543283,37.94733192202055,171.22045227341226,27.864870166914557,3.794733192202055
FR,evaluation,rf_depth_12_leaf_5,2024-10-17,24,54.083238676137285,46.46049894151541,7.6227397346218595,83.0379322770915,4.646049894151542
FR,evaluation,rf_depth_12_leaf_5,2024-10-18,24,152.31226195342666,37.94733192202055,114.36493003140609,60.34259220862435,3.794733192202055
FR,evaluation,rf_depth_12_leaf_5,2024-10-19,24,89.9303751246913,47.434164902525694,42.496210222165615,92.88233945801954,4.743416490252569
FR,evaluation,rf_depth_12_leaf_5,2024-10-20,24,47.95737848159191,37.486832980505135,10.470545501086775,77.08766959568797,3.748683298050514
FR,evaluation,rf_depth_12_leaf_5,2024-10-21,24,190.4192714208095,47.434164902525694,142.98510651828386,60.37511746394094,4.743416490252569
FR,evaluation,rf_depth_12_leaf_5,2024-10-22,24,196.69641154358254,47.43416490252569,149.26224664105683,32.643210898372956,4.743416490252569
FR,evaluation,rf_depth_12_leaf_5,2024-10-23,24,177.33034667368318,37.94733192202055,139.3830147516626,29.63596273955403,3.794733192202055
FR,evaluation,rf_depth_12_leaf_5,2024-10-24,24,164.04947290954965,37.46049894151541,126.58897396803425,62.96264774193955,3.7460498941515414
FR,evaluation,rf_depth_12_leaf_5,2024-10-25,24,84.48454572511861,37.46049894151541,47.02404678360321,72.31501238938242,3.7460498941515414
FR,evaluation,rf_depth_12_leaf_5,2024-10-26,24,53.95232039443066,36.97366596101027,16.978654433420388,51.32892666331857,3.697366596101027
FR,evaluation,rf_depth_12_leaf_5,2024-10-27,25,91.4431718758418,45.97366596101027,45.469505914831515,97.76024947075767,4.597366596101027
FR,evaluation,rf_depth_12_leaf_5,2024-10-28,24,73.15103783119187,38.46049894151541,34.690538889676475,114.73506364614758,3.8460498941515415
FR,evaluation,rf_depth_12_leaf_5,2024-10-29,24,129.75892332363884,46.947331922020545,82.81159140161827,105.90258414844254,4.6947331922020545
FR,evaluation,rf_depth_12_leaf_5,2024-10-30,24,132.11345802610037,45.97366596101027,86.13979206509009,59.30773969710987,4.597366596101027
FR,evaluation,rf_depth_12_leaf_5,2024-10-31,24,91.22252683280425,37.94733192202055,53.27519491078368,32.6375327720655,3.794733192202055
FR,evaluation,rf_depth_12_leaf_5,2024-11-01,24,83.11368717908044,47.434164902525694,35.67952227655479,54.01125248900729,4.743416490252569
FR,evaluation,rf_depth_12_leaf_5,2024-11-02,24,50.0208654443299,37.46049894151541,12.56036650281446,24.957378141953072,3.746049894151541
FR,evaluation,rf_depth_12_leaf_5,2024-11-03,24,85.34601924709159,37.97366596101027,47.37235328608131,71.00447382514082,3.7973665961010274
FR,evaluation,rf_depth_12_leaf_5,2024-11-04,24,95.13925095298316,37.94733192202055,57.19191903096262,49.26215275647854,3.794733192202055
FR,evaluation,rf_depth_12_leaf_5,2024-11-05,24,182.8018473762957,45.97366596101027,136.82818141528543,27.624065283521475,4.597366596101027
FR,evaluation,rf_depth_12_leaf_5,2024-11-06,24,87.94769327135396,46.46049894151541,41.48719432983853,55.822048859001995,4.646049894151542
FR,evaluation,rf_depth_12_leaf_5,2024-11-07,24,62.98745255837147,37.486832980505135,25.50061957786633,67.72122354326544,3.748683298050514
FR,evaluation,rf_depth_12_leaf_5,2024-11-08,24,25.211780650036843,18.0,7.211780650036843,23.959311814124334,1.7999999999999998
FR,evaluation,rf_depth_12_leaf_5,2024-11-09,24,-2.510241429825939,18.973665961010276,-21.483907390836222,38.93943514021953,1.8973665961010275
FR,evaluation,rf_depth_12_leaf_5,2024-11-10,24,-28.363779618945586,27.486832980505138,-55.85061259945073,75.39388563032095,2.748683298050514
FR,evaluation,rf_depth_12_leaf_5,2024-11-11,24,0.0,0.0,0.0,46.55307390441038,0.0
FR,evaluation,rf_depth_12_leaf_5,2024-11-12,24,74.6244790181097,9.486832980505138,65.13764603760455,83.49393937714808,0.9486832980505138
FR,evaluation,rf_depth_12_leaf_5,2024-11-13,24,57.203366484552305,9.486832980505138,47.71653350404716,65.38819132985128,0.9486832980505138
FR,evaluation,rf_depth_12_leaf_5,2024-11-14,24,51.8404744820981,18.973665961010276,32.86680852108782,33.14813946779145,1.8973665961010275
FR,evaluation,rf_depth_12_leaf_5,2024-11-15,24,13.778843645314609,9.486832980505138,4.292010664809467,42.60350745085565,0.9486832980505138
FR,evaluation,rf_depth_12_leaf_5,2024-11-16,24,1.301402170474077,9.486832980505138,-8.185430810031065,37.410887560717,0.9486832980505138
FR,evaluation,rf_depth_12_leaf_5,2024-11-17,24,24.840999999999994,9.0,15.840999999999994,78.97890666083022,0.8999999999999999
FR,evaluation,rf_depth_12_leaf_5,2024-11-18,24,70.70669278369557,9.486832980505138,61.21985980319043,55.87065823843814,0.9486832980505138
FR,evaluation,rf_depth_12_leaf_5,2024-11-19,24,167.14554812491102,18.973665961010276,148.17188216390073,41.21956482325618,1.8973665961010275
FR,evaluation,rf_depth_12_leaf_5,2024-11-20,24,65.89282775199979,18.973665961010276,46.919161790989506,59.68117654166423,1.8973665961010275
FR,evaluation,rf_depth_12_leaf_5,2024-11-21,24,43.495669410156125,18.0,25.495669410156125,17.886759844600746,1.7999999999999998
FR,evaluation,rf_depth_12_leaf_5,2024-11-22,24,56.54969540658544,18.973665961010276,37.576029445575145,45.75282210987247,1.8973665961010275
FR,evaluation,rf_depth_12_leaf_5,2024-11-23,24,22.62890574128761,18.973665961010276,3.655239780277327,141.96876792502047,1.8973665961010275
FR,evaluation,rf_depth_12_leaf_5,2024-11-24,24,34.144108318922505,28.973665961010276,5.170442357912224,29.513143251530053,2.8973665961010275
FR,evaluation,rf_depth_12_leaf_5,2024-11-25,24,135.18764471244964,28.973665961010276,106.21397875143937,42.97903240300427,2.8973665961010275
FR,evaluation,rf_depth_12_leaf_5,2024-11-26,24,129.91706393407037,46.46049894151541,83.45656499255489,28.214373737728124,4.646049894151542
FR,evaluation,rf_depth_12_leaf_5,2024-11-27,24,145.054032333026,28.460498941515414,116.59353339151059,83.99117174405521,2.846049894151541
FR,evaluation,rf_depth_12_leaf_5,2024-11-28,24,89.02462515911974,37.46049894151541,51.56412621760431,75.04321522658559,3.7460498941515414
FR,evaluation,rf_depth_12_leaf_5,2024-11-29,24,110.21233940026946,47.43416490252569,62.77817449774375,13.762195079094738,4.743416490252569
FR,evaluation,rf_depth_12_leaf_5,2024-11-30,24,58.61556853498735,37.94733192202055,20.66823661296678,18.690400814935686,3.794733192202055
FR,evaluation,rf_depth_12_leaf_5,2024-12-01,24,49.03757265836478,46.94733192202055,2.0902407363442705,46.780347216128206,4.6947331922020545
FR,evaluation,rf_depth_12_leaf_5,2024-12-02,24,105.24775578303156,37.0,68.24775578303156,52.318262380264756,3.6999999999999997
FR,evaluation,rf_depth_12_leaf_5,2024-12-03,24,51.873762659056354,28.486832980505135,23.386929678551212,98.53104730674471,2.8486832980505135
FR,evaluation,rf_depth_12_leaf_5,2024-12-04,24,14.086866330471958,19.486832980505138,-5.399966650033184,219.48046057084193,1.9486832980505138
FR,evaluation,rf_depth_12_leaf_5,2024-12-05,24,-43.23285061863076,18.0,-61.23285061863076,151.58799269203763,1.7999999999999998
FR,evaluation,rf_depth_12_leaf_5,2024-12-06,24,0.0,0.0,0.0,154.98218143552344,0.0
FR,evaluation,rf_depth_12_leaf_5,2024-12-07,24,27.579041946506276,18.0,9.57904194650628,87.51370849246642,1.7999999999999998
FR,evaluation,rf_depth_12_leaf_5,2024-12-08,24,73.75888010171809,27.973665961010273,45.78521414070781,16.397671902247225,2.7973665961010274
FR,evaluation,rf_depth_12_leaf_5,2024-12-09,24,149.8766645385105,27.973665961010273,121.90299857750026,58.839018368131605,2.7973665961010274
FR,evaluation,rf_depth_12_leaf_5,2024-12-10,24,145.2152683467856,47.434164902525694,97.78110344425988,19.357527899432114,4.743416490252569
FR,evaluation,rf_depth_12_leaf_5,2024-12-11,24,336.5100640678327,47.434164902525694,289.07589916530696,51.587631475478474,4.743416490252569
FR,evaluation,rf_depth_12_leaf_5,2024-12-12,24,28.29849493067448,36.97366596101027,-8.675171030335804,354.88267989135613,3.6973665961010274
FR,evaluation,rf_depth_12_leaf_5,2024-12-13,24,67.34874914836644,37.48683298050514,29.861916167861295,328.8019004548719,3.748683298050514
FR,evaluation,rf_depth_12_leaf_5,2024-12-14,24,6.147054673498403,18.486832980505138,-12.339778307006739,30.98230105196997,1.8486832980505137
FR,evaluation,rf_depth_12_leaf_5,2024-12-15,24,12.831367852265494,18.973665961010276,-6.142298108744789,90.38910919793597,1.8973665961010275
FR,evaluation,rf_depth_12_leaf_5,2024-12-16,24,77.3263059073291,18.0,59.32630590732909,42.453351226968984,1.7999999999999998
FR,evaluation,rf_depth_12_leaf_5,2024-12-17,24,39.27059792380031,9.486832980505138,29.783764943295168,64.19754632432586,0.9486832980505138
FR,evaluation,rf_depth_12_leaf_5,2024-12-18,24,57.15272072878311,9.486832980505138,47.66588774827797,85.63348190457269,0.9486832980505138
FR,evaluation,rf_depth_12_leaf_5,2024-12-19,24,65.83037040210664,9.486832980505138,56.343537421601496,68.14083065672494,0.9486832980505138
FR,evaluation,rf_depth_12_leaf_5,2024-12-20,24,124.2909810326612,27.973665961010276,96.31731507165091,49.10454336382628,2.7973665961010274
FR,evaluation,rf_depth_12_leaf_5,2024-12-21,24,51.39381956101923,27.973665961010276,23.420153600008945,17.312886342064743,2.7973665961010274
FR,evaluation,rf_depth_12_leaf_5,2024-12-22,24,92.4533365715565,37.94733192202055,54.50600464953598,33.15102556553299,3.794733192202055
FR,evaluation,rf_depth_12_leaf_5,2024-12-23,24,95.38727351951658,18.973665961010276,76.4136075585063,26.198182202053744,1.8973665961010275
FR,evaluation,rf_depth_12_leaf_5,2024-12-24,24,25.650904729446268,27.973665961010276,-2.322761231563959,34.791344104591985,2.7973665961010274
FR,evaluation,rf_depth_12_leaf_5,2024-12-25,24,16.800067212929605,37.94733192202055,-21.147264709090962,45.61554990427048,3.794733192202055
FR,evaluation,rf_depth_12_leaf_5,2024-12-26,24,39.49333177197181,18.973665961010276,20.519665810961527,6.4038401779065595,1.8973665961010275
FR,evaluation,rf_depth_12_leaf_5,2024-12-27,24,59.339247915483526,18.486832980505135,40.852414934978384,9.46310464267438,1.8486832980505137
FR,evaluation,rf_depth_12_leaf_5,2024-12-28,24,42.62627271251054,18.973665961010276,23.652606751500258,3.3901936161192054,1.8973665961010275
FR,evaluation,rf_depth_12_leaf_5,2024-12-29,24,37.424562574500385,45.97366596101027,-8.549103386509898,39.575999999999965,4.597366596101027
FR,evaluation,rf_depth_12_leaf_5,2024-12-30,24,35.75525404428146,28.460498941515414,7.2947551027660325,32.31889698861207,2.846049894151541
FR,evaluation,rf_depth_12_leaf_5,2024-12-31,24,11.847194572186126,9.486832980505138,2.3603615916809844,80.4137068966631,0.9486832980505138
FR,evaluation,perfect_foresight,2024-09-01,24,216.17934853103048,27.973665961010276,188.2056825700202,0.0,2.7973665961010274
FR,evaluation,perfect_foresight,2024-09-02,24,120.04003340162949,37.46049894151541,82.57953446011408,0.0,3.7460498941515414
FR,evaluation,perfect_foresight,2024-09-03,24,105.16997887817985,28.460498941515414,76.70947993666442,0.0,2.846049894151541
FR,evaluation,perfect_foresight,2024-09-04,24,120.83430243992103,46.947331922020545,73.88697051790047,0.0,4.6947331922020545
FR,evaluation,perfect_foresight,2024-09-05,24,157.1863004720128,45.97366596101027,111.2126345110025,0.0,4.597366596101027
FR,evaluation,perfect_foresight,2024-09-06,24,189.33864586419404,37.486832980505135,151.85181288368892,0.0,3.748683298050514
FR,evaluation,perfect_foresight,2024-09-07,24,262.9432444135269,46.947331922020545,215.99591249150632,0.0,4.6947331922020545
FR,evaluation,perfect_foresight,2024-09-08,24,182.86622268547768,19.486832980505138,163.37938970497254,0.0,1.9486832980505138
FR,evaluation,perfect_foresight,2024-09-09,24,319.2861781759142,46.46049894151541,272.82567923439876,0.0,4.646049894151541
FR,evaluation,perfect_foresight,2024-09-10,24,270.34693174166824,47.434164902525694,222.9127668391426,0.0,4.743416490252569
FR,evaluation,perfect_foresight,2024-09-11,24,216.79601788442443,37.94733192202055,178.84868596240386,0.0,3.794733192202055
FR,evaluation,perfect_foresight,2024-09-12,24,271.2175465706247,36.97366596101027,234.24388060961442,0.0,3.6973665961010274
FR,evaluation,perfect_foresight,2024-09-13,24,366.9426267913939,46.94733192202055,319.99529486937337,0.0,4.694733192202055
FR,evaluation,perfect_foresight,2024-09-14,24,175.90297017820822,28.973665961010276,146.92930421719794,0.0,2.8973665961010275
FR,evaluation,perfect_foresight,2024-09-15,24,132.34740186017746,28.973665961010276,103.37373589916717,0.0,2.8973665961010275
FR,evaluation,perfect_foresight,2024-09-16,24,328.04312886369553,47.434164902525694,280.6089639611699,0.0,4.743416490252569
FR,evaluation,perfect_foresight,2024-09-17,24,167.24180331282037,37.94733192202055,129.29447139079983,0.0,3.794733192202055
FR,evaluation,perfect_foresight,2024-09-18,24,371.04170213547155,47.94733192202055,323.094370213451,0.0,4.794733192202055
FR,evaluation,perfect_foresight,2024-09-19,24,321.5970771324345,47.434164902525694,274.1629122299088,0.0,4.743416490252569
FR,evaluation,perfect_foresight,2024-09-20,24,284.0987315800588,47.94733192202055,236.15139965803826,0.0,4.794733192202055
FR,evaluation,perfect_foresight,2024-09-21,24,235.64124176941127,57.486832980505135,178.15440878890615,0.0,5.748683298050514
FR,evaluation,perfect_foresight,2024-09-22,24,223.7709643728161,37.94733192202055,185.82363245079554,0.0,3.794733192202055
FR,evaluation,perfect_foresight,2024-09-23,24,274.2575186813115,37.94733192202055,236.31018675929099,0.0,3.794733192202055
FR,evaluation,perfect_foresight,2024-09-24,24,299.14987742404173,47.434164902525694,251.71571252151602,0.0,4.743416490252569
FR,evaluation,perfect_foresight,2024-09-25,24,196.285305825176,38.46049894151541,157.8248068836606,0.0,3.8460498941515415
FR,evaluation,perfect_foresight,2024-09-26,24,189.19990268848935,46.94733192202055,142.2525707664688,0.0,4.6947331922020545
FR,evaluation,perfect_foresight,2024-09-27,24,176.78319817335648,37.94733192202055,138.83586625133591,0.0,3.794733192202055
FR,evaluation,perfect_foresight,2024-09-28,24,170.25594699727583,37.94733192202055,132.3086150752553,0.0,3.794733192202055
FR,evaluation,perfect_foresight,2024-09-29,24,154.82248336754816,36.97366596101027,117.84881740653788,0.0,3.6973665961010274
FR,evaluation,perfect_foresight,2024-09-30,24,164.10369523926232,37.94733192202055,126.15636331724177,0.0,3.794733192202055
FR,evaluation,perfect_foresight,2024-10-01,24,259.70510989438105,37.94733192202055,221.7577779723605,0.0,3.794733192202055
FR,evaluation,perfect_foresight,2024-10-02,24,176.06831805337617,46.46049894151541,129.60781911186075,0.0,4.646049894151541
FR,evaluation,perfect_foresight,2024-10-03,24,298.4140525219806,47.434164902525694,250.9798876194549,0.0,4.743416490252569
FR,evaluation,perfect_foresight,2024-10-04,24,227.27033321767294,37.94733192202055,189.32300129565238,0.0,3.794733192202055
FR,evaluation,perfect_foresight,2024-10-05,24,215.8031796551761,37.46049894151541,178.34268071366068,0.0,3.7460498941515414
FR,evaluation,perfect_foresight,2024-10-06,24,156.37542366429227,37.48683298050514,118.88859068378714,0.0,3.748683298050514
FR,evaluation,perfect_foresight,2024-10-07,24,213.31391697075563,37.94733192202055,175.36658504873506,0.0,3.794733192202055
FR,evaluation,perfect_foresight,2024-10-08,24,273.43648979841925,47.43416490252569,226.00232489589362,0.0,4.743416490252569
FR,evaluation,perfect_foresight,2024-10-09,24,181.33197128739434,46.947331922020545,134.38463936537377,0.0,4.6947331922020545
FR,evaluation,perfect_foresight,2024-10-10,24,251.88651607569605,37.94733192202055,213.9391841536755,0.0,3.794733192202055
FR,evaluation,perfect_foresight,2024-10-11,24,255.12662819661935,37.94733192202055,217.17929627459878,0.0,3.794733192202055
FR,evaluation,perfect_foresight,2024-10-12,24,183.70499917769533,47.434164902525694,136.27083427516968,0.0,4.743416490252569
FR,evaluation,perfect_foresight,2024-10-13,24,88.67132359618296,20.0,68.67132359618296,0.0,2.0
FR,evaluation,perfect_foresight,2024-10-14,24,252.51316132554456,37.94733192202055,214.565829403524,0.0,3.794733192202055
FR,evaluation,perfect_foresight,2024-10-15,24,214.81201147280336,46.46049894151541,168.35151253128794,0.0,4.646049894151542
FR,evaluation,perfect_foresight,2024-10-16,24,246.51948734285253,47.434164902525694,199.08532244032682,0.0,4.743416490252569
FR,evaluation,perfect_foresight,2024-10-17,24,119.63433797272364,28.973665961010276,90.66067201171336,0.0,2.8973665961010275
FR,evaluation,perfect_foresight,2024-10-18,24,221.1680211815458,46.46049894151541,174.70752224003044,0.0,4.646049894151542
FR,evaluation,perfect_foresight,2024-10-19,24,173.32588160220573,37.94733192202055,135.37854968018516,0.0,3.794733192202055
FR,evaluation,perfect_foresight,2024-10-20,24,116.01871403829017,28.460498941515414,87.55821509677475,0.0,2.846049894151541
FR,evaluation,perfect_foresight,2024-10-21,24,241.30755590424536,37.94733192202055,203.3602239822248,0.0,3.794733192202055
FR,evaluation,perfect_foresight,2024-10-22,24,219.85278946145036,37.94733192202055,181.9054575394298,0.0,3.794733192202055
FR,evaluation,perfect_foresight,2024-10-23,24,206.479476432732,37.46049894151541,169.01897749121665,0.0,3.7460498941515414
FR,evaluation,perfect_foresight,2024-10-24,24,235.52528767098408,45.97366596101027,189.5516217099738,0.0,4.597366596101027
FR,evaluation,perfect_foresight,2024-10-25,24,166.77322407551134,47.434164902525694,119.33905917298563,0.0,4.743416490252569
FR,evaluation,perfect_foresight,2024-10-26,24,106.28124705774923,37.973665961010276,68.30758109673896,0.0,3.7973665961010274
FR,evaluation,perfect_foresight,2024-10-27,25,190.17708730760975,46.94733192202055,143.2297553855892,0.0,4.6947331922020545
FR,evaluation,perfect_foresight,2024-10-28,24,196.85976743834976,47.43416490252569,149.42560253582405,0.0,4.743416490252569
FR,evaluation,perfect_foresight,2024-10-29,24,235.17467449157624,46.46049894151541,188.71417555006082,0.0,4.646049894151541
FR,evaluation,perfect_foresight,2024-10-30,24,191.90803070371533,46.46049894151541,145.44753176219996,0.0,4.646049894151542
FR,evaluation,perfect_foresight,2024-10-31,24,123.86005960486975,37.94733192202055,85.91272768284918,0.0,3.794733192202055
FR,evaluation,perfect_foresight,2024-11-01,24,117.66444072657237,27.973665961010273,89.69077476556208,0.0,2.7973665961010274
FR,evaluation,perfect_foresight,2024-11-02,24,56.491410605777816,18.973665961010276,37.51774464476753,0.0,1.8973665961010275
FR,evaluation,perfect_foresight,2024-11-03,24,137.86366009172727,19.486832980505138,118.37682711122213,0.0,1.9486832980505138
FR,evaluation,perfect_foresight,2024-11-04,24,144.40140370946173,37.94733192202055,106.45407178744117,0.0,3.794733192202055
FR,evaluation,perfect_foresight,2024-11-05,24,202.39957862082747,37.94733192202055,164.4522466988069,0.0,3.794733192202055
FR,evaluation,perfect_foresight,2024-11-06,24,126.28290914985081,28.973665961010276,97.30924318884053,0.0,2.8973665961010275
FR,evaluation,perfect_foresight,2024-11-07,24,130.19550908214205,36.973665961010276,93.22184312113177,0.0,3.6973665961010274
FR,evaluation,perfect_foresight,2024-11-08,24,59.65792544466632,28.486832980505135,31.171092464161177,0.0,2.8486832980505135
FR,evaluation,perfect_foresight,2024-11-09,24,35.94236072988846,18.486832980505135,17.455527749383307,0.0,1.8486832980505137
FR,evaluation,perfect_foresight,2024-11-10,24,38.030106011375366,18.486832980505138,19.543273030870225,0.0,1.8486832980505137
FR,evaluation,perfect_foresight,2024-11-11,24,75.01357284592581,28.460498941515414,46.55307390441038,0.0,2.846049894151541
FR,evaluation,perfect_foresight,2024-11-12,24,187.09208435626806,38.46049894151541,148.63158541475264,0.0,3.846049894151541
FR,evaluation,perfect_foresight,2024-11-13,24,150.07839079490873,36.973665961010276,113.10472483389844,0.0,3.6973665961010274
FR,evaluation,perfect_foresight,2024-11-14,24,84.98861394988955,18.973665961010276,66.01494798887927,0.0,1.8973665961010275
FR,evaluation,perfect_foresight,2024-11-15,24,65.8691840766754,18.973665961010276,46.89551811566512,0.0,1.8973665961010275
FR,evaluation,perfect_foresight,2024-11-16,24,48.19912271169622,18.973665961010276,29.225456750685936,0.0,1.8973665961010275
FR,evaluation,perfect_foresight,2024-11-17,24,132.28040560234564,37.46049894151541,94.81990666083021,0.0,3.7460498941515414
FR,evaluation,perfect_foresight,2024-11-18,24,144.5773510221337,27.486832980505135,117.09051804162857,0.0,2.748683298050514
FR,evaluation,perfect_foresight,2024-11-19,24,226.85194592867228,37.46049894151541,189.3914469871569,0.0,3.7460498941515414
FR,evaluation,perfect_foresight,2024-11-20,24,153.0608372741691,46.46049894151541,106.60033833265373,0.0,4.646049894151541
FR,evaluation,perfect_foresight,2024-11-21,24,62.356095215767155,18.973665961010276,43.38242925475687,0.0,1.8973665961010275
FR,evaluation,perfect_foresight,2024-11-22,24,129.30251751645784,45.97366596101027,83.32885155544761,0.0,4.597366596101027
FR,evaluation,perfect_foresight,2024-11-23,24,183.08450664681322,37.46049894151541,145.6240077052978,0.0,3.7460498941515414
FR,evaluation,perfect_foresight,2024-11-24,24,63.144084550957686,28.460498941515414,34.683585609442275,0.0,2.846049894151541
FR,evaluation,perfect_foresight,2024-11-25,24,168.1666771154539,18.973665961010276,149.19301115444364,0.0,1.8973665961010275
FR,evaluation,perfect_foresight,2024-11-26,24,149.61827065230358,37.94733192202055,111.67093873028301,0.0,3.794733192202055
FR,evaluation,perfect_foresight,2024-11-27,24,248.0188700380915,47.434164902525694,200.5847051355658,0.0,4.743416490252569
FR,evaluation,perfect_foresight,2024-11-28,24,164.55467336621047,37.94733192202055,126.6073414441899,0.0,3.794733192202055
FR,evaluation,perfect_foresight,2024-11-29,24,114.00086851835385,37.46049894151541,76.54036957683849,0.0,3.7460498941515414
FR,evaluation,perfect_foresight,2024-11-30,24,67.8454704084076,28.486832980505135,39.358637427902465,0.0,2.8486832980505135
FR,evaluation,perfect_foresight,2024-12-01,24,85.35742093297756,36.48683298050514,48.870587952472476,0.0,3.6486832980505137
FR,evaluation,perfect_foresight,2024-12-02,24,149.02651710481175,28.460498941515414,120.56601816329632,0.0,2.846049894151541
FR,evaluation,perfect_foresight,2024-12-03,24,140.8916429463062,18.973665961010276,121.91797698529592,0.0,1.8973665961010275
FR,evaluation,perfect_foresight,2024-12-04,24,252.02782584282932,37.94733192202055,214.08049392080875,0.0,3.794733192202055
FR,evaluation,perfect_foresight,2024-12-05,24,117.841975053912,27.486832980505135,90.35514207340685,0.0,2.748683298050514
FR,evaluation,perfect_foresight,2024-12-06,24,191.46901441602859,36.486832980505135,154.98218143552344,0.0,3.6486832980505133
FR,evaluation,perfect_foresight,2024-12-07,24,153.5532493804881,56.46049894151541,97.0927504389727,0.0,5.646049894151542
FR,evaluation,perfect_foresight,2024-12-08,24,89.66971902346017,27.486832980505138,62.18288604295503,0.0,2.748683298050514
FR,evaluation,perfect_foresight,2024-12-09,24,227.20251588714723,46.46049894151541,180.74201694563186,0.0,4.646049894151542
FR,evaluation,perfect_foresight,2024-12-10,24,154.11229730470228,36.973665961010276,117.138631343692,0.0,3.6973665961010274
FR,evaluation,perfect_foresight,2024-12-11,24,378.610862562806,37.94733192202055,340.66353064078544,0.0,3.794733192202055
FR,evaluation,perfect_foresight,2024-12-12,24,384.15484078304087,37.94733192202055,346.2075088610203,0.0,3.794733192202055
FR,evaluation,perfect_foresight,2024-12-13,24,396.61114854475375,37.94733192202055,358.6638166227332,0.0,3.794733192202055
FR,evaluation,perfect_foresight,2024-12-14,24,47.103021686478655,28.460498941515414,18.64252274496323,0.0,2.846049894151541
FR,evaluation,perfect_foresight,2024-12-15,24,112.7073100307066,28.460498941515414,84.24681108919117,0.0,2.846049894151541
FR,evaluation,perfect_foresight,2024-12-16,24,129.75332309530836,27.973665961010276,101.77965713429808,0.0,2.7973665961010274
FR,evaluation,perfect_foresight,2024-12-17,24,112.95497722863131,18.973665961010276,93.98131126762102,0.0,1.8973665961010275
FR,evaluation,perfect_foresight,2024-12-18,24,161.75986859436605,28.460498941515414,133.29936965285066,0.0,2.846049894151541
FR,evaluation,perfect_foresight,2024-12-19,24,170.94486701984187,46.46049894151541,124.48436807832644,0.0,4.646049894151541
FR,evaluation,perfect_foresight,2024-12-20,24,183.88235737699262,38.46049894151541,145.4218584354772,0.0,3.846049894151541
FR,evaluation,perfect_foresight,2024-12-21,24,59.70670590308396,18.973665961010276,40.73303994207369,0.0,1.8973665961010275
FR,evaluation,perfect_foresight,2024-12-22,24,115.63069617607925,27.973665961010276,87.65703021506897,0.0,2.7973665961010274
FR,evaluation,perfect_foresight,2024-12-23,24,112.09862274106518,9.486832980505138,102.61178976056004,0.0,0.9486832980505138
FR,evaluation,perfect_foresight,2024-12-24,24,51.44224883403831,18.973665961010276,32.468582873028026,0.0,1.8973665961010275
FR,evaluation,perfect_foresight,2024-12-25,24,33.95511817568466,9.486832980505138,24.46828519517952,0.0,0.9486832980505138
FR,evaluation,perfect_foresight,2024-12-26,24,36.41033896937323,9.486832980505138,26.923505988868087,0.0,0.9486832980505138
FR,evaluation,perfect_foresight,2024-12-27,24,88.26285149967333,37.94733192202055,50.315519577652765,0.0,3.794733192202055
FR,evaluation,perfect_foresight,2024-12-28,24,45.529633348124605,18.486832980505135,27.042800367619463,0.0,1.8486832980505137
FR,evaluation,perfect_foresight,2024-12-29,24,59.00056257450035,27.973665961010273,31.026896613490067,0.0,2.7973665961010274
FR,evaluation,perfect_foresight,2024-12-30,24,49.10048507188324,9.486832980505138,39.6136520913781,0.0,0.9486832980505138
FR,evaluation,perfect_foresight,2024-12-31,24,111.23456742985951,28.460498941515414,82.77406848834408,0.0,2.846049894151541
